file,time,date,processed_time
X:\OdontoceteClicks\clicks\2020\05\MARS_20200501_000219.wav_clicks.jld2,2020-05-01T00:02:19.0,2020-05-01,2020-05-23T14:07:08.037
X:\OdontoceteClicks\clicks\2020\05\MARS_20200501_001219.wav_clicks.jld2,2020-05-01T00:12:19.0,2020-05-01,2020-05-23T14:07:07.987
X:\OdontoceteClicks\clicks\2020\05\MARS_20200501_002219.wav_clicks.jld2,2020-05-01T00:22:19.0,2020-05-01,2020-05-23T14:07:28.883
X:\OdontoceteClicks\clicks\2020\05\MARS_20200501_003219.wav_clicks.jld2,2020-05-01T00:32:19.0,2020-05-01,2020-05-23T14:07:32.398
X:\OdontoceteClicks\clicks\2020\05\MARS_20200501_004219.wav_clicks.jld2,2020-05-01T00:42:19.0,2020-05-01,2020-05-23T14:07:50.214
X:\OdontoceteClicks\clicks\2020\05\MARS_20200501_005219.wav_clicks.jld2,2020-05-01T00:52:19.0,2020-05-01,2020-05-23T14:07:53.021
X:\OdontoceteClicks\clicks\2020\05\MARS_20200501_010219.wav_clicks.jld2,2020-05-01T01:02:19.0,2020-05-01,2020-05-23T14:08:10.834
X:\OdontoceteClicks\clicks\2020\05\MARS_20200501_011219.wav_clicks.jld2,2020-05-01T01:12:19.0,2020-05-01,2020-05-23T14:08:14.815
X:\OdontoceteClicks\clicks\2020\05\MARS_20200501_012219.wav_clicks.jld2,2020-05-01T01:22:19.0,2020-05-01,2020-05-23T14:08:32.293
X:\OdontoceteClicks\clicks\2020\05\MARS_20200501_013219.wav_clicks.jld2,2020-05-01T01:32:19.0,2020-05-01,2020-05-23T14:08:35.448
X:\OdontoceteClicks\clicks\2020\05\MARS_20200501_014219.wav_clicks.jld2,2020-05-01T01:42:19.0,2020-05-01,2020-05-23T14:08:52.729
X:\OdontoceteClicks\clicks\2020\05\MARS_20200501_015219.wav_clicks.jld2,2020-05-01T01:52:19.0,2020-05-01,2020-05-23T14:08:58.236
X:\OdontoceteClicks\clicks\2020\05\MARS_20200501_020219.wav_clicks.jld2,2020-05-01T02:02:19.0,2020-05-01,2020-05-23T14:09:14.301
X:\OdontoceteClicks\clicks\2020\05\MARS_20200501_021219.wav_clicks.jld2,2020-05-01T02:12:19.0,2020-05-01,2020-05-23T14:09:21.593
X:\OdontoceteClicks\clicks\2020\05\MARS_20200501_022219.wav_clicks.jld2,2020-05-01T02:22:19.0,2020-05-01,2020-05-23T14:09:35.726
X:\OdontoceteClicks\clicks\2020\05\MARS_20200501_023219.wav_clicks.jld2,2020-05-01T02:32:19.0,2020-05-01,2020-05-23T14:09:45.787
X:\OdontoceteClicks\clicks\2020\05\MARS_20200501_024219.wav_clicks.jld2,2020-05-01T02:42:19.0,2020-05-01,2020-05-23T14:09:58.766
X:\OdontoceteClicks\clicks\2020\05\MARS_20200501_025219.wav_clicks.jld2,2020-05-01T02:52:19.0,2020-05-01,2020-05-23T14:10:06.539
X:\OdontoceteClicks\clicks\2020\05\MARS_20200501_030219.wav_clicks.jld2,2020-05-01T03:02:19.0,2020-05-01,2020-05-23T14:10:20.615
X:\OdontoceteClicks\clicks\2020\05\MARS_20200501_031219.wav_clicks.jld2,2020-05-01T03:12:19.0,2020-05-01,2020-05-23T14:10:27.269
X:\OdontoceteClicks\clicks\2020\05\MARS_20200501_032219.wav_clicks.jld2,2020-05-01T03:22:19.0,2020-05-01,2020-05-23T14:10:43.34
X:\OdontoceteClicks\clicks\2020\05\MARS_20200501_033219.wav_clicks.jld2,2020-05-01T03:32:19.0,2020-05-01,2020-05-23T14:10:52.271
X:\OdontoceteClicks\clicks\2020\05\MARS_20200501_034219.wav_clicks.jld2,2020-05-01T03:42:19.0,2020-05-01,2020-05-23T14:11:03.336
X:\OdontoceteClicks\clicks\2020\05\MARS_20200501_035219.wav_clicks.jld2,2020-05-01T03:52:19.0,2020-05-01,2020-05-23T14:11:12.852
X:\OdontoceteClicks\clicks\2020\05\MARS_20200501_040219.wav_clicks.jld2,2020-05-01T04:02:19.0,2020-05-01,2020-05-23T14:11:23.686
X:\OdontoceteClicks\clicks\2020\05\MARS_20200501_041219.wav_clicks.jld2,2020-05-01T04:12:19.0,2020-05-01,2020-05-23T14:11:33.748
X:\OdontoceteClicks\clicks\2020\05\MARS_20200501_042219.wav_clicks.jld2,2020-05-01T04:22:19.0,2020-05-01,2020-05-23T14:11:47.496
X:\OdontoceteClicks\clicks\2020\05\MARS_20200501_043219.wav_clicks.jld2,2020-05-01T04:32:19.0,2020-05-01,2020-05-23T14:11:54.727
X:\OdontoceteClicks\clicks\2020\05\MARS_20200501_044219.wav_clicks.jld2,2020-05-01T04:42:19.0,2020-05-01,2020-05-23T14:12:12.023
X:\OdontoceteClicks\clicks\2020\05\MARS_20200501_045219.wav_clicks.jld2,2020-05-01T04:52:19.0,2020-05-01,2020-05-23T14:12:15.476
X:\OdontoceteClicks\clicks\2020\05\MARS_20200501_050219.wav_clicks.jld2,2020-05-01T05:02:19.0,2020-05-01,2020-05-23T14:12:32.788
X:\OdontoceteClicks\clicks\2020\05\MARS_20200501_051219.wav_clicks.jld2,2020-05-01T05:12:19.0,2020-05-01,2020-05-23T14:12:36.874
X:\OdontoceteClicks\clicks\2020\05\MARS_20200501_052219.wav_clicks.jld2,2020-05-01T05:22:19.0,2020-05-01,2020-05-23T14:12:55.655
X:\OdontoceteClicks\clicks\2020\05\MARS_20200501_053219.wav_clicks.jld2,2020-05-01T05:32:19.0,2020-05-01,2020-05-23T14:12:58.758
X:\OdontoceteClicks\clicks\2020\05\MARS_20200501_054219.wav_clicks.jld2,2020-05-01T05:42:19.0,2020-05-01,2020-05-23T14:13:17.649
X:\OdontoceteClicks\clicks\2020\05\MARS_20200501_055219.wav_clicks.jld2,2020-05-01T05:52:19.0,2020-05-01,2020-05-23T14:13:23.376
X:\OdontoceteClicks\clicks\2020\05\MARS_20200501_060219.wav_clicks.jld2,2020-05-01T06:02:19.0,2020-05-01,2020-05-23T14:13:39.76
X:\OdontoceteClicks\clicks\2020\05\MARS_20200501_061219.wav_clicks.jld2,2020-05-01T06:12:19.0,2020-05-01,2020-05-23T14:13:44.671
X:\OdontoceteClicks\clicks\2020\05\MARS_20200501_062219.wav_clicks.jld2,2020-05-01T06:22:19.0,2020-05-01,2020-05-23T14:14:00.269
X:\OdontoceteClicks\clicks\2020\05\MARS_20200501_063219.wav_clicks.jld2,2020-05-01T06:32:19.0,2020-05-01,2020-05-23T14:14:05.9
X:\OdontoceteClicks\clicks\2020\05\MARS_20200501_064219.wav_clicks.jld2,2020-05-01T06:42:19.0,2020-05-01,2020-05-23T14:14:21.815
X:\OdontoceteClicks\clicks\2020\05\MARS_20200501_065219.wav_clicks.jld2,2020-05-01T06:52:19.0,2020-05-01,2020-05-23T14:14:28.782
X:\OdontoceteClicks\clicks\2020\05\MARS_20200501_070219.wav_clicks.jld2,2020-05-01T07:02:19.0,2020-05-01,2020-05-23T14:14:44.64
X:\OdontoceteClicks\clicks\2020\05\MARS_20200501_071219.wav_clicks.jld2,2020-05-01T07:12:19.0,2020-05-01,2020-05-23T14:14:50.572
X:\OdontoceteClicks\clicks\2020\05\MARS_20200501_072219.wav_clicks.jld2,2020-05-01T07:22:19.0,2020-05-01,2020-05-23T14:15:05.222
X:\OdontoceteClicks\clicks\2020\05\MARS_20200501_073219.wav_clicks.jld2,2020-05-01T07:32:19.0,2020-05-01,2020-05-23T14:15:14.033
X:\OdontoceteClicks\clicks\2020\05\MARS_20200501_074219.wav_clicks.jld2,2020-05-01T07:42:19.0,2020-05-01,2020-05-23T14:15:28.284
X:\OdontoceteClicks\clicks\2020\05\MARS_20200501_075219.wav_clicks.jld2,2020-05-01T07:52:19.0,2020-05-01,2020-05-23T14:15:37.139
X:\OdontoceteClicks\clicks\2020\05\MARS_20200501_080219.wav_clicks.jld2,2020-05-01T08:02:19.0,2020-05-01,2020-05-23T14:15:51.652
X:\OdontoceteClicks\clicks\2020\05\MARS_20200501_081219.wav_clicks.jld2,2020-05-01T08:12:19.0,2020-05-01,2020-05-23T14:15:58.687
X:\OdontoceteClicks\clicks\2020\05\MARS_20200501_082219.wav_clicks.jld2,2020-05-01T08:22:19.0,2020-05-01,2020-05-23T14:16:11.43
X:\OdontoceteClicks\clicks\2020\05\MARS_20200501_083219.wav_clicks.jld2,2020-05-01T08:32:19.0,2020-05-01,2020-05-23T14:16:19.658
X:\OdontoceteClicks\clicks\2020\05\MARS_20200501_084219.wav_clicks.jld2,2020-05-01T08:42:19.0,2020-05-01,2020-05-23T14:16:32.646
X:\OdontoceteClicks\clicks\2020\05\MARS_20200501_085219.wav_clicks.jld2,2020-05-01T08:52:19.0,2020-05-01,2020-05-23T14:16:40.973
X:\OdontoceteClicks\clicks\2020\05\MARS_20200501_090219.wav_clicks.jld2,2020-05-01T09:02:19.0,2020-05-01,2020-05-23T14:16:53.021
X:\OdontoceteClicks\clicks\2020\05\MARS_20200501_091219.wav_clicks.jld2,2020-05-01T09:12:19.0,2020-05-01,2020-05-23T14:17:02.309
X:\OdontoceteClicks\clicks\2020\05\MARS_20200501_092219.wav_clicks.jld2,2020-05-01T09:22:19.0,2020-05-01,2020-05-23T14:17:18.402
X:\OdontoceteClicks\clicks\2020\05\MARS_20200501_093219.wav_clicks.jld2,2020-05-01T09:32:19.0,2020-05-01,2020-05-23T14:17:23.98
X:\OdontoceteClicks\clicks\2020\05\MARS_20200501_094219.wav_clicks.jld2,2020-05-01T09:42:19.0,2020-05-01,2020-05-23T14:17:38.664
X:\OdontoceteClicks\clicks\2020\05\MARS_20200501_095219.wav_clicks.jld2,2020-05-01T09:52:19.0,2020-05-01,2020-05-23T14:17:44.179
X:\OdontoceteClicks\clicks\2020\05\MARS_20200501_100219.wav_clicks.jld2,2020-05-01T10:02:19.0,2020-05-01,2020-05-23T14:17:59.04
X:\OdontoceteClicks\clicks\2020\05\MARS_20200501_101219.wav_clicks.jld2,2020-05-01T10:12:19.0,2020-05-01,2020-05-23T14:18:05.884
X:\OdontoceteClicks\clicks\2020\05\MARS_20200501_102219.wav_clicks.jld2,2020-05-01T10:22:19.0,2020-05-01,2020-05-23T14:18:21.959
X:\OdontoceteClicks\clicks\2020\05\MARS_20200501_103219.wav_clicks.jld2,2020-05-01T10:32:19.0,2020-05-01,2020-05-23T14:18:27.806
X:\OdontoceteClicks\clicks\2020\05\MARS_20200501_104219.wav_clicks.jld2,2020-05-01T10:42:19.0,2020-05-01,2020-05-23T14:18:44.552
X:\OdontoceteClicks\clicks\2020\05\MARS_20200501_105219.wav_clicks.jld2,2020-05-01T10:52:19.0,2020-05-01,2020-05-23T14:18:48.51
X:\OdontoceteClicks\clicks\2020\05\MARS_20200501_110219.wav_clicks.jld2,2020-05-01T11:02:19.0,2020-05-01,2020-05-23T14:19:06.017
X:\OdontoceteClicks\clicks\2020\05\MARS_20200501_111219.wav_clicks.jld2,2020-05-01T11:12:19.0,2020-05-01,2020-05-23T14:19:10.658
X:\OdontoceteClicks\clicks\2020\05\MARS_20200501_112219.wav_clicks.jld2,2020-05-01T11:22:19.0,2020-05-01,2020-05-23T14:19:27.283
X:\OdontoceteClicks\clicks\2020\05\MARS_20200501_113219.wav_clicks.jld2,2020-05-01T11:32:19.0,2020-05-01,2020-05-23T14:19:32.578
X:\OdontoceteClicks\clicks\2020\05\MARS_20200501_114219.wav_clicks.jld2,2020-05-01T11:42:19.0,2020-05-01,2020-05-23T14:19:48.999
X:\OdontoceteClicks\clicks\2020\05\MARS_20200501_115219.wav_clicks.jld2,2020-05-01T11:52:19.0,2020-05-01,2020-05-23T14:19:52.843
X:\OdontoceteClicks\clicks\2020\05\MARS_20200501_120219.wav_clicks.jld2,2020-05-01T12:02:19.0,2020-05-01,2020-05-23T14:20:09.124
X:\OdontoceteClicks\clicks\2020\05\MARS_20200501_121219.wav_clicks.jld2,2020-05-01T12:12:19.0,2020-05-01,2020-05-23T14:20:13.247
X:\OdontoceteClicks\clicks\2020\05\MARS_20200501_122219.wav_clicks.jld2,2020-05-01T12:22:19.0,2020-05-01,2020-05-23T14:20:29.814
X:\OdontoceteClicks\clicks\2020\05\MARS_20200501_123219.wav_clicks.jld2,2020-05-01T12:32:19.0,2020-05-01,2020-05-23T14:20:33.837
X:\OdontoceteClicks\clicks\2020\05\MARS_20200501_124219.wav_clicks.jld2,2020-05-01T12:42:19.0,2020-05-01,2020-05-23T14:20:51.995
X:\OdontoceteClicks\clicks\2020\05\MARS_20200501_125219.wav_clicks.jld2,2020-05-01T12:52:19.0,2020-05-01,2020-05-23T14:20:59.055
X:\OdontoceteClicks\clicks\2020\05\MARS_20200501_130219.wav_clicks.jld2,2020-05-01T13:02:19.0,2020-05-01,2020-05-23T14:21:13.337
X:\OdontoceteClicks\clicks\2020\05\MARS_20200501_131219.wav_clicks.jld2,2020-05-01T13:12:19.0,2020-05-01,2020-05-23T14:21:19.927
X:\OdontoceteClicks\clicks\2020\05\MARS_20200501_132219.wav_clicks.jld2,2020-05-01T13:22:19.0,2020-05-01,2020-05-23T14:21:33.517
X:\OdontoceteClicks\clicks\2020\05\MARS_20200501_133219.wav_clicks.jld2,2020-05-01T13:32:19.0,2020-05-01,2020-05-23T14:21:40.235
X:\OdontoceteClicks\clicks\2020\05\MARS_20200501_134219.wav_clicks.jld2,2020-05-01T13:42:19.0,2020-05-01,2020-05-23T14:21:55.138
X:\OdontoceteClicks\clicks\2020\05\MARS_20200501_135219.wav_clicks.jld2,2020-05-01T13:52:19.0,2020-05-01,2020-05-23T14:22:02.718
X:\OdontoceteClicks\clicks\2020\05\MARS_20200501_140219.wav_clicks.jld2,2020-05-01T14:02:19.0,2020-05-01,2020-05-23T14:22:16.383
X:\OdontoceteClicks\clicks\2020\05\MARS_20200501_141219.wav_clicks.jld2,2020-05-01T14:12:19.0,2020-05-01,2020-05-23T14:22:28.705
X:\OdontoceteClicks\clicks\2020\05\MARS_20200501_142219.wav_clicks.jld2,2020-05-01T14:22:19.0,2020-05-01,2020-05-23T14:22:39.207
X:\OdontoceteClicks\clicks\2020\05\MARS_20200501_143219.wav_clicks.jld2,2020-05-01T14:32:19.0,2020-05-01,2020-05-23T14:22:50.634
X:\OdontoceteClicks\clicks\2020\05\MARS_20200501_144219.wav_clicks.jld2,2020-05-01T14:42:19.0,2020-05-01,2020-05-23T14:23:01.658
X:\OdontoceteClicks\clicks\2020\05\MARS_20200501_145219.wav_clicks.jld2,2020-05-01T14:52:19.0,2020-05-01,2020-05-23T14:23:11.42
X:\OdontoceteClicks\clicks\2020\05\MARS_20200501_150219.wav_clicks.jld2,2020-05-01T15:02:19.0,2020-05-01,2020-05-23T14:23:22.139
X:\OdontoceteClicks\clicks\2020\05\MARS_20200501_151219.wav_clicks.jld2,2020-05-01T15:12:19.0,2020-05-01,2020-05-23T14:23:33.882
X:\OdontoceteClicks\clicks\2020\05\MARS_20200501_152219.wav_clicks.jld2,2020-05-01T15:22:19.0,2020-05-01,2020-05-23T14:23:44.63
X:\OdontoceteClicks\clicks\2020\05\MARS_20200501_153219.wav_clicks.jld2,2020-05-01T15:32:19.0,2020-05-01,2020-05-23T14:23:53.945
X:\OdontoceteClicks\clicks\2020\05\MARS_20200501_154219.wav_clicks.jld2,2020-05-01T15:42:19.0,2020-05-01,2020-05-23T14:24:05.348
X:\OdontoceteClicks\clicks\2020\05\MARS_20200501_155219.wav_clicks.jld2,2020-05-01T15:52:19.0,2020-05-01,2020-05-23T14:24:14.702
X:\OdontoceteClicks\clicks\2020\05\MARS_20200501_160219.wav_clicks.jld2,2020-05-01T16:02:19.0,2020-05-01,2020-05-23T14:24:26.026
X:\OdontoceteClicks\clicks\2020\05\MARS_20200501_161219.wav_clicks.jld2,2020-05-01T16:12:19.0,2020-05-01,2020-05-23T14:24:36.061
X:\OdontoceteClicks\clicks\2020\05\MARS_20200501_162219.wav_clicks.jld2,2020-05-01T16:22:19.0,2020-05-01,2020-05-23T14:24:48.014
X:\OdontoceteClicks\clicks\2020\05\MARS_20200501_163219.wav_clicks.jld2,2020-05-01T16:32:19.0,2020-05-01,2020-05-23T14:24:56.975
X:\OdontoceteClicks\clicks\2020\05\MARS_20200501_164219.wav_clicks.jld2,2020-05-01T16:42:19.0,2020-05-01,2020-05-23T14:25:09.673
X:\OdontoceteClicks\clicks\2020\05\MARS_20200501_165219.wav_clicks.jld2,2020-05-01T16:52:19.0,2020-05-01,2020-05-23T14:25:19.033
X:\OdontoceteClicks\clicks\2020\05\MARS_20200501_170219.wav_clicks.jld2,2020-05-01T17:02:19.0,2020-05-01,2020-05-23T14:25:30.403
X:\OdontoceteClicks\clicks\2020\05\MARS_20200501_171219.wav_clicks.jld2,2020-05-01T17:12:19.0,2020-05-01,2020-05-23T14:25:39.757
X:\OdontoceteClicks\clicks\2020\05\MARS_20200501_172219.wav_clicks.jld2,2020-05-01T17:22:19.0,2020-05-01,2020-05-23T14:25:49.996
X:\OdontoceteClicks\clicks\2020\05\MARS_20200501_173219.wav_clicks.jld2,2020-05-01T17:32:19.0,2020-05-01,2020-05-23T14:26:00.071
X:\OdontoceteClicks\clicks\2020\05\MARS_20200501_174219.wav_clicks.jld2,2020-05-01T17:42:19.0,2020-05-01,2020-05-23T14:26:10.793
X:\OdontoceteClicks\clicks\2020\05\MARS_20200501_175219.wav_clicks.jld2,2020-05-01T17:52:19.0,2020-05-01,2020-05-23T14:26:20.653
X:\OdontoceteClicks\clicks\2020\05\MARS_20200501_180219.wav_clicks.jld2,2020-05-01T18:02:19.0,2020-05-01,2020-05-23T14:26:32.728
X:\OdontoceteClicks\clicks\2020\05\MARS_20200501_181219.wav_clicks.jld2,2020-05-01T18:12:19.0,2020-05-01,2020-05-23T14:26:42.687
X:\OdontoceteClicks\clicks\2020\05\MARS_20200501_182219.wav_clicks.jld2,2020-05-01T18:22:19.0,2020-05-01,2020-05-23T14:26:55.485
X:\OdontoceteClicks\clicks\2020\05\MARS_20200501_183219.wav_clicks.jld2,2020-05-01T18:32:19.0,2020-05-01,2020-05-23T14:27:04.575
X:\OdontoceteClicks\clicks\2020\05\MARS_20200501_184219.wav_clicks.jld2,2020-05-01T18:42:19.0,2020-05-01,2020-05-23T14:27:15.817
X:\OdontoceteClicks\clicks\2020\05\MARS_20200501_185219.wav_clicks.jld2,2020-05-01T18:52:19.0,2020-05-01,2020-05-23T14:27:25.607
X:\OdontoceteClicks\clicks\2020\05\MARS_20200501_190219.wav_clicks.jld2,2020-05-01T19:02:19.0,2020-05-01,2020-05-23T14:27:36.405
X:\OdontoceteClicks\clicks\2020\05\MARS_20200501_191219.wav_clicks.jld2,2020-05-01T19:12:19.0,2020-05-01,2020-05-23T14:27:46.727
X:\OdontoceteClicks\clicks\2020\05\MARS_20200501_192219.wav_clicks.jld2,2020-05-01T19:22:19.0,2020-05-01,2020-05-23T14:27:57.872
X:\OdontoceteClicks\clicks\2020\05\MARS_20200501_193219.wav_clicks.jld2,2020-05-01T19:32:19.0,2020-05-01,2020-05-23T14:28:06.725
X:\OdontoceteClicks\clicks\2020\05\MARS_20200501_194219.wav_clicks.jld2,2020-05-01T19:42:19.0,2020-05-01,2020-05-23T14:28:17.879
X:\OdontoceteClicks\clicks\2020\05\MARS_20200501_195219.wav_clicks.jld2,2020-05-01T19:52:19.0,2020-05-01,2020-05-23T14:28:28.246
X:\OdontoceteClicks\clicks\2020\05\MARS_20200501_200219.wav_clicks.jld2,2020-05-01T20:02:19.0,2020-05-01,2020-05-23T14:28:39.686
X:\OdontoceteClicks\clicks\2020\05\MARS_20200501_201219.wav_clicks.jld2,2020-05-01T20:12:19.0,2020-05-01,2020-05-23T14:28:50.771
X:\OdontoceteClicks\clicks\2020\05\MARS_20200501_202219.wav_clicks.jld2,2020-05-01T20:22:19.0,2020-05-01,2020-05-23T14:29:00.383
X:\OdontoceteClicks\clicks\2020\05\MARS_20200501_203219.wav_clicks.jld2,2020-05-01T20:32:19.0,2020-05-01,2020-05-23T14:29:12.385
X:\OdontoceteClicks\clicks\2020\05\MARS_20200501_204219.wav_clicks.jld2,2020-05-01T20:42:19.0,2020-05-01,2020-05-23T14:29:23.421
X:\OdontoceteClicks\clicks\2020\05\MARS_20200501_205219.wav_clicks.jld2,2020-05-01T20:52:19.0,2020-05-01,2020-05-23T14:29:33.609
X:\OdontoceteClicks\clicks\2020\05\MARS_20200501_210219.wav_clicks.jld2,2020-05-01T21:02:19.0,2020-05-01,2020-05-23T14:29:43.43
X:\OdontoceteClicks\clicks\2020\05\MARS_20200501_211219.wav_clicks.jld2,2020-05-01T21:12:19.0,2020-05-01,2020-05-23T14:29:54.659
X:\OdontoceteClicks\clicks\2020\05\MARS_20200501_212219.wav_clicks.jld2,2020-05-01T21:22:19.0,2020-05-01,2020-05-23T14:30:05.919
X:\OdontoceteClicks\clicks\2020\05\MARS_20200501_213219.wav_clicks.jld2,2020-05-01T21:32:19.0,2020-05-01,2020-05-23T14:30:17.985
X:\OdontoceteClicks\clicks\2020\05\MARS_20200501_214219.wav_clicks.jld2,2020-05-01T21:42:19.0,2020-05-01,2020-05-23T14:30:27.485
X:\OdontoceteClicks\clicks\2020\05\MARS_20200501_215219.wav_clicks.jld2,2020-05-01T21:52:19.0,2020-05-01,2020-05-23T14:30:40.19
X:\OdontoceteClicks\clicks\2020\05\MARS_20200501_220219.wav_clicks.jld2,2020-05-01T22:02:19.0,2020-05-01,2020-05-23T14:30:49.401
X:\OdontoceteClicks\clicks\2020\05\MARS_20200501_221219.wav_clicks.jld2,2020-05-01T22:12:19.0,2020-05-01,2020-05-23T14:30:59.812
X:\OdontoceteClicks\clicks\2020\05\MARS_20200501_222219.wav_clicks.jld2,2020-05-01T22:22:19.0,2020-05-01,2020-05-23T14:31:13.393
X:\OdontoceteClicks\clicks\2020\05\MARS_20200501_223219.wav_clicks.jld2,2020-05-01T22:32:19.0,2020-05-01,2020-05-23T14:31:20.659
X:\OdontoceteClicks\clicks\2020\05\MARS_20200501_224219.wav_clicks.jld2,2020-05-01T22:42:19.0,2020-05-01,2020-05-23T14:31:34.771
X:\OdontoceteClicks\clicks\2020\05\MARS_20200501_225219.wav_clicks.jld2,2020-05-01T22:52:19.0,2020-05-01,2020-05-23T14:31:43.172
X:\OdontoceteClicks\clicks\2020\05\MARS_20200501_230219.wav_clicks.jld2,2020-05-01T23:02:19.0,2020-05-01,2020-05-23T14:31:57.295
X:\OdontoceteClicks\clicks\2020\05\MARS_20200501_231219.wav_clicks.jld2,2020-05-01T23:12:19.0,2020-05-01,2020-05-23T14:32:04.863
X:\OdontoceteClicks\clicks\2020\05\MARS_20200501_232219.wav_clicks.jld2,2020-05-01T23:22:19.0,2020-05-01,2020-05-23T14:32:20.613
X:\OdontoceteClicks\clicks\2020\05\MARS_20200501_233219.wav_clicks.jld2,2020-05-01T23:32:19.0,2020-05-01,2020-05-23T14:32:24.367
X:\OdontoceteClicks\clicks\2020\05\MARS_20200501_234219.wav_clicks.jld2,2020-05-01T23:42:19.0,2020-05-01,2020-05-23T14:32:42.949
X:\OdontoceteClicks\clicks\2020\05\MARS_20200501_235219.wav_clicks.jld2,2020-05-01T23:52:19.0,2020-05-01,2020-05-23T14:32:45.544
X:\OdontoceteClicks\clicks\2020\05\MARS_20200502_000219.wav_clicks.jld2,2020-05-02T00:02:19.0,2020-05-02,2020-05-23T14:33:05.956
X:\OdontoceteClicks\clicks\2020\05\MARS_20200502_001219.wav_clicks.jld2,2020-05-02T00:12:19.0,2020-05-02,2020-05-23T14:33:07.012
X:\OdontoceteClicks\clicks\2020\05\MARS_20200502_002219.wav_clicks.jld2,2020-05-02T00:22:19.0,2020-05-02,2020-05-23T14:33:26.133
X:\OdontoceteClicks\clicks\2020\05\MARS_20200502_003219.wav_clicks.jld2,2020-05-02T00:32:19.0,2020-05-02,2020-05-23T14:33:30.338
X:\OdontoceteClicks\clicks\2020\05\MARS_20200502_004219.wav_clicks.jld2,2020-05-02T00:42:19.0,2020-05-02,2020-05-23T14:33:47.528
X:\OdontoceteClicks\clicks\2020\05\MARS_20200502_005219.wav_clicks.jld2,2020-05-02T00:52:19.0,2020-05-02,2020-05-23T14:33:51.918
X:\OdontoceteClicks\clicks\2020\05\MARS_20200502_010219.wav_clicks.jld2,2020-05-02T01:02:19.0,2020-05-02,2020-05-23T14:34:09.44
X:\OdontoceteClicks\clicks\2020\05\MARS_20200502_011219.wav_clicks.jld2,2020-05-02T01:12:19.0,2020-05-02,2020-05-23T14:34:12.122
X:\OdontoceteClicks\clicks\2020\05\MARS_20200502_012219.wav_clicks.jld2,2020-05-02T01:22:19.0,2020-05-02,2020-05-23T14:34:31.42
X:\OdontoceteClicks\clicks\2020\05\MARS_20200502_013219.wav_clicks.jld2,2020-05-02T01:32:19.0,2020-05-02,2020-05-23T14:34:33.508
X:\OdontoceteClicks\clicks\2020\05\MARS_20200502_014219.wav_clicks.jld2,2020-05-02T01:42:19.0,2020-05-02,2020-05-23T14:34:53.694
X:\OdontoceteClicks\clicks\2020\05\MARS_20200502_015219.wav_clicks.jld2,2020-05-02T01:52:19.0,2020-05-02,2020-05-23T14:34:55.529
X:\OdontoceteClicks\clicks\2020\05\MARS_20200502_020219.wav_clicks.jld2,2020-05-02T02:02:19.0,2020-05-02,2020-05-23T14:35:17.534
X:\OdontoceteClicks\clicks\2020\05\MARS_20200502_021219.wav_clicks.jld2,2020-05-02T02:12:19.0,2020-05-02,2020-05-23T14:35:18.342
X:\OdontoceteClicks\clicks\2020\05\MARS_20200502_022219.wav_clicks.jld2,2020-05-02T02:22:19.0,2020-05-02,2020-05-23T14:35:38.709
X:\OdontoceteClicks\clicks\2020\05\MARS_20200502_023219.wav_clicks.jld2,2020-05-02T02:32:19.0,2020-05-02,2020-05-23T14:35:39.409
X:\OdontoceteClicks\clicks\2020\05\MARS_20200502_024219.wav_clicks.jld2,2020-05-02T02:42:19.0,2020-05-02,2020-05-23T14:35:59.569
X:\OdontoceteClicks\clicks\2020\05\MARS_20200502_025219.wav_clicks.jld2,2020-05-02T02:52:19.0,2020-05-02,2020-05-23T14:36:00.075
X:\OdontoceteClicks\clicks\2020\05\MARS_20200502_030219.wav_clicks.jld2,2020-05-02T03:02:19.0,2020-05-02,2020-05-23T14:36:20.525
X:\OdontoceteClicks\clicks\2020\05\MARS_20200502_031219.wav_clicks.jld2,2020-05-02T03:12:19.0,2020-05-02,2020-05-23T14:36:21.001
X:\OdontoceteClicks\clicks\2020\05\MARS_20200502_032219.wav_clicks.jld2,2020-05-02T03:22:19.0,2020-05-02,2020-05-23T14:36:42.151
X:\OdontoceteClicks\clicks\2020\05\MARS_20200502_033219.wav_clicks.jld2,2020-05-02T03:32:19.0,2020-05-02,2020-05-23T14:36:41.245
X:\OdontoceteClicks\clicks\2020\05\MARS_20200502_034219.wav_clicks.jld2,2020-05-02T03:42:19.0,2020-05-02,2020-05-23T14:37:01.014
X:\OdontoceteClicks\clicks\2020\05\MARS_20200502_035219.wav_clicks.jld2,2020-05-02T03:52:19.0,2020-05-02,2020-05-23T14:37:02.279
X:\OdontoceteClicks\clicks\2020\05\MARS_20200502_040219.wav_clicks.jld2,2020-05-02T04:02:19.0,2020-05-02,2020-05-23T14:37:22.212
X:\OdontoceteClicks\clicks\2020\05\MARS_20200502_041219.wav_clicks.jld2,2020-05-02T04:12:19.0,2020-05-02,2020-05-23T14:37:27.67
X:\OdontoceteClicks\clicks\2020\05\MARS_20200502_042219.wav_clicks.jld2,2020-05-02T04:22:19.0,2020-05-02,2020-05-23T14:37:42.795
X:\OdontoceteClicks\clicks\2020\05\MARS_20200502_043219.wav_clicks.jld2,2020-05-02T04:32:19.0,2020-05-02,2020-05-23T14:37:48.279
X:\OdontoceteClicks\clicks\2020\05\MARS_20200502_044219.wav_clicks.jld2,2020-05-02T04:42:19.0,2020-05-02,2020-05-23T14:38:04.018
X:\OdontoceteClicks\clicks\2020\05\MARS_20200502_045219.wav_clicks.jld2,2020-05-02T04:52:19.0,2020-05-02,2020-05-23T14:38:09.461
X:\OdontoceteClicks\clicks\2020\05\MARS_20200502_050219.wav_clicks.jld2,2020-05-02T05:02:19.0,2020-05-02,2020-05-23T14:38:23.537
X:\OdontoceteClicks\clicks\2020\05\MARS_20200502_051219.wav_clicks.jld2,2020-05-02T05:12:19.0,2020-05-02,2020-05-23T14:38:32.663
X:\OdontoceteClicks\clicks\2020\05\MARS_20200502_052219.wav_clicks.jld2,2020-05-02T05:22:19.0,2020-05-02,2020-05-23T14:38:44.987
X:\OdontoceteClicks\clicks\2020\05\MARS_20200502_053219.wav_clicks.jld2,2020-05-02T05:32:19.0,2020-05-02,2020-05-23T14:38:53.335
X:\OdontoceteClicks\clicks\2020\05\MARS_20200502_054219.wav_clicks.jld2,2020-05-02T05:42:19.0,2020-05-02,2020-05-23T14:39:06.567
X:\OdontoceteClicks\clicks\2020\05\MARS_20200502_055219.wav_clicks.jld2,2020-05-02T05:52:19.0,2020-05-02,2020-05-23T14:39:15.392
X:\OdontoceteClicks\clicks\2020\05\MARS_20200502_060219.wav_clicks.jld2,2020-05-02T06:02:19.0,2020-05-02,2020-05-23T14:39:26.871
X:\OdontoceteClicks\clicks\2020\05\MARS_20200502_061219.wav_clicks.jld2,2020-05-02T06:12:19.0,2020-05-02,2020-05-23T14:39:34.354
X:\OdontoceteClicks\clicks\2020\05\MARS_20200502_062219.wav_clicks.jld2,2020-05-02T06:22:19.0,2020-05-02,2020-05-23T14:39:48.004
X:\OdontoceteClicks\clicks\2020\05\MARS_20200502_063219.wav_clicks.jld2,2020-05-02T06:32:19.0,2020-05-02,2020-05-23T14:39:58.052
X:\OdontoceteClicks\clicks\2020\05\MARS_20200502_064219.wav_clicks.jld2,2020-05-02T06:42:19.0,2020-05-02,2020-05-23T14:40:09.551
X:\OdontoceteClicks\clicks\2020\05\MARS_20200502_065219.wav_clicks.jld2,2020-05-02T06:52:19.0,2020-05-02,2020-05-23T14:40:20.43
X:\OdontoceteClicks\clicks\2020\05\MARS_20200502_070219.wav_clicks.jld2,2020-05-02T07:02:19.0,2020-05-02,2020-05-23T14:40:30.508
X:\OdontoceteClicks\clicks\2020\05\MARS_20200502_071219.wav_clicks.jld2,2020-05-02T07:12:19.0,2020-05-02,2020-05-23T14:40:42.646
X:\OdontoceteClicks\clicks\2020\05\MARS_20200502_072219.wav_clicks.jld2,2020-05-02T07:22:19.0,2020-05-02,2020-05-23T14:40:52.634
X:\OdontoceteClicks\clicks\2020\05\MARS_20200502_073219.wav_clicks.jld2,2020-05-02T07:32:19.0,2020-05-02,2020-05-23T14:41:03.026
X:\OdontoceteClicks\clicks\2020\05\MARS_20200502_074219.wav_clicks.jld2,2020-05-02T07:42:19.0,2020-05-02,2020-05-23T14:41:14.17
X:\OdontoceteClicks\clicks\2020\05\MARS_20200502_075219.wav_clicks.jld2,2020-05-02T07:52:19.0,2020-05-02,2020-05-23T14:41:25.08
X:\OdontoceteClicks\clicks\2020\05\MARS_20200502_080219.wav_clicks.jld2,2020-05-02T08:02:19.0,2020-05-02,2020-05-23T14:41:34.837
X:\OdontoceteClicks\clicks\2020\05\MARS_20200502_081219.wav_clicks.jld2,2020-05-02T08:12:19.0,2020-05-02,2020-05-23T14:41:46.822
X:\OdontoceteClicks\clicks\2020\05\MARS_20200502_082219.wav_clicks.jld2,2020-05-02T08:22:19.0,2020-05-02,2020-05-23T14:41:55.54
X:\OdontoceteClicks\clicks\2020\05\MARS_20200502_083219.wav_clicks.jld2,2020-05-02T08:32:19.0,2020-05-02,2020-05-23T14:42:08.992
X:\OdontoceteClicks\clicks\2020\05\MARS_20200502_084219.wav_clicks.jld2,2020-05-02T08:42:19.0,2020-05-02,2020-05-23T14:42:15.937
X:\OdontoceteClicks\clicks\2020\05\MARS_20200502_085219.wav_clicks.jld2,2020-05-02T08:52:19.0,2020-05-02,2020-05-23T14:42:31.844
X:\OdontoceteClicks\clicks\2020\05\MARS_20200502_090219.wav_clicks.jld2,2020-05-02T09:02:19.0,2020-05-02,2020-05-23T14:42:37.539
X:\OdontoceteClicks\clicks\2020\05\MARS_20200502_091219.wav_clicks.jld2,2020-05-02T09:12:19.0,2020-05-02,2020-05-23T14:42:52.185
X:\OdontoceteClicks\clicks\2020\05\MARS_20200502_092219.wav_clicks.jld2,2020-05-02T09:22:19.0,2020-05-02,2020-05-23T14:42:57.391
X:\OdontoceteClicks\clicks\2020\05\MARS_20200502_093219.wav_clicks.jld2,2020-05-02T09:32:19.0,2020-05-02,2020-05-23T14:43:12.58
X:\OdontoceteClicks\clicks\2020\05\MARS_20200502_094219.wav_clicks.jld2,2020-05-02T09:42:19.0,2020-05-02,2020-05-23T14:43:18.245
X:\OdontoceteClicks\clicks\2020\05\MARS_20200502_095219.wav_clicks.jld2,2020-05-02T09:52:19.0,2020-05-02,2020-05-23T14:43:33.394
X:\OdontoceteClicks\clicks\2020\05\MARS_20200502_100219.wav_clicks.jld2,2020-05-02T10:02:19.0,2020-05-02,2020-05-23T14:43:49.603
X:\OdontoceteClicks\clicks\2020\05\MARS_20200502_101219.wav_clicks.jld2,2020-05-02T10:12:19.0,2020-05-02,2020-05-23T14:43:53.816
X:\OdontoceteClicks\clicks\2020\05\MARS_20200502_102219.wav_clicks.jld2,2020-05-02T10:22:19.0,2020-05-02,2020-05-23T14:44:10.829
X:\OdontoceteClicks\clicks\2020\05\MARS_20200502_103219.wav_clicks.jld2,2020-05-02T10:32:19.0,2020-05-02,2020-05-23T14:44:14.816
X:\OdontoceteClicks\clicks\2020\05\MARS_20200502_104219.wav_clicks.jld2,2020-05-02T10:42:19.0,2020-05-02,2020-05-23T14:44:31.475
X:\OdontoceteClicks\clicks\2020\05\MARS_20200502_105219.wav_clicks.jld2,2020-05-02T10:52:19.0,2020-05-02,2020-05-23T14:44:35.331
X:\OdontoceteClicks\clicks\2020\05\MARS_20200502_110218.wav_clicks.jld2,2020-05-02T11:02:18.0,2020-05-02,2020-05-23T14:44:53.843
X:\OdontoceteClicks\clicks\2020\05\MARS_20200502_111218.wav_clicks.jld2,2020-05-02T11:12:18.0,2020-05-02,2020-05-23T14:44:59.254
X:\OdontoceteClicks\clicks\2020\05\MARS_20200502_112218.wav_clicks.jld2,2020-05-02T11:22:18.0,2020-05-02,2020-05-23T14:45:14.931
X:\OdontoceteClicks\clicks\2020\05\MARS_20200502_113218.wav_clicks.jld2,2020-05-02T11:32:18.0,2020-05-02,2020-05-23T14:45:26.66
X:\OdontoceteClicks\clicks\2020\05\MARS_20200502_114218.wav_clicks.jld2,2020-05-02T11:42:18.0,2020-05-02,2020-05-23T14:45:36.048
X:\OdontoceteClicks\clicks\2020\05\MARS_20200502_115218.wav_clicks.jld2,2020-05-02T11:52:18.0,2020-05-02,2020-05-23T14:45:46.767
X:\OdontoceteClicks\clicks\2020\05\MARS_20200502_120218.wav_clicks.jld2,2020-05-02T12:02:18.0,2020-05-02,2020-05-23T14:45:58.058
X:\OdontoceteClicks\clicks\2020\05\MARS_20200502_121218.wav_clicks.jld2,2020-05-02T12:12:18.0,2020-05-02,2020-05-23T14:46:06.714
X:\OdontoceteClicks\clicks\2020\05\MARS_20200502_122218.wav_clicks.jld2,2020-05-02T12:22:18.0,2020-05-02,2020-05-23T14:46:17.482
X:\OdontoceteClicks\clicks\2020\05\MARS_20200502_123218.wav_clicks.jld2,2020-05-02T12:32:18.0,2020-05-02,2020-05-23T14:46:27.787
X:\OdontoceteClicks\clicks\2020\05\MARS_20200502_124218.wav_clicks.jld2,2020-05-02T12:42:18.0,2020-05-02,2020-05-23T14:46:37.88
X:\OdontoceteClicks\clicks\2020\05\MARS_20200502_125218.wav_clicks.jld2,2020-05-02T12:52:18.0,2020-05-02,2020-05-23T14:46:47.948
X:\OdontoceteClicks\clicks\2020\05\MARS_20200502_130218.wav_clicks.jld2,2020-05-02T13:02:18.0,2020-05-02,2020-05-23T14:46:58.341
X:\OdontoceteClicks\clicks\2020\05\MARS_20200502_131218.wav_clicks.jld2,2020-05-02T13:12:18.0,2020-05-02,2020-05-23T14:47:13.067
X:\OdontoceteClicks\clicks\2020\05\MARS_20200502_132218.wav_clicks.jld2,2020-05-02T13:22:18.0,2020-05-02,2020-05-23T14:47:18.911
X:\OdontoceteClicks\clicks\2020\05\MARS_20200502_133218.wav_clicks.jld2,2020-05-02T13:32:18.0,2020-05-02,2020-05-23T14:47:36.214
X:\OdontoceteClicks\clicks\2020\05\MARS_20200502_134218.wav_clicks.jld2,2020-05-02T13:42:18.0,2020-05-02,2020-05-23T14:47:40.45
X:\OdontoceteClicks\clicks\2020\05\MARS_20200502_135218.wav_clicks.jld2,2020-05-02T13:52:18.0,2020-05-02,2020-05-23T14:47:57.84
X:\OdontoceteClicks\clicks\2020\05\MARS_20200502_140218.wav_clicks.jld2,2020-05-02T14:02:18.0,2020-05-02,2020-05-23T14:48:06.926
X:\OdontoceteClicks\clicks\2020\05\MARS_20200502_141218.wav_clicks.jld2,2020-05-02T14:12:18.0,2020-05-02,2020-05-23T14:48:18.404
X:\OdontoceteClicks\clicks\2020\05\MARS_20200502_142218.wav_clicks.jld2,2020-05-02T14:22:18.0,2020-05-02,2020-05-23T14:48:29.211
X:\OdontoceteClicks\clicks\2020\05\MARS_20200502_143218.wav_clicks.jld2,2020-05-02T14:32:18.0,2020-05-02,2020-05-23T14:48:39.155
X:\OdontoceteClicks\clicks\2020\05\MARS_20200502_144218.wav_clicks.jld2,2020-05-02T14:42:18.0,2020-05-02,2020-05-23T14:48:49.175
X:\OdontoceteClicks\clicks\2020\05\MARS_20200502_145218.wav_clicks.jld2,2020-05-02T14:52:18.0,2020-05-02,2020-05-23T14:48:59.575
X:\OdontoceteClicks\clicks\2020\05\MARS_20200502_150218.wav_clicks.jld2,2020-05-02T15:02:18.0,2020-05-02,2020-05-23T14:49:09.66
X:\OdontoceteClicks\clicks\2020\05\MARS_20200502_151218.wav_clicks.jld2,2020-05-02T15:12:18.0,2020-05-02,2020-05-23T14:49:20.471
X:\OdontoceteClicks\clicks\2020\05\MARS_20200502_152218.wav_clicks.jld2,2020-05-02T15:22:18.0,2020-05-02,2020-05-23T14:49:33.163
X:\OdontoceteClicks\clicks\2020\05\MARS_20200502_153218.wav_clicks.jld2,2020-05-02T15:32:18.0,2020-05-02,2020-05-23T14:49:44.39
X:\OdontoceteClicks\clicks\2020\05\MARS_20200502_154218.wav_clicks.jld2,2020-05-02T15:42:18.0,2020-05-02,2020-05-23T14:49:54.232
X:\OdontoceteClicks\clicks\2020\05\MARS_20200502_155218.wav_clicks.jld2,2020-05-02T15:52:18.0,2020-05-02,2020-05-23T14:50:05.922
X:\OdontoceteClicks\clicks\2020\05\MARS_20200502_160218.wav_clicks.jld2,2020-05-02T16:02:18.0,2020-05-02,2020-05-23T14:50:18.485
X:\OdontoceteClicks\clicks\2020\05\MARS_20200502_161218.wav_clicks.jld2,2020-05-02T16:12:18.0,2020-05-02,2020-05-23T14:50:28.611
X:\OdontoceteClicks\clicks\2020\05\MARS_20200502_162218.wav_clicks.jld2,2020-05-02T16:22:18.0,2020-05-02,2020-05-23T14:50:39.617
X:\OdontoceteClicks\clicks\2020\05\MARS_20200502_163218.wav_clicks.jld2,2020-05-02T16:32:18.0,2020-05-02,2020-05-23T14:50:54.356
X:\OdontoceteClicks\clicks\2020\05\MARS_20200502_164218.wav_clicks.jld2,2020-05-02T16:42:18.0,2020-05-02,2020-05-23T14:50:59.575
X:\OdontoceteClicks\clicks\2020\05\MARS_20200502_165218.wav_clicks.jld2,2020-05-02T16:52:18.0,2020-05-02,2020-05-23T14:51:14.686
X:\OdontoceteClicks\clicks\2020\05\MARS_20200502_170218.wav_clicks.jld2,2020-05-02T17:02:18.0,2020-05-02,2020-05-23T14:51:20.22
X:\OdontoceteClicks\clicks\2020\05\MARS_20200502_171218.wav_clicks.jld2,2020-05-02T17:12:18.0,2020-05-02,2020-05-23T14:51:42.828
X:\OdontoceteClicks\clicks\2020\05\MARS_20200502_172218.wav_clicks.jld2,2020-05-02T17:22:18.0,2020-05-02,2020-05-23T14:51:42.146
X:\OdontoceteClicks\clicks\2020\05\MARS_20200502_173218.wav_clicks.jld2,2020-05-02T17:32:18.0,2020-05-02,2020-05-23T14:52:04.337
X:\OdontoceteClicks\clicks\2020\05\MARS_20200502_174218.wav_clicks.jld2,2020-05-02T17:42:18.0,2020-05-02,2020-05-23T14:52:06.605
X:\OdontoceteClicks\clicks\2020\05\MARS_20200502_175218.wav_clicks.jld2,2020-05-02T17:52:18.0,2020-05-02,2020-05-23T14:52:25.874
X:\OdontoceteClicks\clicks\2020\05\MARS_20200502_180218.wav_clicks.jld2,2020-05-02T18:02:18.0,2020-05-02,2020-05-23T14:52:33.519
X:\OdontoceteClicks\clicks\2020\05\MARS_20200502_181218.wav_clicks.jld2,2020-05-02T18:12:18.0,2020-05-02,2020-05-23T14:52:48.711
X:\OdontoceteClicks\clicks\2020\05\MARS_20200502_182218.wav_clicks.jld2,2020-05-02T18:22:18.0,2020-05-02,2020-05-23T14:52:55.298
X:\OdontoceteClicks\clicks\2020\05\MARS_20200502_183218.wav_clicks.jld2,2020-05-02T18:32:18.0,2020-05-02,2020-05-23T14:53:10.243
X:\OdontoceteClicks\clicks\2020\05\MARS_20200502_184218.wav_clicks.jld2,2020-05-02T18:42:18.0,2020-05-02,2020-05-23T14:53:16.292
X:\OdontoceteClicks\clicks\2020\05\MARS_20200502_185218.wav_clicks.jld2,2020-05-02T18:52:18.0,2020-05-02,2020-05-23T14:53:32.075
X:\OdontoceteClicks\clicks\2020\05\MARS_20200502_190218.wav_clicks.jld2,2020-05-02T19:02:18.0,2020-05-02,2020-05-23T14:53:36.199
X:\OdontoceteClicks\clicks\2020\05\MARS_20200502_191218.wav_clicks.jld2,2020-05-02T19:12:18.0,2020-05-02,2020-05-23T14:53:53.389
X:\OdontoceteClicks\clicks\2020\05\MARS_20200502_192218.wav_clicks.jld2,2020-05-02T19:22:18.0,2020-05-02,2020-05-23T14:53:56.833
X:\OdontoceteClicks\clicks\2020\05\MARS_20200502_193218.wav_clicks.jld2,2020-05-02T19:32:18.0,2020-05-02,2020-05-23T14:54:15.546
X:\OdontoceteClicks\clicks\2020\05\MARS_20200502_194218.wav_clicks.jld2,2020-05-02T19:42:18.0,2020-05-02,2020-05-23T14:54:17.47
X:\OdontoceteClicks\clicks\2020\05\MARS_20200502_195218.wav_clicks.jld2,2020-05-02T19:52:18.0,2020-05-02,2020-05-23T14:54:35.444
X:\OdontoceteClicks\clicks\2020\05\MARS_20200502_200218.wav_clicks.jld2,2020-05-02T20:02:18.0,2020-05-02,2020-05-23T14:54:41.182
X:\OdontoceteClicks\clicks\2020\05\MARS_20200502_201218.wav_clicks.jld2,2020-05-02T20:12:18.0,2020-05-02,2020-05-23T14:54:56.82
X:\OdontoceteClicks\clicks\2020\05\MARS_20200502_202218.wav_clicks.jld2,2020-05-02T20:22:18.0,2020-05-02,2020-05-23T14:55:04.194
X:\OdontoceteClicks\clicks\2020\05\MARS_20200502_203218.wav_clicks.jld2,2020-05-02T20:32:18.0,2020-05-02,2020-05-23T14:55:18.14
X:\OdontoceteClicks\clicks\2020\05\MARS_20200502_204218.wav_clicks.jld2,2020-05-02T20:42:18.0,2020-05-02,2020-05-23T14:55:26.497
X:\OdontoceteClicks\clicks\2020\05\MARS_20200502_205218.wav_clicks.jld2,2020-05-02T20:52:18.0,2020-05-02,2020-05-23T14:55:38.725
X:\OdontoceteClicks\clicks\2020\05\MARS_20200502_210218.wav_clicks.jld2,2020-05-02T21:02:18.0,2020-05-02,2020-05-23T14:55:48.334
X:\OdontoceteClicks\clicks\2020\05\MARS_20200502_211218.wav_clicks.jld2,2020-05-02T21:12:18.0,2020-05-02,2020-05-23T14:56:00.329
X:\OdontoceteClicks\clicks\2020\05\MARS_20200502_212218.wav_clicks.jld2,2020-05-02T21:22:18.0,2020-05-02,2020-05-23T14:56:10.112
X:\OdontoceteClicks\clicks\2020\05\MARS_20200502_213218.wav_clicks.jld2,2020-05-02T21:32:18.0,2020-05-02,2020-05-23T14:56:21.564
X:\OdontoceteClicks\clicks\2020\05\MARS_20200502_214218.wav_clicks.jld2,2020-05-02T21:42:18.0,2020-05-02,2020-05-23T14:56:31.965
X:\OdontoceteClicks\clicks\2020\05\MARS_20200502_215218.wav_clicks.jld2,2020-05-02T21:52:18.0,2020-05-02,2020-05-23T14:56:41.45
X:\OdontoceteClicks\clicks\2020\05\MARS_20200502_220218.wav_clicks.jld2,2020-05-02T22:02:18.0,2020-05-02,2020-05-23T14:56:54.158
X:\OdontoceteClicks\clicks\2020\05\MARS_20200502_221218.wav_clicks.jld2,2020-05-02T22:12:18.0,2020-05-02,2020-05-23T14:57:02.376
X:\OdontoceteClicks\clicks\2020\05\MARS_20200502_222218.wav_clicks.jld2,2020-05-02T22:22:18.0,2020-05-02,2020-05-23T14:57:17.238
X:\OdontoceteClicks\clicks\2020\05\MARS_20200502_223218.wav_clicks.jld2,2020-05-02T22:32:18.0,2020-05-02,2020-05-23T14:57:24.301
X:\OdontoceteClicks\clicks\2020\05\MARS_20200502_224218.wav_clicks.jld2,2020-05-02T22:42:18.0,2020-05-02,2020-05-23T14:57:37.618
X:\OdontoceteClicks\clicks\2020\05\MARS_20200502_225218.wav_clicks.jld2,2020-05-02T22:52:18.0,2020-05-02,2020-05-23T14:57:44.595
X:\OdontoceteClicks\clicks\2020\05\MARS_20200502_230218.wav_clicks.jld2,2020-05-02T23:02:18.0,2020-05-02,2020-05-23T14:57:59.372
X:\OdontoceteClicks\clicks\2020\05\MARS_20200502_231218.wav_clicks.jld2,2020-05-02T23:12:18.0,2020-05-02,2020-05-23T14:58:05.277
X:\OdontoceteClicks\clicks\2020\05\MARS_20200502_232218.wav_clicks.jld2,2020-05-02T23:22:18.0,2020-05-02,2020-05-23T14:58:20.271
X:\OdontoceteClicks\clicks\2020\05\MARS_20200502_233218.wav_clicks.jld2,2020-05-02T23:32:18.0,2020-05-02,2020-05-23T14:58:25.559
X:\OdontoceteClicks\clicks\2020\05\MARS_20200502_234218.wav_clicks.jld2,2020-05-02T23:42:18.0,2020-05-02,2020-05-23T14:58:42.154
X:\OdontoceteClicks\clicks\2020\05\MARS_20200502_235218.wav_clicks.jld2,2020-05-02T23:52:18.0,2020-05-02,2020-05-23T14:58:48.817
X:\OdontoceteClicks\clicks\2020\05\MARS_20200503_000218.wav_clicks.jld2,2020-05-03T00:02:18.0,2020-05-03,2020-05-23T14:59:02.8
X:\OdontoceteClicks\clicks\2020\05\MARS_20200503_001218.wav_clicks.jld2,2020-05-03T00:12:18.0,2020-05-03,2020-05-23T14:59:10.041
X:\OdontoceteClicks\clicks\2020\05\MARS_20200503_002218.wav_clicks.jld2,2020-05-03T00:22:18.0,2020-05-03,2020-05-23T14:59:24.66
X:\OdontoceteClicks\clicks\2020\05\MARS_20200503_003218.wav_clicks.jld2,2020-05-03T00:32:18.0,2020-05-03,2020-05-23T14:59:30.635
X:\OdontoceteClicks\clicks\2020\05\MARS_20200503_004218.wav_clicks.jld2,2020-05-03T00:42:18.0,2020-05-03,2020-05-23T14:59:43.955
X:\OdontoceteClicks\clicks\2020\05\MARS_20200503_005218.wav_clicks.jld2,2020-05-03T00:52:18.0,2020-05-03,2020-05-23T14:59:52.136
X:\OdontoceteClicks\clicks\2020\05\MARS_20200503_010218.wav_clicks.jld2,2020-05-03T01:02:18.0,2020-05-03,2020-05-23T15:00:08.22
X:\OdontoceteClicks\clicks\2020\05\MARS_20200503_011218.wav_clicks.jld2,2020-05-03T01:12:18.0,2020-05-03,2020-05-23T15:00:13.496
X:\OdontoceteClicks\clicks\2020\05\MARS_20200503_012218.wav_clicks.jld2,2020-05-03T01:22:18.0,2020-05-03,2020-05-23T15:00:30.904
X:\OdontoceteClicks\clicks\2020\05\MARS_20200503_013218.wav_clicks.jld2,2020-05-03T01:32:18.0,2020-05-03,2020-05-23T15:00:39.416
X:\OdontoceteClicks\clicks\2020\05\MARS_20200503_014218.wav_clicks.jld2,2020-05-03T01:42:18.0,2020-05-03,2020-05-23T15:00:53.762
X:\OdontoceteClicks\clicks\2020\05\MARS_20200503_015218.wav_clicks.jld2,2020-05-03T01:52:18.0,2020-05-03,2020-05-23T15:01:02.102
X:\OdontoceteClicks\clicks\2020\05\MARS_20200503_020218.wav_clicks.jld2,2020-05-03T02:02:18.0,2020-05-03,2020-05-23T15:01:15.9
X:\OdontoceteClicks\clicks\2020\05\MARS_20200503_021218.wav_clicks.jld2,2020-05-03T02:12:18.0,2020-05-03,2020-05-23T15:01:23.961
X:\OdontoceteClicks\clicks\2020\05\MARS_20200503_022218.wav_clicks.jld2,2020-05-03T02:22:18.0,2020-05-03,2020-05-23T15:01:37.855
X:\OdontoceteClicks\clicks\2020\05\MARS_20200503_023218.wav_clicks.jld2,2020-05-03T02:32:18.0,2020-05-03,2020-05-23T15:01:45.274
X:\OdontoceteClicks\clicks\2020\05\MARS_20200503_024218.wav_clicks.jld2,2020-05-03T02:42:18.0,2020-05-03,2020-05-23T15:02:00.573
X:\OdontoceteClicks\clicks\2020\05\MARS_20200503_025218.wav_clicks.jld2,2020-05-03T02:52:18.0,2020-05-03,2020-05-23T15:02:06.181
X:\OdontoceteClicks\clicks\2020\05\MARS_20200503_030218.wav_clicks.jld2,2020-05-03T03:02:18.0,2020-05-03,2020-05-23T15:02:21.908
X:\OdontoceteClicks\clicks\2020\05\MARS_20200503_031218.wav_clicks.jld2,2020-05-03T03:12:18.0,2020-05-03,2020-05-23T15:02:28.367
X:\OdontoceteClicks\clicks\2020\05\MARS_20200503_032218.wav_clicks.jld2,2020-05-03T03:22:18.0,2020-05-03,2020-05-23T15:02:43.927
X:\OdontoceteClicks\clicks\2020\05\MARS_20200503_033218.wav_clicks.jld2,2020-05-03T03:32:18.0,2020-05-03,2020-05-23T15:02:49.944
X:\OdontoceteClicks\clicks\2020\05\MARS_20200503_034218.wav_clicks.jld2,2020-05-03T03:42:18.0,2020-05-03,2020-05-23T15:03:08.525
X:\OdontoceteClicks\clicks\2020\05\MARS_20200503_035218.wav_clicks.jld2,2020-05-03T03:52:18.0,2020-05-03,2020-05-23T15:03:10.386
X:\OdontoceteClicks\clicks\2020\05\MARS_20200503_040218.wav_clicks.jld2,2020-05-03T04:02:18.0,2020-05-03,2020-05-23T15:03:29.289
X:\OdontoceteClicks\clicks\2020\05\MARS_20200503_041218.wav_clicks.jld2,2020-05-03T04:12:18.0,2020-05-03,2020-05-23T15:03:32.094
X:\OdontoceteClicks\clicks\2020\05\MARS_20200503_042218.wav_clicks.jld2,2020-05-03T04:22:18.0,2020-05-03,2020-05-23T15:03:49.949
X:\OdontoceteClicks\clicks\2020\05\MARS_20200503_043218.wav_clicks.jld2,2020-05-03T04:32:18.0,2020-05-03,2020-05-23T15:03:55.601
X:\OdontoceteClicks\clicks\2020\05\MARS_20200503_044218.wav_clicks.jld2,2020-05-03T04:42:18.0,2020-05-03,2020-05-23T15:04:11.862
X:\OdontoceteClicks\clicks\2020\05\MARS_20200503_045218.wav_clicks.jld2,2020-05-03T04:52:18.0,2020-05-03,2020-05-23T15:04:17.405
X:\OdontoceteClicks\clicks\2020\05\MARS_20200503_050218.wav_clicks.jld2,2020-05-03T05:02:18.0,2020-05-03,2020-05-23T15:04:33.092
X:\OdontoceteClicks\clicks\2020\05\MARS_20200503_051218.wav_clicks.jld2,2020-05-03T05:12:18.0,2020-05-03,2020-05-23T15:04:40.022
X:\OdontoceteClicks\clicks\2020\05\MARS_20200503_052218.wav_clicks.jld2,2020-05-03T05:22:18.0,2020-05-03,2020-05-23T15:04:53.251
X:\OdontoceteClicks\clicks\2020\05\MARS_20200503_053218.wav_clicks.jld2,2020-05-03T05:32:18.0,2020-05-03,2020-05-23T15:05:00.959
X:\OdontoceteClicks\clicks\2020\05\MARS_20200503_054218.wav_clicks.jld2,2020-05-03T05:42:18.0,2020-05-03,2020-05-23T15:05:13.721
X:\OdontoceteClicks\clicks\2020\05\MARS_20200503_055218.wav_clicks.jld2,2020-05-03T05:52:18.0,2020-05-03,2020-05-23T15:05:23.099
X:\OdontoceteClicks\clicks\2020\05\MARS_20200503_060218.wav_clicks.jld2,2020-05-03T06:02:18.0,2020-05-03,2020-05-23T15:05:36.095
X:\OdontoceteClicks\clicks\2020\05\MARS_20200503_061218.wav_clicks.jld2,2020-05-03T06:12:18.0,2020-05-03,2020-05-23T15:05:45.066
X:\OdontoceteClicks\clicks\2020\05\MARS_20200503_062218.wav_clicks.jld2,2020-05-03T06:22:18.0,2020-05-03,2020-05-23T15:05:57.554
X:\OdontoceteClicks\clicks\2020\05\MARS_20200503_063218.wav_clicks.jld2,2020-05-03T06:32:18.0,2020-05-03,2020-05-23T15:06:10.076
X:\OdontoceteClicks\clicks\2020\05\MARS_20200503_064218.wav_clicks.jld2,2020-05-03T06:42:18.0,2020-05-03,2020-05-23T15:06:19.008
X:\OdontoceteClicks\clicks\2020\05\MARS_20200503_065218.wav_clicks.jld2,2020-05-03T06:52:18.0,2020-05-03,2020-05-23T15:06:31.388
X:\OdontoceteClicks\clicks\2020\05\MARS_20200503_070218.wav_clicks.jld2,2020-05-03T07:02:18.0,2020-05-03,2020-05-23T15:06:40.501
X:\OdontoceteClicks\clicks\2020\05\MARS_20200503_071218.wav_clicks.jld2,2020-05-03T07:12:18.0,2020-05-03,2020-05-23T15:06:51.741
X:\OdontoceteClicks\clicks\2020\05\MARS_20200503_072218.wav_clicks.jld2,2020-05-03T07:22:18.0,2020-05-03,2020-05-23T15:07:01.534
X:\OdontoceteClicks\clicks\2020\05\MARS_20200503_073218.wav_clicks.jld2,2020-05-03T07:32:18.0,2020-05-03,2020-05-23T15:07:14.489
X:\OdontoceteClicks\clicks\2020\05\MARS_20200503_074218.wav_clicks.jld2,2020-05-03T07:42:18.0,2020-05-03,2020-05-23T15:07:23.929
X:\OdontoceteClicks\clicks\2020\05\MARS_20200503_075218.wav_clicks.jld2,2020-05-03T07:52:18.0,2020-05-03,2020-05-23T15:07:35.455
X:\OdontoceteClicks\clicks\2020\05\MARS_20200503_080218.wav_clicks.jld2,2020-05-03T08:02:18.0,2020-05-03,2020-05-23T15:07:43.613
X:\OdontoceteClicks\clicks\2020\05\MARS_20200503_081218.wav_clicks.jld2,2020-05-03T08:12:18.0,2020-05-03,2020-05-23T15:08:00.853
X:\OdontoceteClicks\clicks\2020\05\MARS_20200503_082218.wav_clicks.jld2,2020-05-03T08:22:18.0,2020-05-03,2020-05-23T15:08:04.148
X:\OdontoceteClicks\clicks\2020\05\MARS_20200503_083218.wav_clicks.jld2,2020-05-03T08:32:18.0,2020-05-03,2020-05-23T15:08:22.399
X:\OdontoceteClicks\clicks\2020\05\MARS_20200503_084218.wav_clicks.jld2,2020-05-03T08:42:18.0,2020-05-03,2020-05-23T15:08:23.891
X:\OdontoceteClicks\clicks\2020\05\MARS_20200503_085218.wav_clicks.jld2,2020-05-03T08:52:18.0,2020-05-03,2020-05-23T15:08:42.386
X:\OdontoceteClicks\clicks\2020\05\MARS_20200503_090218.wav_clicks.jld2,2020-05-03T09:02:18.0,2020-05-03,2020-05-23T15:08:46.361
X:\OdontoceteClicks\clicks\2020\05\MARS_20200503_091218.wav_clicks.jld2,2020-05-03T09:12:18.0,2020-05-03,2020-05-23T15:09:03.918
X:\OdontoceteClicks\clicks\2020\05\MARS_20200503_092218.wav_clicks.jld2,2020-05-03T09:22:18.0,2020-05-03,2020-05-23T15:09:08.685
X:\OdontoceteClicks\clicks\2020\05\MARS_20200503_093218.wav_clicks.jld2,2020-05-03T09:32:18.0,2020-05-03,2020-05-23T15:09:26.76
X:\OdontoceteClicks\clicks\2020\05\MARS_20200503_094218.wav_clicks.jld2,2020-05-03T09:42:18.0,2020-05-03,2020-05-23T15:09:31.955
X:\OdontoceteClicks\clicks\2020\05\MARS_20200503_095218.wav_clicks.jld2,2020-05-03T09:52:18.0,2020-05-03,2020-05-23T15:09:47.698
X:\OdontoceteClicks\clicks\2020\05\MARS_20200503_100218.wav_clicks.jld2,2020-05-03T10:02:18.0,2020-05-03,2020-05-23T15:09:54.459
X:\OdontoceteClicks\clicks\2020\05\MARS_20200503_101218.wav_clicks.jld2,2020-05-03T10:12:18.0,2020-05-03,2020-05-23T15:10:08.316
X:\OdontoceteClicks\clicks\2020\05\MARS_20200503_102218.wav_clicks.jld2,2020-05-03T10:22:18.0,2020-05-03,2020-05-23T15:10:17.659
X:\OdontoceteClicks\clicks\2020\05\MARS_20200503_103218.wav_clicks.jld2,2020-05-03T10:32:18.0,2020-05-03,2020-05-23T15:10:29.578
X:\OdontoceteClicks\clicks\2020\05\MARS_20200503_104218.wav_clicks.jld2,2020-05-03T10:42:18.0,2020-05-03,2020-05-23T15:10:38.388
X:\OdontoceteClicks\clicks\2020\05\MARS_20200503_105218.wav_clicks.jld2,2020-05-03T10:52:18.0,2020-05-03,2020-05-23T15:10:50.817
X:\OdontoceteClicks\clicks\2020\05\MARS_20200503_110218.wav_clicks.jld2,2020-05-03T11:02:18.0,2020-05-03,2020-05-23T15:11:02.541
X:\OdontoceteClicks\clicks\2020\05\MARS_20200503_111218.wav_clicks.jld2,2020-05-03T11:12:18.0,2020-05-03,2020-05-23T15:11:11.57
X:\OdontoceteClicks\clicks\2020\05\MARS_20200503_112218.wav_clicks.jld2,2020-05-03T11:22:18.0,2020-05-03,2020-05-23T15:11:22.305
X:\OdontoceteClicks\clicks\2020\05\MARS_20200503_113218.wav_clicks.jld2,2020-05-03T11:32:18.0,2020-05-03,2020-05-23T15:11:33.125
X:\OdontoceteClicks\clicks\2020\05\MARS_20200503_114218.wav_clicks.jld2,2020-05-03T11:42:18.0,2020-05-03,2020-05-23T15:11:43.826
X:\OdontoceteClicks\clicks\2020\05\MARS_20200503_115218.wav_clicks.jld2,2020-05-03T11:52:18.0,2020-05-03,2020-05-23T15:11:55.501
X:\OdontoceteClicks\clicks\2020\05\MARS_20200503_120218.wav_clicks.jld2,2020-05-03T12:02:18.0,2020-05-03,2020-05-23T15:12:07.141
X:\OdontoceteClicks\clicks\2020\05\MARS_20200503_121218.wav_clicks.jld2,2020-05-03T12:12:18.0,2020-05-03,2020-05-23T15:12:16.861
X:\OdontoceteClicks\clicks\2020\05\MARS_20200503_122218.wav_clicks.jld2,2020-05-03T12:22:18.0,2020-05-03,2020-05-23T15:12:30.487
X:\OdontoceteClicks\clicks\2020\05\MARS_20200503_123218.wav_clicks.jld2,2020-05-03T12:32:18.0,2020-05-03,2020-05-23T15:12:37.053
X:\OdontoceteClicks\clicks\2020\05\MARS_20200503_124218.wav_clicks.jld2,2020-05-03T12:42:18.0,2020-05-03,2020-05-23T15:12:54.202
X:\OdontoceteClicks\clicks\2020\05\MARS_20200503_125218.wav_clicks.jld2,2020-05-03T12:52:18.0,2020-05-03,2020-05-23T15:12:57.574
X:\OdontoceteClicks\clicks\2020\05\MARS_20200503_130218.wav_clicks.jld2,2020-05-03T13:02:18.0,2020-05-03,2020-05-23T15:13:15.204
X:\OdontoceteClicks\clicks\2020\05\MARS_20200503_131218.wav_clicks.jld2,2020-05-03T13:12:18.0,2020-05-03,2020-05-23T15:13:22.186
X:\OdontoceteClicks\clicks\2020\05\MARS_20200503_132218.wav_clicks.jld2,2020-05-03T13:22:18.0,2020-05-03,2020-05-23T15:13:44.744
X:\OdontoceteClicks\clicks\2020\05\MARS_20200503_133218.wav_clicks.jld2,2020-05-03T13:32:18.0,2020-05-03,2020-05-23T15:13:43.943
X:\OdontoceteClicks\clicks\2020\05\MARS_20200503_134218.wav_clicks.jld2,2020-05-03T13:42:18.0,2020-05-03,2020-05-23T15:14:07.934
X:\OdontoceteClicks\clicks\2020\05\MARS_20200503_135218.wav_clicks.jld2,2020-05-03T13:52:18.0,2020-05-03,2020-05-23T15:14:06.36
X:\OdontoceteClicks\clicks\2020\05\MARS_20200503_140218.wav_clicks.jld2,2020-05-03T14:02:18.0,2020-05-03,2020-05-23T15:14:28.006
X:\OdontoceteClicks\clicks\2020\05\MARS_20200503_141218.wav_clicks.jld2,2020-05-03T14:12:18.0,2020-05-03,2020-05-23T15:14:30.108
X:\OdontoceteClicks\clicks\2020\05\MARS_20200503_142218.wav_clicks.jld2,2020-05-03T14:22:18.0,2020-05-03,2020-05-23T15:14:51.292
X:\OdontoceteClicks\clicks\2020\05\MARS_20200503_143218.wav_clicks.jld2,2020-05-03T14:32:18.0,2020-05-03,2020-05-23T15:14:53.418
X:\OdontoceteClicks\clicks\2020\05\MARS_20200503_144218.wav_clicks.jld2,2020-05-03T14:42:18.0,2020-05-03,2020-05-23T15:15:13.141
X:\OdontoceteClicks\clicks\2020\05\MARS_20200503_145218.wav_clicks.jld2,2020-05-03T14:52:18.0,2020-05-03,2020-05-23T15:15:13.949
X:\OdontoceteClicks\clicks\2020\05\MARS_20200503_150218.wav_clicks.jld2,2020-05-03T15:02:18.0,2020-05-03,2020-05-23T15:15:32.767
X:\OdontoceteClicks\clicks\2020\05\MARS_20200503_151218.wav_clicks.jld2,2020-05-03T15:12:18.0,2020-05-03,2020-05-23T15:15:38.162
X:\OdontoceteClicks\clicks\2020\05\MARS_20200503_152218.wav_clicks.jld2,2020-05-03T15:22:18.0,2020-05-03,2020-05-23T15:15:55.036
X:\OdontoceteClicks\clicks\2020\05\MARS_20200503_153218.wav_clicks.jld2,2020-05-03T15:32:18.0,2020-05-03,2020-05-23T15:15:58.026
X:\OdontoceteClicks\clicks\2020\05\MARS_20200503_154218.wav_clicks.jld2,2020-05-03T15:42:18.0,2020-05-03,2020-05-23T15:16:16.598
X:\OdontoceteClicks\clicks\2020\05\MARS_20200503_155218.wav_clicks.jld2,2020-05-03T15:52:18.0,2020-05-03,2020-05-23T15:16:18.39
X:\OdontoceteClicks\clicks\2020\05\MARS_20200503_160218.wav_clicks.jld2,2020-05-03T16:02:18.0,2020-05-03,2020-05-23T15:16:36.693
X:\OdontoceteClicks\clicks\2020\05\MARS_20200503_161218.wav_clicks.jld2,2020-05-03T16:12:18.0,2020-05-03,2020-05-23T15:16:38.764
X:\OdontoceteClicks\clicks\2020\05\MARS_20200503_162218.wav_clicks.jld2,2020-05-03T16:22:18.0,2020-05-03,2020-05-23T15:16:57.16
X:\OdontoceteClicks\clicks\2020\05\MARS_20200503_163218.wav_clicks.jld2,2020-05-03T16:32:18.0,2020-05-03,2020-05-23T15:17:00.121
X:\OdontoceteClicks\clicks\2020\05\MARS_20200503_164218.wav_clicks.jld2,2020-05-03T16:42:18.0,2020-05-03,2020-05-23T15:17:18.872
X:\OdontoceteClicks\clicks\2020\05\MARS_20200503_165218.wav_clicks.jld2,2020-05-03T16:52:18.0,2020-05-03,2020-05-23T15:17:21.498
X:\OdontoceteClicks\clicks\2020\05\MARS_20200503_170218.wav_clicks.jld2,2020-05-03T17:02:18.0,2020-05-03,2020-05-23T15:17:40.108
X:\OdontoceteClicks\clicks\2020\05\MARS_20200503_171218.wav_clicks.jld2,2020-05-03T17:12:18.0,2020-05-03,2020-05-23T15:17:42.158
X:\OdontoceteClicks\clicks\2020\05\MARS_20200503_172218.wav_clicks.jld2,2020-05-03T17:22:18.0,2020-05-03,2020-05-23T15:18:02.716
X:\OdontoceteClicks\clicks\2020\05\MARS_20200503_173218.wav_clicks.jld2,2020-05-03T17:32:18.0,2020-05-03,2020-05-23T15:18:03.658
X:\OdontoceteClicks\clicks\2020\05\MARS_20200503_174218.wav_clicks.jld2,2020-05-03T17:42:18.0,2020-05-03,2020-05-23T15:18:24.31
X:\OdontoceteClicks\clicks\2020\05\MARS_20200503_175218.wav_clicks.jld2,2020-05-03T17:52:18.0,2020-05-03,2020-05-23T15:18:26.611
X:\OdontoceteClicks\clicks\2020\05\MARS_20200503_180218.wav_clicks.jld2,2020-05-03T18:02:18.0,2020-05-03,2020-05-23T15:18:45.959
X:\OdontoceteClicks\clicks\2020\05\MARS_20200503_181218.wav_clicks.jld2,2020-05-03T18:12:18.0,2020-05-03,2020-05-23T15:18:48.037
X:\OdontoceteClicks\clicks\2020\05\MARS_20200503_182218.wav_clicks.jld2,2020-05-03T18:22:18.0,2020-05-03,2020-05-23T15:19:07.415
X:\OdontoceteClicks\clicks\2020\05\MARS_20200503_183218.wav_clicks.jld2,2020-05-03T18:32:18.0,2020-05-03,2020-05-23T15:19:09.772
X:\OdontoceteClicks\clicks\2020\05\MARS_20200503_184218.wav_clicks.jld2,2020-05-03T18:42:18.0,2020-05-03,2020-05-23T15:19:28.954
X:\OdontoceteClicks\clicks\2020\05\MARS_20200503_185218.wav_clicks.jld2,2020-05-03T18:52:18.0,2020-05-03,2020-05-23T15:19:31.388
X:\OdontoceteClicks\clicks\2020\05\MARS_20200503_190218.wav_clicks.jld2,2020-05-03T19:02:18.0,2020-05-03,2020-05-23T15:19:50.078
X:\OdontoceteClicks\clicks\2020\05\MARS_20200503_191218.wav_clicks.jld2,2020-05-03T19:12:18.0,2020-05-03,2020-05-23T15:19:51.934
X:\OdontoceteClicks\clicks\2020\05\MARS_20200503_192218.wav_clicks.jld2,2020-05-03T19:22:18.0,2020-05-03,2020-05-23T15:20:12.919
X:\OdontoceteClicks\clicks\2020\05\MARS_20200503_193218.wav_clicks.jld2,2020-05-03T19:32:18.0,2020-05-03,2020-05-23T15:20:12.0
X:\OdontoceteClicks\clicks\2020\05\MARS_20200503_194218.wav_clicks.jld2,2020-05-03T19:42:18.0,2020-05-03,2020-05-23T15:20:33.262
X:\OdontoceteClicks\clicks\2020\05\MARS_20200503_195218.wav_clicks.jld2,2020-05-03T19:52:18.0,2020-05-03,2020-05-23T15:20:33.202
X:\OdontoceteClicks\clicks\2020\05\MARS_20200503_200218.wav_clicks.jld2,2020-05-03T20:02:18.0,2020-05-03,2020-05-23T15:20:54.708
X:\OdontoceteClicks\clicks\2020\05\MARS_20200503_201218.wav_clicks.jld2,2020-05-03T20:12:18.0,2020-05-03,2020-05-23T15:20:54.152
X:\OdontoceteClicks\clicks\2020\05\MARS_20200503_202218.wav_clicks.jld2,2020-05-03T20:22:18.0,2020-05-03,2020-05-23T15:21:16.432
X:\OdontoceteClicks\clicks\2020\05\MARS_20200503_203218.wav_clicks.jld2,2020-05-03T20:32:18.0,2020-05-03,2020-05-23T15:21:16.371
X:\OdontoceteClicks\clicks\2020\05\MARS_20200503_204218.wav_clicks.jld2,2020-05-03T20:42:18.0,2020-05-03,2020-05-23T15:21:36.91
X:\OdontoceteClicks\clicks\2020\05\MARS_20200503_205218.wav_clicks.jld2,2020-05-03T20:52:18.0,2020-05-03,2020-05-23T15:21:37.257
X:\OdontoceteClicks\clicks\2020\05\MARS_20200503_210218.wav_clicks.jld2,2020-05-03T21:02:18.0,2020-05-03,2020-05-23T15:21:57.481
X:\OdontoceteClicks\clicks\2020\05\MARS_20200503_211218.wav_clicks.jld2,2020-05-03T21:12:18.0,2020-05-03,2020-05-23T15:21:57.796
X:\OdontoceteClicks\clicks\2020\05\MARS_20200503_212218.wav_clicks.jld2,2020-05-03T21:22:18.0,2020-05-03,2020-05-23T15:22:17.588
X:\OdontoceteClicks\clicks\2020\05\MARS_20200503_213218.wav_clicks.jld2,2020-05-03T21:32:18.0,2020-05-03,2020-05-23T15:22:18.268
X:\OdontoceteClicks\clicks\2020\05\MARS_20200503_214218.wav_clicks.jld2,2020-05-03T21:42:18.0,2020-05-03,2020-05-23T15:22:39.615
X:\OdontoceteClicks\clicks\2020\05\MARS_20200503_215218.wav_clicks.jld2,2020-05-03T21:52:18.0,2020-05-03,2020-05-23T15:22:37.145
X:\OdontoceteClicks\clicks\2020\05\MARS_20200503_220218.wav_clicks.jld2,2020-05-03T22:02:18.0,2020-05-03,2020-05-23T15:22:56.725
X:\OdontoceteClicks\clicks\2020\05\MARS_20200503_221218.wav_clicks.jld2,2020-05-03T22:12:18.0,2020-05-03,2020-05-23T15:22:59.99
X:\OdontoceteClicks\clicks\2020\05\MARS_20200503_222218.wav_clicks.jld2,2020-05-03T22:22:18.0,2020-05-03,2020-05-23T15:23:17.325
X:\OdontoceteClicks\clicks\2020\05\MARS_20200503_223218.wav_clicks.jld2,2020-05-03T22:32:18.0,2020-05-03,2020-05-23T15:23:21.484
X:\OdontoceteClicks\clicks\2020\05\MARS_20200503_224218.wav_clicks.jld2,2020-05-03T22:42:18.0,2020-05-03,2020-05-23T15:23:38.099
X:\OdontoceteClicks\clicks\2020\05\MARS_20200503_225218.wav_clicks.jld2,2020-05-03T22:52:18.0,2020-05-03,2020-05-23T15:23:44.992
X:\OdontoceteClicks\clicks\2020\05\MARS_20200503_230218.wav_clicks.jld2,2020-05-03T23:02:18.0,2020-05-03,2020-05-23T15:23:58.347
X:\OdontoceteClicks\clicks\2020\05\MARS_20200503_231218.wav_clicks.jld2,2020-05-03T23:12:18.0,2020-05-03,2020-05-23T15:24:05.491
X:\OdontoceteClicks\clicks\2020\05\MARS_20200503_232218.wav_clicks.jld2,2020-05-03T23:22:18.0,2020-05-03,2020-05-23T15:24:22.886
X:\OdontoceteClicks\clicks\2020\05\MARS_20200503_233218.wav_clicks.jld2,2020-05-03T23:32:18.0,2020-05-03,2020-05-23T15:24:25.373
X:\OdontoceteClicks\clicks\2020\05\MARS_20200503_234218.wav_clicks.jld2,2020-05-03T23:42:18.0,2020-05-03,2020-05-23T15:24:44.201
X:\OdontoceteClicks\clicks\2020\05\MARS_20200503_235218.wav_clicks.jld2,2020-05-03T23:52:18.0,2020-05-03,2020-05-23T15:24:47.831
X:\OdontoceteClicks\clicks\2020\05\MARS_20200504_000218.wav_clicks.jld2,2020-05-04T00:02:18.0,2020-05-04,2020-05-23T15:25:04.023
X:\OdontoceteClicks\clicks\2020\05\MARS_20200504_001218.wav_clicks.jld2,2020-05-04T00:12:18.0,2020-05-04,2020-05-23T15:25:08.857
X:\OdontoceteClicks\clicks\2020\05\MARS_20200504_002218.wav_clicks.jld2,2020-05-04T00:22:18.0,2020-05-04,2020-05-23T15:25:24.511
X:\OdontoceteClicks\clicks\2020\05\MARS_20200504_003218.wav_clicks.jld2,2020-05-04T00:32:18.0,2020-05-04,2020-05-23T15:25:29.279
X:\OdontoceteClicks\clicks\2020\05\MARS_20200504_004218.wav_clicks.jld2,2020-05-04T00:42:18.0,2020-05-04,2020-05-23T15:25:46.812
X:\OdontoceteClicks\clicks\2020\05\MARS_20200504_005218.wav_clicks.jld2,2020-05-04T00:52:18.0,2020-05-04,2020-05-23T15:25:50.307
X:\OdontoceteClicks\clicks\2020\05\MARS_20200504_010218.wav_clicks.jld2,2020-05-04T01:02:18.0,2020-05-04,2020-05-23T15:26:06.805
X:\OdontoceteClicks\clicks\2020\05\MARS_20200504_011218.wav_clicks.jld2,2020-05-04T01:12:18.0,2020-05-04,2020-05-23T15:26:12.767
X:\OdontoceteClicks\clicks\2020\05\MARS_20200504_012218.wav_clicks.jld2,2020-05-04T01:22:18.0,2020-05-04,2020-05-23T15:26:29.394
X:\OdontoceteClicks\clicks\2020\05\MARS_20200504_013218.wav_clicks.jld2,2020-05-04T01:32:18.0,2020-05-04,2020-05-23T15:26:32.766
X:\OdontoceteClicks\clicks\2020\05\MARS_20200504_014218.wav_clicks.jld2,2020-05-04T01:42:18.0,2020-05-04,2020-05-23T15:26:49.309
X:\OdontoceteClicks\clicks\2020\05\MARS_20200504_015218.wav_clicks.jld2,2020-05-04T01:52:18.0,2020-05-04,2020-05-23T15:26:56.748
X:\OdontoceteClicks\clicks\2020\05\MARS_20200504_020218.wav_clicks.jld2,2020-05-04T02:02:18.0,2020-05-04,2020-05-23T15:27:09.778
X:\OdontoceteClicks\clicks\2020\05\MARS_20200504_021218.wav_clicks.jld2,2020-05-04T02:12:18.0,2020-05-04,2020-05-23T15:27:16.136
X:\OdontoceteClicks\clicks\2020\05\MARS_20200504_022218.wav_clicks.jld2,2020-05-04T02:22:18.0,2020-05-04,2020-05-23T15:27:30.149
X:\OdontoceteClicks\clicks\2020\05\MARS_20200504_023218.wav_clicks.jld2,2020-05-04T02:32:18.0,2020-05-04,2020-05-23T15:27:35.794
X:\OdontoceteClicks\clicks\2020\05\MARS_20200504_024218.wav_clicks.jld2,2020-05-04T02:42:18.0,2020-05-04,2020-05-23T15:27:51.136
X:\OdontoceteClicks\clicks\2020\05\MARS_20200504_025218.wav_clicks.jld2,2020-05-04T02:52:18.0,2020-05-04,2020-05-23T15:27:58.891
X:\OdontoceteClicks\clicks\2020\05\MARS_20200504_030218.wav_clicks.jld2,2020-05-04T03:02:18.0,2020-05-04,2020-05-23T15:28:13.154
X:\OdontoceteClicks\clicks\2020\05\MARS_20200504_031218.wav_clicks.jld2,2020-05-04T03:12:18.0,2020-05-04,2020-05-23T15:28:21.259
X:\OdontoceteClicks\clicks\2020\05\MARS_20200504_032218.wav_clicks.jld2,2020-05-04T03:22:18.0,2020-05-04,2020-05-23T15:28:34.411
X:\OdontoceteClicks\clicks\2020\05\MARS_20200504_033218.wav_clicks.jld2,2020-05-04T03:32:18.0,2020-05-04,2020-05-23T15:28:40.867
X:\OdontoceteClicks\clicks\2020\05\MARS_20200504_034218.wav_clicks.jld2,2020-05-04T03:42:18.0,2020-05-04,2020-05-23T15:28:55.972
X:\OdontoceteClicks\clicks\2020\05\MARS_20200504_035218.wav_clicks.jld2,2020-05-04T03:52:18.0,2020-05-04,2020-05-23T15:29:06.17
X:\OdontoceteClicks\clicks\2020\05\MARS_20200504_040218.wav_clicks.jld2,2020-05-04T04:02:18.0,2020-05-04,2020-05-23T15:29:19.124
X:\OdontoceteClicks\clicks\2020\05\MARS_20200504_041218.wav_clicks.jld2,2020-05-04T04:12:18.0,2020-05-04,2020-05-23T15:29:27.605
X:\OdontoceteClicks\clicks\2020\05\MARS_20200504_042218.wav_clicks.jld2,2020-05-04T04:22:18.0,2020-05-04,2020-05-23T15:29:39.991
X:\OdontoceteClicks\clicks\2020\05\MARS_20200504_043219.wav_clicks.jld2,2020-05-04T04:32:19.0,2020-05-04,2020-05-23T15:29:49.635
X:\OdontoceteClicks\clicks\2020\05\MARS_20200504_044218.wav_clicks.jld2,2020-05-04T04:42:18.0,2020-05-04,2020-05-23T15:30:01.052
X:\OdontoceteClicks\clicks\2020\05\MARS_20200504_045218.wav_clicks.jld2,2020-05-04T04:52:18.0,2020-05-04,2020-05-23T15:30:09.763
X:\OdontoceteClicks\clicks\2020\05\MARS_20200504_050218.wav_clicks.jld2,2020-05-04T05:02:18.0,2020-05-04,2020-05-23T15:30:21.579
X:\OdontoceteClicks\clicks\2020\05\MARS_20200504_051218.wav_clicks.jld2,2020-05-04T05:12:18.0,2020-05-04,2020-05-23T15:30:34.639
X:\OdontoceteClicks\clicks\2020\05\MARS_20200504_052218.wav_clicks.jld2,2020-05-04T05:22:18.0,2020-05-04,2020-05-23T15:30:46.439
X:\OdontoceteClicks\clicks\2020\05\MARS_20200504_053219.wav_clicks.jld2,2020-05-04T05:32:19.0,2020-05-04,2020-05-23T15:30:55.076
X:\OdontoceteClicks\clicks\2020\05\MARS_20200504_054218.wav_clicks.jld2,2020-05-04T05:42:18.0,2020-05-04,2020-05-23T15:31:08.002
X:\OdontoceteClicks\clicks\2020\05\MARS_20200504_055218.wav_clicks.jld2,2020-05-04T05:52:18.0,2020-05-04,2020-05-23T15:31:15.553
X:\OdontoceteClicks\clicks\2020\05\MARS_20200504_060219.wav_clicks.jld2,2020-05-04T06:02:19.0,2020-05-04,2020-05-23T15:31:32.094
X:\OdontoceteClicks\clicks\2020\05\MARS_20200504_061219.wav_clicks.jld2,2020-05-04T06:12:19.0,2020-05-04,2020-05-23T15:31:37.371
X:\OdontoceteClicks\clicks\2020\05\MARS_20200504_062219.wav_clicks.jld2,2020-05-04T06:22:19.0,2020-05-04,2020-05-23T15:31:51.941
X:\OdontoceteClicks\clicks\2020\05\MARS_20200504_063219.wav_clicks.jld2,2020-05-04T06:32:19.0,2020-05-04,2020-05-23T15:31:57.81
X:\OdontoceteClicks\clicks\2020\05\MARS_20200504_064219.wav_clicks.jld2,2020-05-04T06:42:19.0,2020-05-04,2020-05-23T15:32:11.89
X:\OdontoceteClicks\clicks\2020\05\MARS_20200504_065218.wav_clicks.jld2,2020-05-04T06:52:18.0,2020-05-04,2020-05-23T15:32:21.917
X:\OdontoceteClicks\clicks\2020\05\MARS_20200504_070219.wav_clicks.jld2,2020-05-04T07:02:19.0,2020-05-04,2020-05-23T15:32:33.133
X:\OdontoceteClicks\clicks\2020\05\MARS_20200504_071219.wav_clicks.jld2,2020-05-04T07:12:19.0,2020-05-04,2020-05-23T15:32:42.525
X:\OdontoceteClicks\clicks\2020\05\MARS_20200504_072219.wav_clicks.jld2,2020-05-04T07:22:19.0,2020-05-04,2020-05-23T15:32:53.847
X:\OdontoceteClicks\clicks\2020\05\MARS_20200504_073218.wav_clicks.jld2,2020-05-04T07:32:18.0,2020-05-04,2020-05-23T15:33:05.667
X:\OdontoceteClicks\clicks\2020\05\MARS_20200504_074218.wav_clicks.jld2,2020-05-04T07:42:18.0,2020-05-04,2020-05-23T15:33:14.939
X:\OdontoceteClicks\clicks\2020\05\MARS_20200504_075219.wav_clicks.jld2,2020-05-04T07:52:19.0,2020-05-04,2020-05-23T15:33:26.208
X:\OdontoceteClicks\clicks\2020\05\MARS_20200504_080219.wav_clicks.jld2,2020-05-04T08:02:19.0,2020-05-04,2020-05-23T15:33:34.984
X:\OdontoceteClicks\clicks\2020\05\MARS_20200504_081219.wav_clicks.jld2,2020-05-04T08:12:19.0,2020-05-04,2020-05-23T15:33:47.068
X:\OdontoceteClicks\clicks\2020\05\MARS_20200504_082219.wav_clicks.jld2,2020-05-04T08:22:19.0,2020-05-04,2020-05-23T15:33:56.232
X:\OdontoceteClicks\clicks\2020\05\MARS_20200504_083219.wav_clicks.jld2,2020-05-04T08:32:19.0,2020-05-04,2020-05-23T15:34:07.226
X:\OdontoceteClicks\clicks\2020\05\MARS_20200504_084219.wav_clicks.jld2,2020-05-04T08:42:19.0,2020-05-04,2020-05-23T15:34:17.074
X:\OdontoceteClicks\clicks\2020\05\MARS_20200504_085219.wav_clicks.jld2,2020-05-04T08:52:19.0,2020-05-04,2020-05-23T15:34:28.412
X:\OdontoceteClicks\clicks\2020\05\MARS_20200504_090218.wav_clicks.jld2,2020-05-04T09:02:18.0,2020-05-04,2020-05-23T15:34:42.348
X:\OdontoceteClicks\clicks\2020\05\MARS_20200504_091219.wav_clicks.jld2,2020-05-04T09:12:19.0,2020-05-04,2020-05-23T15:34:51.335
X:\OdontoceteClicks\clicks\2020\05\MARS_20200504_092219.wav_clicks.jld2,2020-05-04T09:22:19.0,2020-05-04,2020-05-23T15:35:02.803
X:\OdontoceteClicks\clicks\2020\05\MARS_20200504_093219.wav_clicks.jld2,2020-05-04T09:32:19.0,2020-05-04,2020-05-23T15:35:12.119
X:\OdontoceteClicks\clicks\2020\05\MARS_20200504_094219.wav_clicks.jld2,2020-05-04T09:42:19.0,2020-05-04,2020-05-23T15:35:23.891
X:\OdontoceteClicks\clicks\2020\05\MARS_20200504_095219.wav_clicks.jld2,2020-05-04T09:52:19.0,2020-05-04,2020-05-23T15:35:34.583
X:\OdontoceteClicks\clicks\2020\05\MARS_20200504_100219.wav_clicks.jld2,2020-05-04T10:02:19.0,2020-05-04,2020-05-23T15:35:44.613
X:\OdontoceteClicks\clicks\2020\05\MARS_20200504_101219.wav_clicks.jld2,2020-05-04T10:12:19.0,2020-05-04,2020-05-23T15:35:54.748
X:\OdontoceteClicks\clicks\2020\05\MARS_20200504_102219.wav_clicks.jld2,2020-05-04T10:22:19.0,2020-05-04,2020-05-23T15:36:05.67
X:\OdontoceteClicks\clicks\2020\05\MARS_20200504_103219.wav_clicks.jld2,2020-05-04T10:32:19.0,2020-05-04,2020-05-23T15:36:15.31
X:\OdontoceteClicks\clicks\2020\05\MARS_20200504_104219.wav_clicks.jld2,2020-05-04T10:42:19.0,2020-05-04,2020-05-23T15:36:26.373
X:\OdontoceteClicks\clicks\2020\05\MARS_20200504_105219.wav_clicks.jld2,2020-05-04T10:52:19.0,2020-05-04,2020-05-23T15:36:36.639
X:\OdontoceteClicks\clicks\2020\05\MARS_20200504_110219.wav_clicks.jld2,2020-05-04T11:02:19.0,2020-05-04,2020-05-23T15:36:47.242
X:\OdontoceteClicks\clicks\2020\05\MARS_20200504_111219.wav_clicks.jld2,2020-05-04T11:12:19.0,2020-05-04,2020-05-23T15:37:02.054
X:\OdontoceteClicks\clicks\2020\05\MARS_20200504_112219.wav_clicks.jld2,2020-05-04T11:22:19.0,2020-05-04,2020-05-23T15:37:09.236
X:\OdontoceteClicks\clicks\2020\05\MARS_20200504_113219.wav_clicks.jld2,2020-05-04T11:32:19.0,2020-05-04,2020-05-23T15:37:22.225
X:\OdontoceteClicks\clicks\2020\05\MARS_20200504_114219.wav_clicks.jld2,2020-05-04T11:42:19.0,2020-05-04,2020-05-23T15:37:29.778
X:\OdontoceteClicks\clicks\2020\05\MARS_20200504_115219.wav_clicks.jld2,2020-05-04T11:52:19.0,2020-05-04,2020-05-23T15:37:44.111
X:\OdontoceteClicks\clicks\2020\05\MARS_20200504_120219.wav_clicks.jld2,2020-05-04T12:02:19.0,2020-05-04,2020-05-23T15:37:56.4
X:\OdontoceteClicks\clicks\2020\05\MARS_20200504_121219.wav_clicks.jld2,2020-05-04T12:12:19.0,2020-05-04,2020-05-23T15:38:06.178
X:\OdontoceteClicks\clicks\2020\05\MARS_20200504_122219.wav_clicks.jld2,2020-05-04T12:22:19.0,2020-05-04,2020-05-23T15:38:18.707
X:\OdontoceteClicks\clicks\2020\05\MARS_20200504_123219.wav_clicks.jld2,2020-05-04T12:32:19.0,2020-05-04,2020-05-23T15:38:28.212
X:\OdontoceteClicks\clicks\2020\05\MARS_20200504_124219.wav_clicks.jld2,2020-05-04T12:42:19.0,2020-05-04,2020-05-23T15:38:43.728
X:\OdontoceteClicks\clicks\2020\05\MARS_20200504_125219.wav_clicks.jld2,2020-05-04T12:52:19.0,2020-05-04,2020-05-23T15:38:49.832
X:\OdontoceteClicks\clicks\2020\05\MARS_20200504_130219.wav_clicks.jld2,2020-05-04T13:02:19.0,2020-05-04,2020-05-23T15:39:05.112
X:\OdontoceteClicks\clicks\2020\05\MARS_20200504_131219.wav_clicks.jld2,2020-05-04T13:12:19.0,2020-05-04,2020-05-23T15:39:09.548
X:\OdontoceteClicks\clicks\2020\05\MARS_20200504_132219.wav_clicks.jld2,2020-05-04T13:22:19.0,2020-05-04,2020-05-23T15:39:28.958
X:\OdontoceteClicks\clicks\2020\05\MARS_20200504_133219.wav_clicks.jld2,2020-05-04T13:32:19.0,2020-05-04,2020-05-23T15:39:30.396
X:\OdontoceteClicks\clicks\2020\05\MARS_20200504_134219.wav_clicks.jld2,2020-05-04T13:42:19.0,2020-05-04,2020-05-23T15:39:52.313
X:\OdontoceteClicks\clicks\2020\05\MARS_20200504_135219.wav_clicks.jld2,2020-05-04T13:52:19.0,2020-05-04,2020-05-23T15:39:52.624
X:\OdontoceteClicks\clicks\2020\05\MARS_20200504_140219.wav_clicks.jld2,2020-05-04T14:02:19.0,2020-05-04,2020-05-23T15:40:17.073
X:\OdontoceteClicks\clicks\2020\05\MARS_20200504_141219.wav_clicks.jld2,2020-05-04T14:12:19.0,2020-05-04,2020-05-23T15:40:14.362
X:\OdontoceteClicks\clicks\2020\05\MARS_20200504_142219.wav_clicks.jld2,2020-05-04T14:22:19.0,2020-05-04,2020-05-23T15:40:35.889
X:\OdontoceteClicks\clicks\2020\05\MARS_20200504_143219.wav_clicks.jld2,2020-05-04T14:32:19.0,2020-05-04,2020-05-23T15:40:38.683
X:\OdontoceteClicks\clicks\2020\05\MARS_20200504_144219.wav_clicks.jld2,2020-05-04T14:42:19.0,2020-05-04,2020-05-23T15:40:56.326
X:\OdontoceteClicks\clicks\2020\05\MARS_20200504_145219.wav_clicks.jld2,2020-05-04T14:52:19.0,2020-05-04,2020-05-23T15:41:00.589
X:\OdontoceteClicks\clicks\2020\05\MARS_20200504_150219.wav_clicks.jld2,2020-05-04T15:02:19.0,2020-05-04,2020-05-23T15:41:17.43
X:\OdontoceteClicks\clicks\2020\05\MARS_20200504_151219.wav_clicks.jld2,2020-05-04T15:12:19.0,2020-05-04,2020-05-23T15:41:22.206
X:\OdontoceteClicks\clicks\2020\05\MARS_20200504_152219.wav_clicks.jld2,2020-05-04T15:22:19.0,2020-05-04,2020-05-23T15:41:39.821
X:\OdontoceteClicks\clicks\2020\05\MARS_20200504_153219.wav_clicks.jld2,2020-05-04T15:32:19.0,2020-05-04,2020-05-23T15:41:45.978
X:\OdontoceteClicks\clicks\2020\05\MARS_20200504_154219.wav_clicks.jld2,2020-05-04T15:42:19.0,2020-05-04,2020-05-23T15:42:01.576
X:\OdontoceteClicks\clicks\2020\05\MARS_20200504_155219.wav_clicks.jld2,2020-05-04T15:52:19.0,2020-05-04,2020-05-23T15:42:07.965
X:\OdontoceteClicks\clicks\2020\05\MARS_20200504_160219.wav_clicks.jld2,2020-05-04T16:02:19.0,2020-05-04,2020-05-23T15:42:23.567
X:\OdontoceteClicks\clicks\2020\05\MARS_20200504_161219.wav_clicks.jld2,2020-05-04T16:12:19.0,2020-05-04,2020-05-23T15:42:32.188
X:\OdontoceteClicks\clicks\2020\05\MARS_20200504_162219.wav_clicks.jld2,2020-05-04T16:22:19.0,2020-05-04,2020-05-23T15:42:45.542
X:\OdontoceteClicks\clicks\2020\05\MARS_20200504_163219.wav_clicks.jld2,2020-05-04T16:32:19.0,2020-05-04,2020-05-23T15:42:58.297
X:\OdontoceteClicks\clicks\2020\05\MARS_20200504_164219.wav_clicks.jld2,2020-05-04T16:42:19.0,2020-05-04,2020-05-23T15:43:06.516
X:\OdontoceteClicks\clicks\2020\05\MARS_20200504_165219.wav_clicks.jld2,2020-05-04T16:52:19.0,2020-05-04,2020-05-23T15:43:19.069
X:\OdontoceteClicks\clicks\2020\05\MARS_20200504_170219.wav_clicks.jld2,2020-05-04T17:02:19.0,2020-05-04,2020-05-23T15:43:28.521
X:\OdontoceteClicks\clicks\2020\05\MARS_20200504_171219.wav_clicks.jld2,2020-05-04T17:12:19.0,2020-05-04,2020-05-23T15:43:39.824
X:\OdontoceteClicks\clicks\2020\05\MARS_20200504_172219.wav_clicks.jld2,2020-05-04T17:22:19.0,2020-05-04,2020-05-23T15:43:50.568
X:\OdontoceteClicks\clicks\2020\05\MARS_20200504_173219.wav_clicks.jld2,2020-05-04T17:32:19.0,2020-05-04,2020-05-23T15:44:00.407
X:\OdontoceteClicks\clicks\2020\05\MARS_20200504_174219.wav_clicks.jld2,2020-05-04T17:42:19.0,2020-05-04,2020-05-23T15:44:11.215
X:\OdontoceteClicks\clicks\2020\05\MARS_20200504_175219.wav_clicks.jld2,2020-05-04T17:52:19.0,2020-05-04,2020-05-23T15:44:21.064
X:\OdontoceteClicks\clicks\2020\05\MARS_20200504_180219.wav_clicks.jld2,2020-05-04T18:02:19.0,2020-05-04,2020-05-23T15:44:32.439
X:\OdontoceteClicks\clicks\2020\05\MARS_20200504_181219.wav_clicks.jld2,2020-05-04T18:12:19.0,2020-05-04,2020-05-23T15:44:43.364
X:\OdontoceteClicks\clicks\2020\05\MARS_20200504_182219.wav_clicks.jld2,2020-05-04T18:22:19.0,2020-05-04,2020-05-23T15:44:56.973
X:\OdontoceteClicks\clicks\2020\05\MARS_20200504_183219.wav_clicks.jld2,2020-05-04T18:32:19.0,2020-05-04,2020-05-23T15:45:03.747
X:\OdontoceteClicks\clicks\2020\05\MARS_20200504_184219.wav_clicks.jld2,2020-05-04T18:42:19.0,2020-05-04,2020-05-23T15:45:24.945
X:\OdontoceteClicks\clicks\2020\05\MARS_20200504_185219.wav_clicks.jld2,2020-05-04T18:52:19.0,2020-05-04,2020-05-23T15:45:33.362
X:\OdontoceteClicks\clicks\2020\05\MARS_20200504_190219.wav_clicks.jld2,2020-05-04T19:02:19.0,2020-05-04,2020-05-23T15:45:45.917
X:\OdontoceteClicks\clicks\2020\05\MARS_20200504_191219.wav_clicks.jld2,2020-05-04T19:12:19.0,2020-05-04,2020-05-23T15:45:56.638
X:\OdontoceteClicks\clicks\2020\05\MARS_20200504_192219.wav_clicks.jld2,2020-05-04T19:22:19.0,2020-05-04,2020-05-23T15:46:10.903
X:\OdontoceteClicks\clicks\2020\05\MARS_20200504_193219.wav_clicks.jld2,2020-05-04T19:32:19.0,2020-05-04,2020-05-23T15:46:17.351
X:\OdontoceteClicks\clicks\2020\05\MARS_20200504_194219.wav_clicks.jld2,2020-05-04T19:42:19.0,2020-05-04,2020-05-23T15:46:34.713
X:\OdontoceteClicks\clicks\2020\05\MARS_20200504_195219.wav_clicks.jld2,2020-05-04T19:52:19.0,2020-05-04,2020-05-23T15:46:38.045
X:\OdontoceteClicks\clicks\2020\05\MARS_20200504_200219.wav_clicks.jld2,2020-05-04T20:02:19.0,2020-05-04,2020-05-23T15:46:55.375
X:\OdontoceteClicks\clicks\2020\05\MARS_20200504_201219.wav_clicks.jld2,2020-05-04T20:12:19.0,2020-05-04,2020-05-23T15:47:01.127
X:\OdontoceteClicks\clicks\2020\05\MARS_20200504_202219.wav_clicks.jld2,2020-05-04T20:22:19.0,2020-05-04,2020-05-23T15:47:16.227
X:\OdontoceteClicks\clicks\2020\05\MARS_20200504_203219.wav_clicks.jld2,2020-05-04T20:32:19.0,2020-05-04,2020-05-23T15:47:23.408
X:\OdontoceteClicks\clicks\2020\05\MARS_20200504_204219.wav_clicks.jld2,2020-05-04T20:42:19.0,2020-05-04,2020-05-23T15:47:36.781
X:\OdontoceteClicks\clicks\2020\05\MARS_20200504_205219.wav_clicks.jld2,2020-05-04T20:52:19.0,2020-05-04,2020-05-23T15:47:43.187
X:\OdontoceteClicks\clicks\2020\05\MARS_20200504_210219.wav_clicks.jld2,2020-05-04T21:02:19.0,2020-05-04,2020-05-23T15:47:59.077
X:\OdontoceteClicks\clicks\2020\05\MARS_20200504_211219.wav_clicks.jld2,2020-05-04T21:12:19.0,2020-05-04,2020-05-23T15:48:02.971
X:\OdontoceteClicks\clicks\2020\05\MARS_20200504_212219.wav_clicks.jld2,2020-05-04T21:22:19.0,2020-05-04,2020-05-23T15:48:21.021
X:\OdontoceteClicks\clicks\2020\05\MARS_20200504_213219.wav_clicks.jld2,2020-05-04T21:32:19.0,2020-05-04,2020-05-23T15:48:23.785
X:\OdontoceteClicks\clicks\2020\05\MARS_20200504_214219.wav_clicks.jld2,2020-05-04T21:42:19.0,2020-05-04,2020-05-23T15:48:41.502
X:\OdontoceteClicks\clicks\2020\05\MARS_20200504_215219.wav_clicks.jld2,2020-05-04T21:52:19.0,2020-05-04,2020-05-23T15:48:45.008
X:\OdontoceteClicks\clicks\2020\05\MARS_20200504_220219.wav_clicks.jld2,2020-05-04T22:02:19.0,2020-05-04,2020-05-23T15:49:03.267
X:\OdontoceteClicks\clicks\2020\05\MARS_20200504_221219.wav_clicks.jld2,2020-05-04T22:12:19.0,2020-05-04,2020-05-23T15:49:10.297
X:\OdontoceteClicks\clicks\2020\05\MARS_20200504_222219.wav_clicks.jld2,2020-05-04T22:22:19.0,2020-05-04,2020-05-23T15:49:24.165
X:\OdontoceteClicks\clicks\2020\05\MARS_20200504_223219.wav_clicks.jld2,2020-05-04T22:32:19.0,2020-05-04,2020-05-23T15:49:32.605
X:\OdontoceteClicks\clicks\2020\05\MARS_20200504_224219.wav_clicks.jld2,2020-05-04T22:42:19.0,2020-05-04,2020-05-23T15:49:43.696
X:\OdontoceteClicks\clicks\2020\05\MARS_20200504_225219.wav_clicks.jld2,2020-05-04T22:52:19.0,2020-05-04,2020-05-23T15:50:03.865
X:\OdontoceteClicks\clicks\2020\05\MARS_20200504_230219.wav_clicks.jld2,2020-05-04T23:02:19.0,2020-05-04,2020-05-23T15:50:05.178
X:\OdontoceteClicks\clicks\2020\05\MARS_20200504_231219.wav_clicks.jld2,2020-05-04T23:12:19.0,2020-05-04,2020-05-23T15:50:23.732
X:\OdontoceteClicks\clicks\2020\05\MARS_20200504_232219.wav_clicks.jld2,2020-05-04T23:22:19.0,2020-05-04,2020-05-23T15:50:26.238
X:\OdontoceteClicks\clicks\2020\05\MARS_20200504_233219.wav_clicks.jld2,2020-05-04T23:32:19.0,2020-05-04,2020-05-23T15:50:45.279
X:\OdontoceteClicks\clicks\2020\05\MARS_20200504_234219.wav_clicks.jld2,2020-05-04T23:42:19.0,2020-05-04,2020-05-23T15:50:46.816
X:\OdontoceteClicks\clicks\2020\05\MARS_20200504_235219.wav_clicks.jld2,2020-05-04T23:52:19.0,2020-05-04,2020-05-23T15:51:06.222
X:\OdontoceteClicks\clicks\2020\05\MARS_20200505_000219.wav_clicks.jld2,2020-05-05T00:02:19.0,2020-05-05,2020-05-23T15:51:13.457
X:\OdontoceteClicks\clicks\2020\05\MARS_20200505_001219.wav_clicks.jld2,2020-05-05T00:12:19.0,2020-05-05,2020-05-23T15:51:27.615
X:\OdontoceteClicks\clicks\2020\05\MARS_20200505_002219.wav_clicks.jld2,2020-05-05T00:22:19.0,2020-05-05,2020-05-23T15:51:34.378
X:\OdontoceteClicks\clicks\2020\05\MARS_20200505_003219.wav_clicks.jld2,2020-05-05T00:32:19.0,2020-05-05,2020-05-23T15:51:47.37
X:\OdontoceteClicks\clicks\2020\05\MARS_20200505_004219.wav_clicks.jld2,2020-05-05T00:42:19.0,2020-05-05,2020-05-23T15:51:54.524
X:\OdontoceteClicks\clicks\2020\05\MARS_20200505_005219.wav_clicks.jld2,2020-05-05T00:52:19.0,2020-05-05,2020-05-23T15:52:06.372
X:\OdontoceteClicks\clicks\2020\05\MARS_20200505_010219.wav_clicks.jld2,2020-05-05T01:02:19.0,2020-05-05,2020-05-23T15:52:17.339
X:\OdontoceteClicks\clicks\2020\05\MARS_20200505_011219.wav_clicks.jld2,2020-05-05T01:12:19.0,2020-05-05,2020-05-23T15:52:25.875
X:\OdontoceteClicks\clicks\2020\05\MARS_20200505_012219.wav_clicks.jld2,2020-05-05T01:22:19.0,2020-05-05,2020-05-23T15:52:40.366
X:\OdontoceteClicks\clicks\2020\05\MARS_20200505_013219.wav_clicks.jld2,2020-05-05T01:32:19.0,2020-05-05,2020-05-23T15:52:46.51
X:\OdontoceteClicks\clicks\2020\05\MARS_20200505_014219.wav_clicks.jld2,2020-05-05T01:42:19.0,2020-05-05,2020-05-23T15:53:01.527
X:\OdontoceteClicks\clicks\2020\05\MARS_20200505_015219.wav_clicks.jld2,2020-05-05T01:52:19.0,2020-05-05,2020-05-23T15:53:11.851
X:\OdontoceteClicks\clicks\2020\05\MARS_20200505_020219.wav_clicks.jld2,2020-05-05T02:02:19.0,2020-05-05,2020-05-23T15:53:23.133
X:\OdontoceteClicks\clicks\2020\05\MARS_20200505_021219.wav_clicks.jld2,2020-05-05T02:12:19.0,2020-05-05,2020-05-23T15:53:32.869
X:\OdontoceteClicks\clicks\2020\05\MARS_20200505_022219.wav_clicks.jld2,2020-05-05T02:22:19.0,2020-05-05,2020-05-23T15:53:50.933
X:\OdontoceteClicks\clicks\2020\05\MARS_20200505_023219.wav_clicks.jld2,2020-05-05T02:32:19.0,2020-05-05,2020-05-23T15:53:53.254
X:\OdontoceteClicks\clicks\2020\05\MARS_20200505_024219.wav_clicks.jld2,2020-05-05T02:42:19.0,2020-05-05,2020-05-23T15:54:11.358
X:\OdontoceteClicks\clicks\2020\05\MARS_20200505_025219.wav_clicks.jld2,2020-05-05T02:52:19.0,2020-05-05,2020-05-23T15:54:14.663
X:\OdontoceteClicks\clicks\2020\05\MARS_20200505_030219.wav_clicks.jld2,2020-05-05T03:02:19.0,2020-05-05,2020-05-23T15:54:32.697
X:\OdontoceteClicks\clicks\2020\05\MARS_20200505_031219.wav_clicks.jld2,2020-05-05T03:12:19.0,2020-05-05,2020-05-23T15:54:34.665
X:\OdontoceteClicks\clicks\2020\05\MARS_20200505_032219.wav_clicks.jld2,2020-05-05T03:22:19.0,2020-05-05,2020-05-23T15:54:53.982
X:\OdontoceteClicks\clicks\2020\05\MARS_20200505_033219.wav_clicks.jld2,2020-05-05T03:32:19.0,2020-05-05,2020-05-23T15:54:57.051
X:\OdontoceteClicks\clicks\2020\05\MARS_20200505_034219.wav_clicks.jld2,2020-05-05T03:42:19.0,2020-05-05,2020-05-23T15:55:15.626
X:\OdontoceteClicks\clicks\2020\05\MARS_20200505_035219.wav_clicks.jld2,2020-05-05T03:52:19.0,2020-05-05,2020-05-23T15:55:21.956
X:\OdontoceteClicks\clicks\2020\05\MARS_20200505_040219.wav_clicks.jld2,2020-05-05T04:02:19.0,2020-05-05,2020-05-23T15:55:36.637
X:\OdontoceteClicks\clicks\2020\05\MARS_20200505_041219.wav_clicks.jld2,2020-05-05T04:12:19.0,2020-05-05,2020-05-23T15:55:42.018
X:\OdontoceteClicks\clicks\2020\05\MARS_20200505_042219.wav_clicks.jld2,2020-05-05T04:22:19.0,2020-05-05,2020-05-23T15:56:03.141
X:\OdontoceteClicks\clicks\2020\05\MARS_20200505_043219.wav_clicks.jld2,2020-05-05T04:32:19.0,2020-05-05,2020-05-23T15:56:02.388
X:\OdontoceteClicks\clicks\2020\05\MARS_20200505_044219.wav_clicks.jld2,2020-05-05T04:42:19.0,2020-05-05,2020-05-23T15:56:22.388
X:\OdontoceteClicks\clicks\2020\05\MARS_20200505_045219.wav_clicks.jld2,2020-05-05T04:52:19.0,2020-05-05,2020-05-23T15:56:25.44
X:\OdontoceteClicks\clicks\2020\05\MARS_20200505_050219.wav_clicks.jld2,2020-05-05T05:02:19.0,2020-05-05,2020-05-23T15:56:43.54
X:\OdontoceteClicks\clicks\2020\05\MARS_20200505_051219.wav_clicks.jld2,2020-05-05T05:12:19.0,2020-05-05,2020-05-23T15:56:46.229
X:\OdontoceteClicks\clicks\2020\05\MARS_20200505_052219.wav_clicks.jld2,2020-05-05T05:22:19.0,2020-05-05,2020-05-23T15:57:04.598
X:\OdontoceteClicks\clicks\2020\05\MARS_20200505_053219.wav_clicks.jld2,2020-05-05T05:32:19.0,2020-05-05,2020-05-23T15:57:06.989
X:\OdontoceteClicks\clicks\2020\05\MARS_20200505_054219.wav_clicks.jld2,2020-05-05T05:42:19.0,2020-05-05,2020-05-23T15:57:26.331
X:\OdontoceteClicks\clicks\2020\05\MARS_20200505_055219.wav_clicks.jld2,2020-05-05T05:52:19.0,2020-05-05,2020-05-23T15:57:29.204
X:\OdontoceteClicks\clicks\2020\05\MARS_20200505_060219.wav_clicks.jld2,2020-05-05T06:02:19.0,2020-05-05,2020-05-23T15:57:47.431
X:\OdontoceteClicks\clicks\2020\05\MARS_20200505_061219.wav_clicks.jld2,2020-05-05T06:12:19.0,2020-05-05,2020-05-23T15:57:50.247
X:\OdontoceteClicks\clicks\2020\05\MARS_20200505_062219.wav_clicks.jld2,2020-05-05T06:22:19.0,2020-05-05,2020-05-23T15:58:08.813
X:\OdontoceteClicks\clicks\2020\05\MARS_20200505_063219.wav_clicks.jld2,2020-05-05T06:32:19.0,2020-05-05,2020-05-23T15:58:12.913
X:\OdontoceteClicks\clicks\2020\05\MARS_20200505_064219.wav_clicks.jld2,2020-05-05T06:42:19.0,2020-05-05,2020-05-23T15:58:30.195
X:\OdontoceteClicks\clicks\2020\05\MARS_20200505_065219.wav_clicks.jld2,2020-05-05T06:52:19.0,2020-05-05,2020-05-23T15:58:36.954
X:\OdontoceteClicks\clicks\2020\05\MARS_20200505_070219.wav_clicks.jld2,2020-05-05T07:02:19.0,2020-05-05,2020-05-23T15:58:52.234
X:\OdontoceteClicks\clicks\2020\05\MARS_20200505_071219.wav_clicks.jld2,2020-05-05T07:12:19.0,2020-05-05,2020-05-23T15:58:58.209
X:\OdontoceteClicks\clicks\2020\05\MARS_20200505_072219.wav_clicks.jld2,2020-05-05T07:22:19.0,2020-05-05,2020-05-23T15:59:14.604
X:\OdontoceteClicks\clicks\2020\05\MARS_20200505_073219.wav_clicks.jld2,2020-05-05T07:32:19.0,2020-05-05,2020-05-23T15:59:18.842
X:\OdontoceteClicks\clicks\2020\05\MARS_20200505_074219.wav_clicks.jld2,2020-05-05T07:42:19.0,2020-05-05,2020-05-23T15:59:41.658
X:\OdontoceteClicks\clicks\2020\05\MARS_20200505_075219.wav_clicks.jld2,2020-05-05T07:52:19.0,2020-05-05,2020-05-23T15:59:40.349
X:\OdontoceteClicks\clicks\2020\05\MARS_20200505_080219.wav_clicks.jld2,2020-05-05T08:02:19.0,2020-05-05,2020-05-23T16:00:02.113
X:\OdontoceteClicks\clicks\2020\05\MARS_20200505_081219.wav_clicks.jld2,2020-05-05T08:12:19.0,2020-05-05,2020-05-23T16:00:04.959
X:\OdontoceteClicks\clicks\2020\05\MARS_20200505_082219.wav_clicks.jld2,2020-05-05T08:22:19.0,2020-05-05,2020-05-23T16:00:22.592
X:\OdontoceteClicks\clicks\2020\05\MARS_20200505_083219.wav_clicks.jld2,2020-05-05T08:32:19.0,2020-05-05,2020-05-23T16:00:26.212
X:\OdontoceteClicks\clicks\2020\05\MARS_20200505_084219.wav_clicks.jld2,2020-05-05T08:42:19.0,2020-05-05,2020-05-23T16:00:43.118
X:\OdontoceteClicks\clicks\2020\05\MARS_20200505_085219.wav_clicks.jld2,2020-05-05T08:52:19.0,2020-05-05,2020-05-23T16:00:47.921
X:\OdontoceteClicks\clicks\2020\05\MARS_20200505_090219.wav_clicks.jld2,2020-05-05T09:02:19.0,2020-05-05,2020-05-23T16:01:03.789
X:\OdontoceteClicks\clicks\2020\05\MARS_20200505_091219.wav_clicks.jld2,2020-05-05T09:12:19.0,2020-05-05,2020-05-23T16:01:08.909
X:\OdontoceteClicks\clicks\2020\05\MARS_20200505_092219.wav_clicks.jld2,2020-05-05T09:22:19.0,2020-05-05,2020-05-23T16:01:25.024
X:\OdontoceteClicks\clicks\2020\05\MARS_20200505_093219.wav_clicks.jld2,2020-05-05T09:32:19.0,2020-05-05,2020-05-23T16:01:31.604
X:\OdontoceteClicks\clicks\2020\05\MARS_20200505_094219.wav_clicks.jld2,2020-05-05T09:42:19.0,2020-05-05,2020-05-23T16:01:48.06
X:\OdontoceteClicks\clicks\2020\05\MARS_20200505_095219.wav_clicks.jld2,2020-05-05T09:52:19.0,2020-05-05,2020-05-23T16:01:54.16
X:\OdontoceteClicks\clicks\2020\05\MARS_20200505_100219.wav_clicks.jld2,2020-05-05T10:02:19.0,2020-05-05,2020-05-23T16:02:08.584
X:\OdontoceteClicks\clicks\2020\05\MARS_20200505_101219.wav_clicks.jld2,2020-05-05T10:12:19.0,2020-05-05,2020-05-23T16:02:16.032
X:\OdontoceteClicks\clicks\2020\05\MARS_20200505_102219.wav_clicks.jld2,2020-05-05T10:22:19.0,2020-05-05,2020-05-23T16:02:33.779
X:\OdontoceteClicks\clicks\2020\05\MARS_20200505_103219.wav_clicks.jld2,2020-05-05T10:32:19.0,2020-05-05,2020-05-23T16:02:37.114
X:\OdontoceteClicks\clicks\2020\05\MARS_20200505_104219.wav_clicks.jld2,2020-05-05T10:42:19.0,2020-05-05,2020-05-23T16:02:54.539
X:\OdontoceteClicks\clicks\2020\05\MARS_20200505_105219.wav_clicks.jld2,2020-05-05T10:52:19.0,2020-05-05,2020-05-23T16:02:57.964
X:\OdontoceteClicks\clicks\2020\05\MARS_20200505_110219.wav_clicks.jld2,2020-05-05T11:02:19.0,2020-05-05,2020-05-23T16:03:16.086
X:\OdontoceteClicks\clicks\2020\05\MARS_20200505_111219.wav_clicks.jld2,2020-05-05T11:12:19.0,2020-05-05,2020-05-23T16:03:21.791
X:\OdontoceteClicks\clicks\2020\05\MARS_20200505_112219.wav_clicks.jld2,2020-05-05T11:22:19.0,2020-05-05,2020-05-23T16:03:37.951
X:\OdontoceteClicks\clicks\2020\05\MARS_20200505_113219.wav_clicks.jld2,2020-05-05T11:32:19.0,2020-05-05,2020-05-23T16:03:50.776
X:\OdontoceteClicks\clicks\2020\05\MARS_20200505_114219.wav_clicks.jld2,2020-05-05T11:42:19.0,2020-05-05,2020-05-23T16:03:59.807
X:\OdontoceteClicks\clicks\2020\05\MARS_20200505_115219.wav_clicks.jld2,2020-05-05T11:52:19.0,2020-05-05,2020-05-23T16:04:11.932
X:\OdontoceteClicks\clicks\2020\05\MARS_20200505_120219.wav_clicks.jld2,2020-05-05T12:02:19.0,2020-05-05,2020-05-23T16:04:23.083
X:\OdontoceteClicks\clicks\2020\05\MARS_20200505_121219.wav_clicks.jld2,2020-05-05T12:12:19.0,2020-05-05,2020-05-23T16:04:32.543
X:\OdontoceteClicks\clicks\2020\05\MARS_20200505_122219.wav_clicks.jld2,2020-05-05T12:22:19.0,2020-05-05,2020-05-23T16:04:46.477
X:\OdontoceteClicks\clicks\2020\05\MARS_20200505_123219.wav_clicks.jld2,2020-05-05T12:32:19.0,2020-05-05,2020-05-23T16:04:52.616
X:\OdontoceteClicks\clicks\2020\05\MARS_20200505_124219.wav_clicks.jld2,2020-05-05T12:42:19.0,2020-05-05,2020-05-23T16:05:14.555
X:\OdontoceteClicks\clicks\2020\05\MARS_20200505_125219.wav_clicks.jld2,2020-05-05T12:52:19.0,2020-05-05,2020-05-23T16:05:17.416
X:\OdontoceteClicks\clicks\2020\05\MARS_20200505_130219.wav_clicks.jld2,2020-05-05T13:02:19.0,2020-05-05,2020-05-23T16:05:35.81
X:\OdontoceteClicks\clicks\2020\05\MARS_20200505_131219.wav_clicks.jld2,2020-05-05T13:12:19.0,2020-05-05,2020-05-23T16:05:43.233
X:\OdontoceteClicks\clicks\2020\05\MARS_20200505_132219.wav_clicks.jld2,2020-05-05T13:22:19.0,2020-05-05,2020-05-23T16:05:56.405
X:\OdontoceteClicks\clicks\2020\05\MARS_20200505_133219.wav_clicks.jld2,2020-05-05T13:32:19.0,2020-05-05,2020-05-23T16:06:04.675
X:\OdontoceteClicks\clicks\2020\05\MARS_20200505_134219.wav_clicks.jld2,2020-05-05T13:42:19.0,2020-05-05,2020-05-23T16:06:21.03
X:\OdontoceteClicks\clicks\2020\05\MARS_20200505_135219.wav_clicks.jld2,2020-05-05T13:52:19.0,2020-05-05,2020-05-23T16:06:28.667
X:\OdontoceteClicks\clicks\2020\05\MARS_20200505_140219.wav_clicks.jld2,2020-05-05T14:02:19.0,2020-05-05,2020-05-23T16:06:43.236
X:\OdontoceteClicks\clicks\2020\05\MARS_20200505_141219.wav_clicks.jld2,2020-05-05T14:12:19.0,2020-05-05,2020-05-23T16:06:49.646
X:\OdontoceteClicks\clicks\2020\05\MARS_20200505_142219.wav_clicks.jld2,2020-05-05T14:22:19.0,2020-05-05,2020-05-23T16:07:04.155
X:\OdontoceteClicks\clicks\2020\05\MARS_20200505_143219.wav_clicks.jld2,2020-05-05T14:32:19.0,2020-05-05,2020-05-23T16:07:11.574
X:\OdontoceteClicks\clicks\2020\05\MARS_20200505_144219.wav_clicks.jld2,2020-05-05T14:42:19.0,2020-05-05,2020-05-23T16:07:24.961
X:\OdontoceteClicks\clicks\2020\05\MARS_20200505_145219.wav_clicks.jld2,2020-05-05T14:52:19.0,2020-05-05,2020-05-23T16:07:32.951
X:\OdontoceteClicks\clicks\2020\05\MARS_20200505_150219.wav_clicks.jld2,2020-05-05T15:02:19.0,2020-05-05,2020-05-23T16:07:47.879
X:\OdontoceteClicks\clicks\2020\05\MARS_20200505_151219.wav_clicks.jld2,2020-05-05T15:12:19.0,2020-05-05,2020-05-23T16:07:56.119
X:\OdontoceteClicks\clicks\2020\05\MARS_20200505_152219.wav_clicks.jld2,2020-05-05T15:22:19.0,2020-05-05,2020-05-23T16:08:09.021
X:\OdontoceteClicks\clicks\2020\05\MARS_20200505_153219.wav_clicks.jld2,2020-05-05T15:32:19.0,2020-05-05,2020-05-23T16:08:15.975
X:\OdontoceteClicks\clicks\2020\05\MARS_20200505_154219.wav_clicks.jld2,2020-05-05T15:42:19.0,2020-05-05,2020-05-23T16:08:31.752
X:\OdontoceteClicks\clicks\2020\05\MARS_20200505_155219.wav_clicks.jld2,2020-05-05T15:52:19.0,2020-05-05,2020-05-23T16:08:37.098
X:\OdontoceteClicks\clicks\2020\05\MARS_20200505_160219.wav_clicks.jld2,2020-05-05T16:02:19.0,2020-05-05,2020-05-23T16:08:53.451
X:\OdontoceteClicks\clicks\2020\05\MARS_20200505_161219.wav_clicks.jld2,2020-05-05T16:12:19.0,2020-05-05,2020-05-23T16:08:59.509
X:\OdontoceteClicks\clicks\2020\05\MARS_20200505_162219.wav_clicks.jld2,2020-05-05T16:22:19.0,2020-05-05,2020-05-23T16:09:15.894
X:\OdontoceteClicks\clicks\2020\05\MARS_20200505_163219.wav_clicks.jld2,2020-05-05T16:32:19.0,2020-05-05,2020-05-23T16:09:21.554
X:\OdontoceteClicks\clicks\2020\05\MARS_20200505_164219.wav_clicks.jld2,2020-05-05T16:42:19.0,2020-05-05,2020-05-23T16:09:38.096
X:\OdontoceteClicks\clicks\2020\05\MARS_20200505_165219.wav_clicks.jld2,2020-05-05T16:52:19.0,2020-05-05,2020-05-23T16:09:44.375
X:\OdontoceteClicks\clicks\2020\05\MARS_20200505_170219.wav_clicks.jld2,2020-05-05T17:02:19.0,2020-05-05,2020-05-23T16:10:01.304
X:\OdontoceteClicks\clicks\2020\05\MARS_20200505_171219.wav_clicks.jld2,2020-05-05T17:12:19.0,2020-05-05,2020-05-23T16:10:04.69
X:\OdontoceteClicks\clicks\2020\05\MARS_20200505_172219.wav_clicks.jld2,2020-05-05T17:22:19.0,2020-05-05,2020-05-23T16:10:23.405
X:\OdontoceteClicks\clicks\2020\05\MARS_20200505_173219.wav_clicks.jld2,2020-05-05T17:32:19.0,2020-05-05,2020-05-23T16:10:25.633
X:\OdontoceteClicks\clicks\2020\05\MARS_20200505_174219.wav_clicks.jld2,2020-05-05T17:42:19.0,2020-05-05,2020-05-23T16:10:44.347
X:\OdontoceteClicks\clicks\2020\05\MARS_20200505_175219.wav_clicks.jld2,2020-05-05T17:52:19.0,2020-05-05,2020-05-23T16:10:48.159
X:\OdontoceteClicks\clicks\2020\05\MARS_20200505_180219.wav_clicks.jld2,2020-05-05T18:02:19.0,2020-05-05,2020-05-23T16:11:08.95
X:\OdontoceteClicks\clicks\2020\05\MARS_20200505_181219.wav_clicks.jld2,2020-05-05T18:12:19.0,2020-05-05,2020-05-23T16:11:10.161
X:\OdontoceteClicks\clicks\2020\05\MARS_20200505_182219.wav_clicks.jld2,2020-05-05T18:22:19.0,2020-05-05,2020-05-23T16:11:30.267
X:\OdontoceteClicks\clicks\2020\05\MARS_20200505_183219.wav_clicks.jld2,2020-05-05T18:32:19.0,2020-05-05,2020-05-23T16:11:30.991
X:\OdontoceteClicks\clicks\2020\05\MARS_20200505_184219.wav_clicks.jld2,2020-05-05T18:42:19.0,2020-05-05,2020-05-23T16:11:52.346
X:\OdontoceteClicks\clicks\2020\05\MARS_20200505_185219.wav_clicks.jld2,2020-05-05T18:52:19.0,2020-05-05,2020-05-23T16:11:52.259
X:\OdontoceteClicks\clicks\2020\05\MARS_20200505_190219.wav_clicks.jld2,2020-05-05T19:02:19.0,2020-05-05,2020-05-23T16:12:12.572
X:\OdontoceteClicks\clicks\2020\05\MARS_20200505_191219.wav_clicks.jld2,2020-05-05T19:12:19.0,2020-05-05,2020-05-23T16:12:13.629
X:\OdontoceteClicks\clicks\2020\05\MARS_20200505_192219.wav_clicks.jld2,2020-05-05T19:22:19.0,2020-05-05,2020-05-23T16:12:33.233
X:\OdontoceteClicks\clicks\2020\05\MARS_20200505_193219.wav_clicks.jld2,2020-05-05T19:32:19.0,2020-05-05,2020-05-23T16:12:34.505
X:\OdontoceteClicks\clicks\2020\05\MARS_20200505_194219.wav_clicks.jld2,2020-05-05T19:42:19.0,2020-05-05,2020-05-23T16:12:55.952
X:\OdontoceteClicks\clicks\2020\05\MARS_20200505_195219.wav_clicks.jld2,2020-05-05T19:52:19.0,2020-05-05,2020-05-23T16:12:56.067
X:\OdontoceteClicks\clicks\2020\05\MARS_20200505_200219.wav_clicks.jld2,2020-05-05T20:02:19.0,2020-05-05,2020-05-23T16:13:18.366
X:\OdontoceteClicks\clicks\2020\05\MARS_20200505_201219.wav_clicks.jld2,2020-05-05T20:12:19.0,2020-05-05,2020-05-23T16:13:17.095
X:\OdontoceteClicks\clicks\2020\05\MARS_20200505_202219.wav_clicks.jld2,2020-05-05T20:22:19.0,2020-05-05,2020-05-23T16:13:38.487
X:\OdontoceteClicks\clicks\2020\05\MARS_20200505_203219.wav_clicks.jld2,2020-05-05T20:32:19.0,2020-05-05,2020-05-23T16:13:39.225
X:\OdontoceteClicks\clicks\2020\05\MARS_20200505_204219.wav_clicks.jld2,2020-05-05T20:42:19.0,2020-05-05,2020-05-23T16:14:00.051
X:\OdontoceteClicks\clicks\2020\05\MARS_20200505_205219.wav_clicks.jld2,2020-05-05T20:52:19.0,2020-05-05,2020-05-23T16:13:59.915
X:\OdontoceteClicks\clicks\2020\05\MARS_20200505_210219.wav_clicks.jld2,2020-05-05T21:02:19.0,2020-05-05,2020-05-23T16:14:25.174
X:\OdontoceteClicks\clicks\2020\05\MARS_20200505_211219.wav_clicks.jld2,2020-05-05T21:12:19.0,2020-05-05,2020-05-23T16:14:23.658
X:\OdontoceteClicks\clicks\2020\05\MARS_20200505_212219.wav_clicks.jld2,2020-05-05T21:22:19.0,2020-05-05,2020-05-23T16:14:44.962
X:\OdontoceteClicks\clicks\2020\05\MARS_20200505_213219.wav_clicks.jld2,2020-05-05T21:32:19.0,2020-05-05,2020-05-23T16:14:47.589
X:\OdontoceteClicks\clicks\2020\05\MARS_20200505_214219.wav_clicks.jld2,2020-05-05T21:42:19.0,2020-05-05,2020-05-23T16:15:05.734
X:\OdontoceteClicks\clicks\2020\05\MARS_20200505_215219.wav_clicks.jld2,2020-05-05T21:52:19.0,2020-05-05,2020-05-23T16:15:11.049
X:\OdontoceteClicks\clicks\2020\05\MARS_20200505_220219.wav_clicks.jld2,2020-05-05T22:02:19.0,2020-05-05,2020-05-23T16:15:26.701
X:\OdontoceteClicks\clicks\2020\05\MARS_20200505_221219.wav_clicks.jld2,2020-05-05T22:12:19.0,2020-05-05,2020-05-23T16:15:32.906
X:\OdontoceteClicks\clicks\2020\05\MARS_20200505_222219.wav_clicks.jld2,2020-05-05T22:22:19.0,2020-05-05,2020-05-23T16:15:47.96
X:\OdontoceteClicks\clicks\2020\05\MARS_20200505_223219.wav_clicks.jld2,2020-05-05T22:32:19.0,2020-05-05,2020-05-23T16:15:55.111
X:\OdontoceteClicks\clicks\2020\05\MARS_20200505_224219.wav_clicks.jld2,2020-05-05T22:42:19.0,2020-05-05,2020-05-23T16:16:09.24
X:\OdontoceteClicks\clicks\2020\05\MARS_20200505_225219.wav_clicks.jld2,2020-05-05T22:52:19.0,2020-05-05,2020-05-23T16:16:19.066
X:\OdontoceteClicks\clicks\2020\05\MARS_20200505_230219.wav_clicks.jld2,2020-05-05T23:02:19.0,2020-05-05,2020-05-23T16:16:30.092
X:\OdontoceteClicks\clicks\2020\05\MARS_20200505_231219.wav_clicks.jld2,2020-05-05T23:12:19.0,2020-05-05,2020-05-23T16:16:39.554
X:\OdontoceteClicks\clicks\2020\05\MARS_20200505_232219.wav_clicks.jld2,2020-05-05T23:22:19.0,2020-05-05,2020-05-23T16:16:51.147
X:\OdontoceteClicks\clicks\2020\05\MARS_20200505_233219.wav_clicks.jld2,2020-05-05T23:32:19.0,2020-05-05,2020-05-23T16:17:00.458
X:\OdontoceteClicks\clicks\2020\05\MARS_20200505_234219.wav_clicks.jld2,2020-05-05T23:42:19.0,2020-05-05,2020-05-23T16:17:11.078
X:\OdontoceteClicks\clicks\2020\05\MARS_20200505_235219.wav_clicks.jld2,2020-05-05T23:52:19.0,2020-05-05,2020-05-23T16:17:22.738
X:\OdontoceteClicks\clicks\2020\05\MARS_20200506_000219.wav_clicks.jld2,2020-05-06T00:02:19.0,2020-05-06,2020-05-23T16:17:33.242
X:\OdontoceteClicks\clicks\2020\05\MARS_20200506_001219.wav_clicks.jld2,2020-05-06T00:12:19.0,2020-05-06,2020-05-23T16:17:46.101
X:\OdontoceteClicks\clicks\2020\05\MARS_20200506_002219.wav_clicks.jld2,2020-05-06T00:22:19.0,2020-05-06,2020-05-23T16:17:53.309
X:\OdontoceteClicks\clicks\2020\05\MARS_20200506_003219.wav_clicks.jld2,2020-05-06T00:32:19.0,2020-05-06,2020-05-23T16:18:08.275
X:\OdontoceteClicks\clicks\2020\05\MARS_20200506_004219.wav_clicks.jld2,2020-05-06T00:42:19.0,2020-05-06,2020-05-23T16:18:14.083
X:\OdontoceteClicks\clicks\2020\05\MARS_20200506_005219.wav_clicks.jld2,2020-05-06T00:52:19.0,2020-05-06,2020-05-23T16:18:35.054
X:\OdontoceteClicks\clicks\2020\05\MARS_20200506_010219.wav_clicks.jld2,2020-05-06T01:02:19.0,2020-05-06,2020-05-23T16:18:35.912
X:\OdontoceteClicks\clicks\2020\05\MARS_20200506_011219.wav_clicks.jld2,2020-05-06T01:12:19.0,2020-05-06,2020-05-23T16:18:56.405
X:\OdontoceteClicks\clicks\2020\05\MARS_20200506_012219.wav_clicks.jld2,2020-05-06T01:22:19.0,2020-05-06,2020-05-23T16:18:58.103
X:\OdontoceteClicks\clicks\2020\05\MARS_20200506_013219.wav_clicks.jld2,2020-05-06T01:32:19.0,2020-05-06,2020-05-23T16:19:17.506
X:\OdontoceteClicks\clicks\2020\05\MARS_20200506_014219.wav_clicks.jld2,2020-05-06T01:42:19.0,2020-05-06,2020-05-23T16:19:18.271
X:\OdontoceteClicks\clicks\2020\05\MARS_20200506_015219.wav_clicks.jld2,2020-05-06T01:52:19.0,2020-05-06,2020-05-23T16:19:38.659
X:\OdontoceteClicks\clicks\2020\05\MARS_20200506_020219.wav_clicks.jld2,2020-05-06T02:02:19.0,2020-05-06,2020-05-23T16:19:40.099
X:\OdontoceteClicks\clicks\2020\05\MARS_20200506_021219.wav_clicks.jld2,2020-05-06T02:12:19.0,2020-05-06,2020-05-23T16:20:00.288
X:\OdontoceteClicks\clicks\2020\05\MARS_20200506_022219.wav_clicks.jld2,2020-05-06T02:22:19.0,2020-05-06,2020-05-23T16:20:00.655
X:\OdontoceteClicks\clicks\2020\05\MARS_20200506_023219.wav_clicks.jld2,2020-05-06T02:32:19.0,2020-05-06,2020-05-23T16:20:22.145
X:\OdontoceteClicks\clicks\2020\05\MARS_20200506_024219.wav_clicks.jld2,2020-05-06T02:42:19.0,2020-05-06,2020-05-23T16:20:23.733
X:\OdontoceteClicks\clicks\2020\05\MARS_20200506_025219.wav_clicks.jld2,2020-05-06T02:52:19.0,2020-05-06,2020-05-23T16:20:47.356
X:\OdontoceteClicks\clicks\2020\05\MARS_20200506_030219.wav_clicks.jld2,2020-05-06T03:02:19.0,2020-05-06,2020-05-23T16:20:44.387
X:\OdontoceteClicks\clicks\2020\05\MARS_20200506_031219.wav_clicks.jld2,2020-05-06T03:12:19.0,2020-05-06,2020-05-23T16:21:06.015
X:\OdontoceteClicks\clicks\2020\05\MARS_20200506_032219.wav_clicks.jld2,2020-05-06T03:22:19.0,2020-05-06,2020-05-23T16:21:06.871
X:\OdontoceteClicks\clicks\2020\05\MARS_20200506_033219.wav_clicks.jld2,2020-05-06T03:32:19.0,2020-05-06,2020-05-23T16:21:26.789
X:\OdontoceteClicks\clicks\2020\05\MARS_20200506_034219.wav_clicks.jld2,2020-05-06T03:42:19.0,2020-05-06,2020-05-23T16:21:27.904
X:\OdontoceteClicks\clicks\2020\05\MARS_20200506_035219.wav_clicks.jld2,2020-05-06T03:52:19.0,2020-05-06,2020-05-23T16:21:47.913
X:\OdontoceteClicks\clicks\2020\05\MARS_20200506_040219.wav_clicks.jld2,2020-05-06T04:02:19.0,2020-05-06,2020-05-23T16:21:50.883
X:\OdontoceteClicks\clicks\2020\05\MARS_20200506_041219.wav_clicks.jld2,2020-05-06T04:12:19.0,2020-05-06,2020-05-23T16:22:10.284
X:\OdontoceteClicks\clicks\2020\05\MARS_20200506_042219.wav_clicks.jld2,2020-05-06T04:22:19.0,2020-05-06,2020-05-23T16:22:12.615
X:\OdontoceteClicks\clicks\2020\05\MARS_20200506_043219.wav_clicks.jld2,2020-05-06T04:32:19.0,2020-05-06,2020-05-23T16:22:31.315
X:\OdontoceteClicks\clicks\2020\05\MARS_20200506_044219.wav_clicks.jld2,2020-05-06T04:42:19.0,2020-05-06,2020-05-23T16:22:34.908
X:\OdontoceteClicks\clicks\2020\05\MARS_20200506_045219.wav_clicks.jld2,2020-05-06T04:52:19.0,2020-05-06,2020-05-23T16:22:56.316
X:\OdontoceteClicks\clicks\2020\05\MARS_20200506_050219.wav_clicks.jld2,2020-05-06T05:02:19.0,2020-05-06,2020-05-23T16:22:58.457
X:\OdontoceteClicks\clicks\2020\05\MARS_20200506_051219.wav_clicks.jld2,2020-05-06T05:12:19.0,2020-05-06,2020-05-23T16:23:17.438
X:\OdontoceteClicks\clicks\2020\05\MARS_20200506_052219.wav_clicks.jld2,2020-05-06T05:22:19.0,2020-05-06,2020-05-23T16:23:19.804
X:\OdontoceteClicks\clicks\2020\05\MARS_20200506_053219.wav_clicks.jld2,2020-05-06T05:32:19.0,2020-05-06,2020-05-23T16:23:38.557
X:\OdontoceteClicks\clicks\2020\05\MARS_20200506_054219.wav_clicks.jld2,2020-05-06T05:42:19.0,2020-05-06,2020-05-23T16:23:40.126
X:\OdontoceteClicks\clicks\2020\05\MARS_20200506_055219.wav_clicks.jld2,2020-05-06T05:52:19.0,2020-05-06,2020-05-23T16:24:06.096
X:\OdontoceteClicks\clicks\2020\05\MARS_20200506_060219.wav_clicks.jld2,2020-05-06T06:02:19.0,2020-05-06,2020-05-23T16:24:00.485
X:\OdontoceteClicks\clicks\2020\05\MARS_20200506_061219.wav_clicks.jld2,2020-05-06T06:12:19.0,2020-05-06,2020-05-23T16:24:21.337
X:\OdontoceteClicks\clicks\2020\05\MARS_20200506_062219.wav_clicks.jld2,2020-05-06T06:22:19.0,2020-05-06,2020-05-23T16:24:26.962
X:\OdontoceteClicks\clicks\2020\05\MARS_20200506_063219.wav_clicks.jld2,2020-05-06T06:32:19.0,2020-05-06,2020-05-23T16:24:43.335
X:\OdontoceteClicks\clicks\2020\05\MARS_20200506_064219.wav_clicks.jld2,2020-05-06T06:42:19.0,2020-05-06,2020-05-23T16:24:47.958
X:\OdontoceteClicks\clicks\2020\05\MARS_20200506_065219.wav_clicks.jld2,2020-05-06T06:52:19.0,2020-05-06,2020-05-23T16:25:03.999
X:\OdontoceteClicks\clicks\2020\05\MARS_20200506_070219.wav_clicks.jld2,2020-05-06T07:02:19.0,2020-05-06,2020-05-23T16:25:08.873
X:\OdontoceteClicks\clicks\2020\05\MARS_20200506_071219.wav_clicks.jld2,2020-05-06T07:12:19.0,2020-05-06,2020-05-23T16:25:30.142
X:\OdontoceteClicks\clicks\2020\05\MARS_20200506_072219.wav_clicks.jld2,2020-05-06T07:22:19.0,2020-05-06,2020-05-23T16:25:33.365
X:\OdontoceteClicks\clicks\2020\05\MARS_20200506_073219.wav_clicks.jld2,2020-05-06T07:32:19.0,2020-05-06,2020-05-23T16:25:49.595
X:\OdontoceteClicks\clicks\2020\05\MARS_20200506_074219.wav_clicks.jld2,2020-05-06T07:42:19.0,2020-05-06,2020-05-23T16:25:54.182
X:\OdontoceteClicks\clicks\2020\05\MARS_20200506_075219.wav_clicks.jld2,2020-05-06T07:52:19.0,2020-05-06,2020-05-23T16:26:10.329
X:\OdontoceteClicks\clicks\2020\05\MARS_20200506_080219.wav_clicks.jld2,2020-05-06T08:02:19.0,2020-05-06,2020-05-23T16:26:15.478
X:\OdontoceteClicks\clicks\2020\05\MARS_20200506_081219.wav_clicks.jld2,2020-05-06T08:12:19.0,2020-05-06,2020-05-23T16:26:31.927
X:\OdontoceteClicks\clicks\2020\05\MARS_20200506_082219.wav_clicks.jld2,2020-05-06T08:22:19.0,2020-05-06,2020-05-23T16:26:36.938
X:\OdontoceteClicks\clicks\2020\05\MARS_20200506_083219.wav_clicks.jld2,2020-05-06T08:32:19.0,2020-05-06,2020-05-23T16:26:54.176
X:\OdontoceteClicks\clicks\2020\05\MARS_20200506_084219.wav_clicks.jld2,2020-05-06T08:42:19.0,2020-05-06,2020-05-23T16:26:57.177
X:\OdontoceteClicks\clicks\2020\05\MARS_20200506_085219.wav_clicks.jld2,2020-05-06T08:52:19.0,2020-05-06,2020-05-23T16:27:15.498
X:\OdontoceteClicks\clicks\2020\05\MARS_20200506_090219.wav_clicks.jld2,2020-05-06T09:02:19.0,2020-05-06,2020-05-23T16:27:18.853
X:\OdontoceteClicks\clicks\2020\05\MARS_20200506_091219.wav_clicks.jld2,2020-05-06T09:12:19.0,2020-05-06,2020-05-23T16:27:35.967
X:\OdontoceteClicks\clicks\2020\05\MARS_20200506_092219.wav_clicks.jld2,2020-05-06T09:22:19.0,2020-05-06,2020-05-23T16:27:38.735
X:\OdontoceteClicks\clicks\2020\05\MARS_20200506_093219.wav_clicks.jld2,2020-05-06T09:32:19.0,2020-05-06,2020-05-23T16:27:57.311
X:\OdontoceteClicks\clicks\2020\05\MARS_20200506_094219.wav_clicks.jld2,2020-05-06T09:42:19.0,2020-05-06,2020-05-23T16:27:59.97
X:\OdontoceteClicks\clicks\2020\05\MARS_20200506_095219.wav_clicks.jld2,2020-05-06T09:52:19.0,2020-05-06,2020-05-23T16:28:18.204
X:\OdontoceteClicks\clicks\2020\05\MARS_20200506_100219.wav_clicks.jld2,2020-05-06T10:02:19.0,2020-05-06,2020-05-23T16:28:21.795
X:\OdontoceteClicks\clicks\2020\05\MARS_20200506_101219.wav_clicks.jld2,2020-05-06T10:12:19.0,2020-05-06,2020-05-23T16:28:41.57
X:\OdontoceteClicks\clicks\2020\05\MARS_20200506_102219.wav_clicks.jld2,2020-05-06T10:22:19.0,2020-05-06,2020-05-23T16:28:43.001
X:\OdontoceteClicks\clicks\2020\05\MARS_20200506_103219.wav_clicks.jld2,2020-05-06T10:32:19.0,2020-05-06,2020-05-23T16:29:01.678
X:\OdontoceteClicks\clicks\2020\05\MARS_20200506_104219.wav_clicks.jld2,2020-05-06T10:42:19.0,2020-05-06,2020-05-23T16:29:04.358
X:\OdontoceteClicks\clicks\2020\05\MARS_20200506_105219.wav_clicks.jld2,2020-05-06T10:52:19.0,2020-05-06,2020-05-23T16:29:22.858
X:\OdontoceteClicks\clicks\2020\05\MARS_20200506_110219.wav_clicks.jld2,2020-05-06T11:02:19.0,2020-05-06,2020-05-23T16:29:28.457
X:\OdontoceteClicks\clicks\2020\05\MARS_20200506_111219.wav_clicks.jld2,2020-05-06T11:12:19.0,2020-05-06,2020-05-23T16:29:42.902
X:\OdontoceteClicks\clicks\2020\05\MARS_20200506_112219.wav_clicks.jld2,2020-05-06T11:22:19.0,2020-05-06,2020-05-23T16:29:50.547
X:\OdontoceteClicks\clicks\2020\05\MARS_20200506_113219.wav_clicks.jld2,2020-05-06T11:32:19.0,2020-05-06,2020-05-23T16:30:04.248
X:\OdontoceteClicks\clicks\2020\05\MARS_20200506_114219.wav_clicks.jld2,2020-05-06T11:42:19.0,2020-05-06,2020-05-23T16:30:11.297
X:\OdontoceteClicks\clicks\2020\05\MARS_20200506_115219.wav_clicks.jld2,2020-05-06T11:52:19.0,2020-05-06,2020-05-23T16:30:26.213
X:\OdontoceteClicks\clicks\2020\05\MARS_20200506_120219.wav_clicks.jld2,2020-05-06T12:02:19.0,2020-05-06,2020-05-23T16:30:32.115
X:\OdontoceteClicks\clicks\2020\05\MARS_20200506_121219.wav_clicks.jld2,2020-05-06T12:12:19.0,2020-05-06,2020-05-23T16:30:47.336
X:\OdontoceteClicks\clicks\2020\05\MARS_20200506_122219.wav_clicks.jld2,2020-05-06T12:22:19.0,2020-05-06,2020-05-23T16:30:52.352
X:\OdontoceteClicks\clicks\2020\05\MARS_20200506_123219.wav_clicks.jld2,2020-05-06T12:32:19.0,2020-05-06,2020-05-23T16:31:07.952
X:\OdontoceteClicks\clicks\2020\05\MARS_20200506_124219.wav_clicks.jld2,2020-05-06T12:42:19.0,2020-05-06,2020-05-23T16:31:14.246
X:\OdontoceteClicks\clicks\2020\05\MARS_20200506_125219.wav_clicks.jld2,2020-05-06T12:52:19.0,2020-05-06,2020-05-23T16:31:27.371
X:\OdontoceteClicks\clicks\2020\05\MARS_20200506_130219.wav_clicks.jld2,2020-05-06T13:02:19.0,2020-05-06,2020-05-23T16:31:36.371
X:\OdontoceteClicks\clicks\2020\05\MARS_20200506_131219.wav_clicks.jld2,2020-05-06T13:12:19.0,2020-05-06,2020-05-23T16:31:47.701
X:\OdontoceteClicks\clicks\2020\05\MARS_20200506_132219.wav_clicks.jld2,2020-05-06T13:22:19.0,2020-05-06,2020-05-23T16:32:01.643
X:\OdontoceteClicks\clicks\2020\05\MARS_20200506_133219.wav_clicks.jld2,2020-05-06T13:32:19.0,2020-05-06,2020-05-23T16:32:09.12
X:\OdontoceteClicks\clicks\2020\05\MARS_20200506_134219.wav_clicks.jld2,2020-05-06T13:42:19.0,2020-05-06,2020-05-23T16:32:21.71
X:\OdontoceteClicks\clicks\2020\05\MARS_20200506_135219.wav_clicks.jld2,2020-05-06T13:52:19.0,2020-05-06,2020-05-23T16:32:29.81
X:\OdontoceteClicks\clicks\2020\05\MARS_20200506_140219.wav_clicks.jld2,2020-05-06T14:02:19.0,2020-05-06,2020-05-23T16:32:41.754
X:\OdontoceteClicks\clicks\2020\05\MARS_20200506_141219.wav_clicks.jld2,2020-05-06T14:12:19.0,2020-05-06,2020-05-23T16:32:50.705
X:\OdontoceteClicks\clicks\2020\05\MARS_20200506_142219.wav_clicks.jld2,2020-05-06T14:22:19.0,2020-05-06,2020-05-23T16:33:02.142
X:\OdontoceteClicks\clicks\2020\05\MARS_20200506_143219.wav_clicks.jld2,2020-05-06T14:32:19.0,2020-05-06,2020-05-23T16:33:10.26
X:\OdontoceteClicks\clicks\2020\05\MARS_20200506_144219.wav_clicks.jld2,2020-05-06T14:42:19.0,2020-05-06,2020-05-23T16:33:24.631
X:\OdontoceteClicks\clicks\2020\05\MARS_20200506_145219.wav_clicks.jld2,2020-05-06T14:52:19.0,2020-05-06,2020-05-23T16:33:32.634
X:\OdontoceteClicks\clicks\2020\05\MARS_20200506_150219.wav_clicks.jld2,2020-05-06T15:02:19.0,2020-05-06,2020-05-23T16:33:45.386
X:\OdontoceteClicks\clicks\2020\05\MARS_20200506_151219.wav_clicks.jld2,2020-05-06T15:12:19.0,2020-05-06,2020-05-23T16:33:54.941
X:\OdontoceteClicks\clicks\2020\05\MARS_20200506_152219.wav_clicks.jld2,2020-05-06T15:22:19.0,2020-05-06,2020-05-23T16:34:07.33
X:\OdontoceteClicks\clicks\2020\05\MARS_20200506_153219.wav_clicks.jld2,2020-05-06T15:32:19.0,2020-05-06,2020-05-23T16:34:15.151
X:\OdontoceteClicks\clicks\2020\05\MARS_20200506_154219.wav_clicks.jld2,2020-05-06T15:42:19.0,2020-05-06,2020-05-23T16:34:28.983
X:\OdontoceteClicks\clicks\2020\05\MARS_20200506_155219.wav_clicks.jld2,2020-05-06T15:52:19.0,2020-05-06,2020-05-23T16:34:36.524
X:\OdontoceteClicks\clicks\2020\05\MARS_20200506_160219.wav_clicks.jld2,2020-05-06T16:02:19.0,2020-05-06,2020-05-23T16:34:51.633
X:\OdontoceteClicks\clicks\2020\05\MARS_20200506_161219.wav_clicks.jld2,2020-05-06T16:12:19.0,2020-05-06,2020-05-23T16:34:58.537
X:\OdontoceteClicks\clicks\2020\05\MARS_20200506_162219.wav_clicks.jld2,2020-05-06T16:22:19.0,2020-05-06,2020-05-23T16:35:11.977
X:\OdontoceteClicks\clicks\2020\05\MARS_20200506_163219.wav_clicks.jld2,2020-05-06T16:32:19.0,2020-05-06,2020-05-23T16:35:19.784
X:\OdontoceteClicks\clicks\2020\05\MARS_20200506_164219.wav_clicks.jld2,2020-05-06T16:42:19.0,2020-05-06,2020-05-23T16:35:33.433
X:\OdontoceteClicks\clicks\2020\05\MARS_20200506_165219.wav_clicks.jld2,2020-05-06T16:52:19.0,2020-05-06,2020-05-23T16:35:44.422
X:\OdontoceteClicks\clicks\2020\05\MARS_20200506_170219.wav_clicks.jld2,2020-05-06T17:02:19.0,2020-05-06,2020-05-23T16:35:55.856
X:\OdontoceteClicks\clicks\2020\05\MARS_20200506_171219.wav_clicks.jld2,2020-05-06T17:12:19.0,2020-05-06,2020-05-23T16:36:05.807
X:\OdontoceteClicks\clicks\2020\05\MARS_20200506_172219.wav_clicks.jld2,2020-05-06T17:22:19.0,2020-05-06,2020-05-23T16:36:16.505
X:\OdontoceteClicks\clicks\2020\05\MARS_20200506_173219.wav_clicks.jld2,2020-05-06T17:32:19.0,2020-05-06,2020-05-23T16:36:26.899
X:\OdontoceteClicks\clicks\2020\05\MARS_20200506_174219.wav_clicks.jld2,2020-05-06T17:42:19.0,2020-05-06,2020-05-23T16:36:37.181
X:\OdontoceteClicks\clicks\2020\05\MARS_20200506_175219.wav_clicks.jld2,2020-05-06T17:52:19.0,2020-05-06,2020-05-23T16:36:47.407
X:\OdontoceteClicks\clicks\2020\05\MARS_20200506_180219.wav_clicks.jld2,2020-05-06T18:02:19.0,2020-05-06,2020-05-23T16:36:57.808
X:\OdontoceteClicks\clicks\2020\05\MARS_20200506_181219.wav_clicks.jld2,2020-05-06T18:12:19.0,2020-05-06,2020-05-23T16:37:08.466
X:\OdontoceteClicks\clicks\2020\05\MARS_20200506_182219.wav_clicks.jld2,2020-05-06T18:22:19.0,2020-05-06,2020-05-23T16:37:18.435
X:\OdontoceteClicks\clicks\2020\05\MARS_20200506_183219.wav_clicks.jld2,2020-05-06T18:32:19.0,2020-05-06,2020-05-23T16:37:29.204
X:\OdontoceteClicks\clicks\2020\05\MARS_20200506_184219.wav_clicks.jld2,2020-05-06T18:42:19.0,2020-05-06,2020-05-23T16:37:42.95
X:\OdontoceteClicks\clicks\2020\05\MARS_20200506_185219.wav_clicks.jld2,2020-05-06T18:52:19.0,2020-05-06,2020-05-23T16:37:51.341
X:\OdontoceteClicks\clicks\2020\05\MARS_20200506_190219.wav_clicks.jld2,2020-05-06T19:02:19.0,2020-05-06,2020-05-23T16:38:02.967
X:\OdontoceteClicks\clicks\2020\05\MARS_20200506_191219.wav_clicks.jld2,2020-05-06T19:12:19.0,2020-05-06,2020-05-23T16:38:12.399
X:\OdontoceteClicks\clicks\2020\05\MARS_20200506_192219.wav_clicks.jld2,2020-05-06T19:22:19.0,2020-05-06,2020-05-23T16:38:24.255
X:\OdontoceteClicks\clicks\2020\05\MARS_20200506_193219.wav_clicks.jld2,2020-05-06T19:32:19.0,2020-05-06,2020-05-23T16:38:33.681
X:\OdontoceteClicks\clicks\2020\05\MARS_20200506_194219.wav_clicks.jld2,2020-05-06T19:42:19.0,2020-05-06,2020-05-23T16:38:45.911
X:\OdontoceteClicks\clicks\2020\05\MARS_20200506_195219.wav_clicks.jld2,2020-05-06T19:52:19.0,2020-05-06,2020-05-23T16:38:55.899
X:\OdontoceteClicks\clicks\2020\05\MARS_20200506_200219.wav_clicks.jld2,2020-05-06T20:02:19.0,2020-05-06,2020-05-23T16:39:06.713
X:\OdontoceteClicks\clicks\2020\05\MARS_20200506_201219.wav_clicks.jld2,2020-05-06T20:12:19.0,2020-05-06,2020-05-23T16:39:19.004
X:\OdontoceteClicks\clicks\2020\05\MARS_20200506_202219.wav_clicks.jld2,2020-05-06T20:22:19.0,2020-05-06,2020-05-23T16:39:28.161
X:\OdontoceteClicks\clicks\2020\05\MARS_20200506_203219.wav_clicks.jld2,2020-05-06T20:32:19.0,2020-05-06,2020-05-23T16:39:39.616
X:\OdontoceteClicks\clicks\2020\05\MARS_20200506_204219.wav_clicks.jld2,2020-05-06T20:42:19.0,2020-05-06,2020-05-23T16:39:49.859
X:\OdontoceteClicks\clicks\2020\05\MARS_20200506_205219.wav_clicks.jld2,2020-05-06T20:52:19.0,2020-05-06,2020-05-23T16:40:01.679
X:\OdontoceteClicks\clicks\2020\05\MARS_20200506_210219.wav_clicks.jld2,2020-05-06T21:02:19.0,2020-05-06,2020-05-23T16:40:10.328
X:\OdontoceteClicks\clicks\2020\05\MARS_20200506_211219.wav_clicks.jld2,2020-05-06T21:12:19.0,2020-05-06,2020-05-23T16:40:21.871
X:\OdontoceteClicks\clicks\2020\05\MARS_20200506_212219.wav_clicks.jld2,2020-05-06T21:22:19.0,2020-05-06,2020-05-23T16:40:32.176
X:\OdontoceteClicks\clicks\2020\05\MARS_20200506_213219.wav_clicks.jld2,2020-05-06T21:32:19.0,2020-05-06,2020-05-23T16:40:43.152
X:\OdontoceteClicks\clicks\2020\05\MARS_20200506_214219.wav_clicks.jld2,2020-05-06T21:42:19.0,2020-05-06,2020-05-23T16:40:52.655
X:\OdontoceteClicks\clicks\2020\05\MARS_20200506_215219.wav_clicks.jld2,2020-05-06T21:52:19.0,2020-05-06,2020-05-23T16:41:07.674
X:\OdontoceteClicks\clicks\2020\05\MARS_20200506_220219.wav_clicks.jld2,2020-05-06T22:02:19.0,2020-05-06,2020-05-23T16:41:14.231
X:\OdontoceteClicks\clicks\2020\05\MARS_20200506_221219.wav_clicks.jld2,2020-05-06T22:12:19.0,2020-05-06,2020-05-23T16:41:29.227
X:\OdontoceteClicks\clicks\2020\05\MARS_20200506_222219.wav_clicks.jld2,2020-05-06T22:22:19.0,2020-05-06,2020-05-23T16:41:34.69
X:\OdontoceteClicks\clicks\2020\05\MARS_20200506_223219.wav_clicks.jld2,2020-05-06T22:32:19.0,2020-05-06,2020-05-23T16:42:01.493
X:\OdontoceteClicks\clicks\2020\05\MARS_20200506_224219.wav_clicks.jld2,2020-05-06T22:42:19.0,2020-05-06,2020-05-23T16:41:55.284
X:\OdontoceteClicks\clicks\2020\05\MARS_20200506_225219.wav_clicks.jld2,2020-05-06T22:52:19.0,2020-05-06,2020-05-23T16:42:17.95
X:\OdontoceteClicks\clicks\2020\05\MARS_20200506_230219.wav_clicks.jld2,2020-05-06T23:02:19.0,2020-05-06,2020-05-23T16:42:25.257
X:\OdontoceteClicks\clicks\2020\05\MARS_20200506_231219.wav_clicks.jld2,2020-05-06T23:12:19.0,2020-05-06,2020-05-23T16:42:39.175
X:\OdontoceteClicks\clicks\2020\05\MARS_20200506_232219.wav_clicks.jld2,2020-05-06T23:22:19.0,2020-05-06,2020-05-23T16:42:49.198
X:\OdontoceteClicks\clicks\2020\05\MARS_20200506_233219.wav_clicks.jld2,2020-05-06T23:32:19.0,2020-05-06,2020-05-23T16:42:59.628
X:\OdontoceteClicks\clicks\2020\05\MARS_20200506_234219.wav_clicks.jld2,2020-05-06T23:42:19.0,2020-05-06,2020-05-23T16:43:08.52
X:\OdontoceteClicks\clicks\2020\05\MARS_20200506_235219.wav_clicks.jld2,2020-05-06T23:52:19.0,2020-05-06,2020-05-23T16:43:19.798
X:\OdontoceteClicks\clicks\2020\05\MARS_20200507_000219.wav_clicks.jld2,2020-05-07T00:02:19.0,2020-05-07,2020-05-23T16:43:32.566
X:\OdontoceteClicks\clicks\2020\05\MARS_20200507_001219.wav_clicks.jld2,2020-05-07T00:12:19.0,2020-05-07,2020-05-23T16:43:40.292
X:\OdontoceteClicks\clicks\2020\05\MARS_20200507_002219.wav_clicks.jld2,2020-05-07T00:22:19.0,2020-05-07,2020-05-23T16:43:53.522
X:\OdontoceteClicks\clicks\2020\05\MARS_20200507_003219.wav_clicks.jld2,2020-05-07T00:32:19.0,2020-05-07,2020-05-23T16:44:00.495
X:\OdontoceteClicks\clicks\2020\05\MARS_20200507_004219.wav_clicks.jld2,2020-05-07T00:42:19.0,2020-05-07,2020-05-23T16:44:15.948
X:\OdontoceteClicks\clicks\2020\05\MARS_20200507_005219.wav_clicks.jld2,2020-05-07T00:52:19.0,2020-05-07,2020-05-23T16:44:20.598
X:\OdontoceteClicks\clicks\2020\05\MARS_20200507_010219.wav_clicks.jld2,2020-05-07T01:02:19.0,2020-05-07,2020-05-23T16:44:38.805
X:\OdontoceteClicks\clicks\2020\05\MARS_20200507_011219.wav_clicks.jld2,2020-05-07T01:12:19.0,2020-05-07,2020-05-23T16:44:41.074
X:\OdontoceteClicks\clicks\2020\05\MARS_20200507_012219.wav_clicks.jld2,2020-05-07T01:22:19.0,2020-05-07,2020-05-23T16:44:59.628
X:\OdontoceteClicks\clicks\2020\05\MARS_20200507_013219.wav_clicks.jld2,2020-05-07T01:32:19.0,2020-05-07,2020-05-23T16:45:02.929
X:\OdontoceteClicks\clicks\2020\05\MARS_20200507_014219.wav_clicks.jld2,2020-05-07T01:42:19.0,2020-05-07,2020-05-23T16:45:20.284
X:\OdontoceteClicks\clicks\2020\05\MARS_20200507_015219.wav_clicks.jld2,2020-05-07T01:52:19.0,2020-05-07,2020-05-23T16:45:22.796
X:\OdontoceteClicks\clicks\2020\05\MARS_20200507_020219.wav_clicks.jld2,2020-05-07T02:02:19.0,2020-05-07,2020-05-23T16:45:40.464
X:\OdontoceteClicks\clicks\2020\05\MARS_20200507_021219.wav_clicks.jld2,2020-05-07T02:12:19.0,2020-05-07,2020-05-23T16:45:43.389
X:\OdontoceteClicks\clicks\2020\05\MARS_20200507_022219.wav_clicks.jld2,2020-05-07T02:22:19.0,2020-05-07,2020-05-23T16:46:00.692
X:\OdontoceteClicks\clicks\2020\05\MARS_20200507_023219.wav_clicks.jld2,2020-05-07T02:32:19.0,2020-05-07,2020-05-23T16:46:03.647
X:\OdontoceteClicks\clicks\2020\05\MARS_20200507_024219.wav_clicks.jld2,2020-05-07T02:42:19.0,2020-05-07,2020-05-23T16:46:22.121
X:\OdontoceteClicks\clicks\2020\05\MARS_20200507_025219.wav_clicks.jld2,2020-05-07T02:52:19.0,2020-05-07,2020-05-23T16:46:24.941
X:\OdontoceteClicks\clicks\2020\05\MARS_20200507_030219.wav_clicks.jld2,2020-05-07T03:02:19.0,2020-05-07,2020-05-23T16:46:42.803
X:\OdontoceteClicks\clicks\2020\05\MARS_20200507_031219.wav_clicks.jld2,2020-05-07T03:12:19.0,2020-05-07,2020-05-23T16:46:44.53
X:\OdontoceteClicks\clicks\2020\05\MARS_20200507_032219.wav_clicks.jld2,2020-05-07T03:22:19.0,2020-05-07,2020-05-23T16:47:02.937
X:\OdontoceteClicks\clicks\2020\05\MARS_20200507_033219.wav_clicks.jld2,2020-05-07T03:32:19.0,2020-05-07,2020-05-23T16:47:04.992
X:\OdontoceteClicks\clicks\2020\05\MARS_20200507_034219.wav_clicks.jld2,2020-05-07T03:42:19.0,2020-05-07,2020-05-23T16:47:24.178
X:\OdontoceteClicks\clicks\2020\05\MARS_20200507_035219.wav_clicks.jld2,2020-05-07T03:52:19.0,2020-05-07,2020-05-23T16:47:28.68
X:\OdontoceteClicks\clicks\2020\05\MARS_20200507_040219.wav_clicks.jld2,2020-05-07T04:02:19.0,2020-05-07,2020-05-23T16:47:44.569
X:\OdontoceteClicks\clicks\2020\05\MARS_20200507_041219.wav_clicks.jld2,2020-05-07T04:12:19.0,2020-05-07,2020-05-23T16:47:54.574
X:\OdontoceteClicks\clicks\2020\05\MARS_20200507_042219.wav_clicks.jld2,2020-05-07T04:22:19.0,2020-05-07,2020-05-23T16:48:04.606
X:\OdontoceteClicks\clicks\2020\05\MARS_20200507_043219.wav_clicks.jld2,2020-05-07T04:32:19.0,2020-05-07,2020-05-23T16:48:15.932
X:\OdontoceteClicks\clicks\2020\05\MARS_20200507_044219.wav_clicks.jld2,2020-05-07T04:42:19.0,2020-05-07,2020-05-23T16:48:24.607
X:\OdontoceteClicks\clicks\2020\05\MARS_20200507_045219.wav_clicks.jld2,2020-05-07T04:52:19.0,2020-05-07,2020-05-23T16:48:35.686
X:\OdontoceteClicks\clicks\2020\05\MARS_20200507_050219.wav_clicks.jld2,2020-05-07T05:02:19.0,2020-05-07,2020-05-23T16:48:45.977
X:\OdontoceteClicks\clicks\2020\05\MARS_20200507_051219.wav_clicks.jld2,2020-05-07T05:12:19.0,2020-05-07,2020-05-23T16:48:55.867
X:\OdontoceteClicks\clicks\2020\05\MARS_20200507_052219.wav_clicks.jld2,2020-05-07T05:22:19.0,2020-05-07,2020-05-23T16:49:05.977
X:\OdontoceteClicks\clicks\2020\05\MARS_20200507_053219.wav_clicks.jld2,2020-05-07T05:32:19.0,2020-05-07,2020-05-23T16:49:16.286
X:\OdontoceteClicks\clicks\2020\05\MARS_20200507_054219.wav_clicks.jld2,2020-05-07T05:42:19.0,2020-05-07,2020-05-23T16:49:31.771
X:\OdontoceteClicks\clicks\2020\05\MARS_20200507_055219.wav_clicks.jld2,2020-05-07T05:52:19.0,2020-05-07,2020-05-23T16:49:38.738
X:\OdontoceteClicks\clicks\2020\05\MARS_20200507_060219.wav_clicks.jld2,2020-05-07T06:02:19.0,2020-05-07,2020-05-23T16:49:53.166
X:\OdontoceteClicks\clicks\2020\05\MARS_20200507_061219.wav_clicks.jld2,2020-05-07T06:12:19.0,2020-05-07,2020-05-23T16:50:01.311
X:\OdontoceteClicks\clicks\2020\05\MARS_20200507_062219.wav_clicks.jld2,2020-05-07T06:22:19.0,2020-05-07,2020-05-23T16:50:15.284
X:\OdontoceteClicks\clicks\2020\05\MARS_20200507_063219.wav_clicks.jld2,2020-05-07T06:32:19.0,2020-05-07,2020-05-23T16:50:23.171
X:\OdontoceteClicks\clicks\2020\05\MARS_20200507_064219.wav_clicks.jld2,2020-05-07T06:42:19.0,2020-05-07,2020-05-23T16:50:36.429
X:\OdontoceteClicks\clicks\2020\05\MARS_20200507_065219.wav_clicks.jld2,2020-05-07T06:52:19.0,2020-05-07,2020-05-23T16:50:44.235
X:\OdontoceteClicks\clicks\2020\05\MARS_20200507_070219.wav_clicks.jld2,2020-05-07T07:02:19.0,2020-05-07,2020-05-23T16:50:57.703
X:\OdontoceteClicks\clicks\2020\05\MARS_20200507_071219.wav_clicks.jld2,2020-05-07T07:12:19.0,2020-05-07,2020-05-23T16:51:07.509
X:\OdontoceteClicks\clicks\2020\05\MARS_20200507_072219.wav_clicks.jld2,2020-05-07T07:22:19.0,2020-05-07,2020-05-23T16:51:18.404
X:\OdontoceteClicks\clicks\2020\05\MARS_20200507_073219.wav_clicks.jld2,2020-05-07T07:32:19.0,2020-05-07,2020-05-23T16:51:27.692
X:\OdontoceteClicks\clicks\2020\05\MARS_20200507_074219.wav_clicks.jld2,2020-05-07T07:42:19.0,2020-05-07,2020-05-23T16:51:39.502
X:\OdontoceteClicks\clicks\2020\05\MARS_20200507_075219.wav_clicks.jld2,2020-05-07T07:52:19.0,2020-05-07,2020-05-23T16:51:56.368
X:\OdontoceteClicks\clicks\2020\05\MARS_20200507_080219.wav_clicks.jld2,2020-05-07T08:02:19.0,2020-05-07,2020-05-23T16:51:59.94
X:\OdontoceteClicks\clicks\2020\05\MARS_20200507_081219.wav_clicks.jld2,2020-05-07T08:12:19.0,2020-05-07,2020-05-23T16:52:21.312
X:\OdontoceteClicks\clicks\2020\05\MARS_20200507_082219.wav_clicks.jld2,2020-05-07T08:22:19.0,2020-05-07,2020-05-23T16:52:21.086
X:\OdontoceteClicks\clicks\2020\05\MARS_20200507_083219.wav_clicks.jld2,2020-05-07T08:32:19.0,2020-05-07,2020-05-23T16:52:42.378
X:\OdontoceteClicks\clicks\2020\05\MARS_20200507_084219.wav_clicks.jld2,2020-05-07T08:42:19.0,2020-05-07,2020-05-23T16:52:43.106
X:\OdontoceteClicks\clicks\2020\05\MARS_20200507_085219.wav_clicks.jld2,2020-05-07T08:52:19.0,2020-05-07,2020-05-23T16:53:05.658
X:\OdontoceteClicks\clicks\2020\05\MARS_20200507_090219.wav_clicks.jld2,2020-05-07T09:02:19.0,2020-05-07,2020-05-23T16:53:05.583
X:\OdontoceteClicks\clicks\2020\05\MARS_20200507_091219.wav_clicks.jld2,2020-05-07T09:12:19.0,2020-05-07,2020-05-23T16:53:26.949
X:\OdontoceteClicks\clicks\2020\05\MARS_20200507_092219.wav_clicks.jld2,2020-05-07T09:22:19.0,2020-05-07,2020-05-23T16:53:26.506
X:\OdontoceteClicks\clicks\2020\05\MARS_20200507_093219.wav_clicks.jld2,2020-05-07T09:32:19.0,2020-05-07,2020-05-23T16:53:47.855
X:\OdontoceteClicks\clicks\2020\05\MARS_20200507_094219.wav_clicks.jld2,2020-05-07T09:42:19.0,2020-05-07,2020-05-23T16:53:48.989
X:\OdontoceteClicks\clicks\2020\05\MARS_20200507_095219.wav_clicks.jld2,2020-05-07T09:52:19.0,2020-05-07,2020-05-23T16:54:09.682
X:\OdontoceteClicks\clicks\2020\05\MARS_20200507_100219.wav_clicks.jld2,2020-05-07T10:02:19.0,2020-05-07,2020-05-23T16:54:09.695
X:\OdontoceteClicks\clicks\2020\05\MARS_20200507_101219.wav_clicks.jld2,2020-05-07T10:12:19.0,2020-05-07,2020-05-23T16:54:36.871
X:\OdontoceteClicks\clicks\2020\05\MARS_20200507_102219.wav_clicks.jld2,2020-05-07T10:22:19.0,2020-05-07,2020-05-23T16:54:31.625
X:\OdontoceteClicks\clicks\2020\05\MARS_20200507_103219.wav_clicks.jld2,2020-05-07T10:32:19.0,2020-05-07,2020-05-23T16:54:54.187
X:\OdontoceteClicks\clicks\2020\05\MARS_20200507_104219.wav_clicks.jld2,2020-05-07T10:42:19.0,2020-05-07,2020-05-23T16:55:00.881
X:\OdontoceteClicks\clicks\2020\05\MARS_20200507_105219.wav_clicks.jld2,2020-05-07T10:52:19.0,2020-05-07,2020-05-23T16:55:14.96
X:\OdontoceteClicks\clicks\2020\05\MARS_20200507_110219.wav_clicks.jld2,2020-05-07T11:02:19.0,2020-05-07,2020-05-23T16:55:23.557
X:\OdontoceteClicks\clicks\2020\05\MARS_20200507_111219.wav_clicks.jld2,2020-05-07T11:12:19.0,2020-05-07,2020-05-23T16:55:37.234
X:\OdontoceteClicks\clicks\2020\05\MARS_20200507_112219.wav_clicks.jld2,2020-05-07T11:22:19.0,2020-05-07,2020-05-23T16:55:45.225
X:\OdontoceteClicks\clicks\2020\05\MARS_20200507_113219.wav_clicks.jld2,2020-05-07T11:32:19.0,2020-05-07,2020-05-23T16:55:59.643
X:\OdontoceteClicks\clicks\2020\05\MARS_20200507_114219.wav_clicks.jld2,2020-05-07T11:42:19.0,2020-05-07,2020-05-23T16:56:05.696
X:\OdontoceteClicks\clicks\2020\05\MARS_20200507_115219.wav_clicks.jld2,2020-05-07T11:52:19.0,2020-05-07,2020-05-23T16:56:21.233
X:\OdontoceteClicks\clicks\2020\05\MARS_20200507_120219.wav_clicks.jld2,2020-05-07T12:02:19.0,2020-05-07,2020-05-23T16:56:26.488
X:\OdontoceteClicks\clicks\2020\05\MARS_20200507_121219.wav_clicks.jld2,2020-05-07T12:12:19.0,2020-05-07,2020-05-23T16:56:42.239
X:\OdontoceteClicks\clicks\2020\05\MARS_20200507_122219.wav_clicks.jld2,2020-05-07T12:22:19.0,2020-05-07,2020-05-23T16:56:46.547
X:\OdontoceteClicks\clicks\2020\05\MARS_20200507_123219.wav_clicks.jld2,2020-05-07T12:32:19.0,2020-05-07,2020-05-23T16:57:07.944
X:\OdontoceteClicks\clicks\2020\05\MARS_20200507_124219.wav_clicks.jld2,2020-05-07T12:42:19.0,2020-05-07,2020-05-23T16:57:07.612
X:\OdontoceteClicks\clicks\2020\05\MARS_20200507_125219.wav_clicks.jld2,2020-05-07T12:52:19.0,2020-05-07,2020-05-23T16:57:30.271
X:\OdontoceteClicks\clicks\2020\05\MARS_20200507_130219.wav_clicks.jld2,2020-05-07T13:02:19.0,2020-05-07,2020-05-23T16:57:29.062
X:\OdontoceteClicks\clicks\2020\05\MARS_20200507_131219.wav_clicks.jld2,2020-05-07T13:12:19.0,2020-05-07,2020-05-23T16:57:50.477
X:\OdontoceteClicks\clicks\2020\05\MARS_20200507_132219.wav_clicks.jld2,2020-05-07T13:22:19.0,2020-05-07,2020-05-23T16:57:52.091
X:\OdontoceteClicks\clicks\2020\05\MARS_20200507_133219.wav_clicks.jld2,2020-05-07T13:32:19.0,2020-05-07,2020-05-23T16:58:11.129
X:\OdontoceteClicks\clicks\2020\05\MARS_20200507_134219.wav_clicks.jld2,2020-05-07T13:42:19.0,2020-05-07,2020-05-23T16:58:14.021
X:\OdontoceteClicks\clicks\2020\05\MARS_20200507_135219.wav_clicks.jld2,2020-05-07T13:52:19.0,2020-05-07,2020-05-23T16:58:31.705
X:\OdontoceteClicks\clicks\2020\05\MARS_20200507_140219.wav_clicks.jld2,2020-05-07T14:02:19.0,2020-05-07,2020-05-23T16:58:34.557
X:\OdontoceteClicks\clicks\2020\05\MARS_20200507_141219.wav_clicks.jld2,2020-05-07T14:12:19.0,2020-05-07,2020-05-23T16:58:51.746
X:\OdontoceteClicks\clicks\2020\05\MARS_20200507_142219.wav_clicks.jld2,2020-05-07T14:22:19.0,2020-05-07,2020-05-23T16:58:55.772
X:\OdontoceteClicks\clicks\2020\05\MARS_20200507_143219.wav_clicks.jld2,2020-05-07T14:32:19.0,2020-05-07,2020-05-23T16:59:15.469
X:\OdontoceteClicks\clicks\2020\05\MARS_20200507_144219.wav_clicks.jld2,2020-05-07T14:42:19.0,2020-05-07,2020-05-23T16:59:19.782
X:\OdontoceteClicks\clicks\2020\05\MARS_20200507_145219.wav_clicks.jld2,2020-05-07T14:52:19.0,2020-05-07,2020-05-23T16:59:37.812
X:\OdontoceteClicks\clicks\2020\05\MARS_20200507_150219.wav_clicks.jld2,2020-05-07T15:02:19.0,2020-05-07,2020-05-23T16:59:40.73
X:\OdontoceteClicks\clicks\2020\05\MARS_20200507_151219.wav_clicks.jld2,2020-05-07T15:12:19.0,2020-05-07,2020-05-23T16:59:58.552
X:\OdontoceteClicks\clicks\2020\05\MARS_20200507_152219.wav_clicks.jld2,2020-05-07T15:22:19.0,2020-05-07,2020-05-23T17:00:01.08
X:\OdontoceteClicks\clicks\2020\05\MARS_20200507_153219.wav_clicks.jld2,2020-05-07T15:32:19.0,2020-05-07,2020-05-23T17:00:21.464
X:\OdontoceteClicks\clicks\2020\05\MARS_20200507_154219.wav_clicks.jld2,2020-05-07T15:42:19.0,2020-05-07,2020-05-23T17:00:23.034
X:\OdontoceteClicks\clicks\2020\05\MARS_20200507_155219.wav_clicks.jld2,2020-05-07T15:52:19.0,2020-05-07,2020-05-23T17:00:48.02
X:\OdontoceteClicks\clicks\2020\05\MARS_20200507_160219.wav_clicks.jld2,2020-05-07T16:02:19.0,2020-05-07,2020-05-23T17:00:44.205
X:\OdontoceteClicks\clicks\2020\05\MARS_20200507_161219.wav_clicks.jld2,2020-05-07T16:12:19.0,2020-05-07,2020-05-23T17:01:04.565
X:\OdontoceteClicks\clicks\2020\05\MARS_20200507_162219.wav_clicks.jld2,2020-05-07T16:22:19.0,2020-05-07,2020-05-23T17:01:09.25
X:\OdontoceteClicks\clicks\2020\05\MARS_20200507_163219.wav_clicks.jld2,2020-05-07T16:32:19.0,2020-05-07,2020-05-23T17:01:27.449
X:\OdontoceteClicks\clicks\2020\05\MARS_20200507_164219.wav_clicks.jld2,2020-05-07T16:42:19.0,2020-05-07,2020-05-23T17:01:32.626
X:\OdontoceteClicks\clicks\2020\05\MARS_20200507_165219.wav_clicks.jld2,2020-05-07T16:52:19.0,2020-05-07,2020-05-23T17:01:49.78
X:\OdontoceteClicks\clicks\2020\05\MARS_20200507_170219.wav_clicks.jld2,2020-05-07T17:02:19.0,2020-05-07,2020-05-23T17:01:53.63
X:\OdontoceteClicks\clicks\2020\05\MARS_20200507_171219.wav_clicks.jld2,2020-05-07T17:12:19.0,2020-05-07,2020-05-23T17:02:13.119
X:\OdontoceteClicks\clicks\2020\05\MARS_20200507_172219.wav_clicks.jld2,2020-05-07T17:22:19.0,2020-05-07,2020-05-23T17:02:14.336
X:\OdontoceteClicks\clicks\2020\05\MARS_20200507_173219.wav_clicks.jld2,2020-05-07T17:32:19.0,2020-05-07,2020-05-23T17:02:33.597
X:\OdontoceteClicks\clicks\2020\05\MARS_20200507_174219.wav_clicks.jld2,2020-05-07T17:42:19.0,2020-05-07,2020-05-23T17:02:37.318
X:\OdontoceteClicks\clicks\2020\05\MARS_20200507_175219.wav_clicks.jld2,2020-05-07T17:52:19.0,2020-05-07,2020-05-23T17:02:54.418
X:\OdontoceteClicks\clicks\2020\05\MARS_20200507_180219.wav_clicks.jld2,2020-05-07T18:02:19.0,2020-05-07,2020-05-23T17:02:58.137
X:\OdontoceteClicks\clicks\2020\05\MARS_20200507_181219.wav_clicks.jld2,2020-05-07T18:12:19.0,2020-05-07,2020-05-23T17:03:15.364
X:\OdontoceteClicks\clicks\2020\05\MARS_20200507_182219.wav_clicks.jld2,2020-05-07T18:22:19.0,2020-05-07,2020-05-23T17:03:18.153
X:\OdontoceteClicks\clicks\2020\05\MARS_20200507_183219.wav_clicks.jld2,2020-05-07T18:32:19.0,2020-05-07,2020-05-23T17:03:36.928
X:\OdontoceteClicks\clicks\2020\05\MARS_20200507_184219.wav_clicks.jld2,2020-05-07T18:42:19.0,2020-05-07,2020-05-23T17:03:39.015
X:\OdontoceteClicks\clicks\2020\05\MARS_20200507_185219.wav_clicks.jld2,2020-05-07T18:52:19.0,2020-05-07,2020-05-23T17:03:58.055
X:\OdontoceteClicks\clicks\2020\05\MARS_20200507_190219.wav_clicks.jld2,2020-05-07T19:02:19.0,2020-05-07,2020-05-23T17:04:00.017
X:\OdontoceteClicks\clicks\2020\05\MARS_20200507_191219.wav_clicks.jld2,2020-05-07T19:12:19.0,2020-05-07,2020-05-23T17:04:18.394
X:\OdontoceteClicks\clicks\2020\05\MARS_20200507_192219.wav_clicks.jld2,2020-05-07T19:22:19.0,2020-05-07,2020-05-23T17:04:22.955
X:\OdontoceteClicks\clicks\2020\05\MARS_20200507_193219.wav_clicks.jld2,2020-05-07T19:32:19.0,2020-05-07,2020-05-23T17:04:39.819
X:\OdontoceteClicks\clicks\2020\05\MARS_20200507_194219.wav_clicks.jld2,2020-05-07T19:42:19.0,2020-05-07,2020-05-23T17:04:43.524
X:\OdontoceteClicks\clicks\2020\05\MARS_20200507_195219.wav_clicks.jld2,2020-05-07T19:52:19.0,2020-05-07,2020-05-23T17:05:00.921
X:\OdontoceteClicks\clicks\2020\05\MARS_20200507_200219.wav_clicks.jld2,2020-05-07T20:02:19.0,2020-05-07,2020-05-23T17:05:05.338
X:\OdontoceteClicks\clicks\2020\05\MARS_20200507_201219.wav_clicks.jld2,2020-05-07T20:12:19.0,2020-05-07,2020-05-23T17:05:21.454
X:\OdontoceteClicks\clicks\2020\05\MARS_20200507_202219.wav_clicks.jld2,2020-05-07T20:22:19.0,2020-05-07,2020-05-23T17:05:26.054
X:\OdontoceteClicks\clicks\2020\05\MARS_20200507_203219.wav_clicks.jld2,2020-05-07T20:32:19.0,2020-05-07,2020-05-23T17:05:43.536
X:\OdontoceteClicks\clicks\2020\05\MARS_20200507_204219.wav_clicks.jld2,2020-05-07T20:42:19.0,2020-05-07,2020-05-23T17:05:47.26
X:\OdontoceteClicks\clicks\2020\05\MARS_20200507_205219.wav_clicks.jld2,2020-05-07T20:52:19.0,2020-05-07,2020-05-23T17:06:05.359
X:\OdontoceteClicks\clicks\2020\05\MARS_20200507_210219.wav_clicks.jld2,2020-05-07T21:02:19.0,2020-05-07,2020-05-23T17:06:10.129
X:\OdontoceteClicks\clicks\2020\05\MARS_20200507_211219.wav_clicks.jld2,2020-05-07T21:12:19.0,2020-05-07,2020-05-23T17:06:25.008
X:\OdontoceteClicks\clicks\2020\05\MARS_20200507_212219.wav_clicks.jld2,2020-05-07T21:22:19.0,2020-05-07,2020-05-23T17:06:30.482
X:\OdontoceteClicks\clicks\2020\05\MARS_20200507_213219.wav_clicks.jld2,2020-05-07T21:32:19.0,2020-05-07,2020-05-23T17:06:47.787
X:\OdontoceteClicks\clicks\2020\05\MARS_20200507_214219.wav_clicks.jld2,2020-05-07T21:42:19.0,2020-05-07,2020-05-23T17:06:52.189
X:\OdontoceteClicks\clicks\2020\05\MARS_20200507_215219.wav_clicks.jld2,2020-05-07T21:52:19.0,2020-05-07,2020-05-23T17:07:08.951
X:\OdontoceteClicks\clicks\2020\05\MARS_20200507_220219.wav_clicks.jld2,2020-05-07T22:02:19.0,2020-05-07,2020-05-23T17:07:14.887
X:\OdontoceteClicks\clicks\2020\05\MARS_20200507_221219.wav_clicks.jld2,2020-05-07T22:12:19.0,2020-05-07,2020-05-23T17:07:30.611
X:\OdontoceteClicks\clicks\2020\05\MARS_20200507_222219.wav_clicks.jld2,2020-05-07T22:22:19.0,2020-05-07,2020-05-23T17:07:35.881
X:\OdontoceteClicks\clicks\2020\05\MARS_20200507_223219.wav_clicks.jld2,2020-05-07T22:32:19.0,2020-05-07,2020-05-23T17:07:51.781
X:\OdontoceteClicks\clicks\2020\05\MARS_20200507_224219.wav_clicks.jld2,2020-05-07T22:42:19.0,2020-05-07,2020-05-23T17:07:57.802
X:\OdontoceteClicks\clicks\2020\05\MARS_20200507_225219.wav_clicks.jld2,2020-05-07T22:52:19.0,2020-05-07,2020-05-23T17:08:14.357
X:\OdontoceteClicks\clicks\2020\05\MARS_20200507_230219.wav_clicks.jld2,2020-05-07T23:02:19.0,2020-05-07,2020-05-23T17:08:18.215
X:\OdontoceteClicks\clicks\2020\05\MARS_20200507_231219.wav_clicks.jld2,2020-05-07T23:12:19.0,2020-05-07,2020-05-23T17:08:33.839
X:\OdontoceteClicks\clicks\2020\05\MARS_20200507_232219.wav_clicks.jld2,2020-05-07T23:22:19.0,2020-05-07,2020-05-23T17:08:40.881
X:\OdontoceteClicks\clicks\2020\05\MARS_20200507_233219.wav_clicks.jld2,2020-05-07T23:32:19.0,2020-05-07,2020-05-23T17:08:55.122
X:\OdontoceteClicks\clicks\2020\05\MARS_20200507_234219.wav_clicks.jld2,2020-05-07T23:42:19.0,2020-05-07,2020-05-23T17:09:02.595
X:\OdontoceteClicks\clicks\2020\05\MARS_20200507_235219.wav_clicks.jld2,2020-05-07T23:52:19.0,2020-05-07,2020-05-23T17:09:17.374
X:\OdontoceteClicks\clicks\2020\05\MARS_20200508_000219.wav_clicks.jld2,2020-05-08T00:02:19.0,2020-05-08,2020-05-23T17:09:30.104
X:\OdontoceteClicks\clicks\2020\05\MARS_20200508_001219.wav_clicks.jld2,2020-05-08T00:12:19.0,2020-05-08,2020-05-23T17:09:39.666
X:\OdontoceteClicks\clicks\2020\05\MARS_20200508_002219.wav_clicks.jld2,2020-05-08T00:22:19.0,2020-05-08,2020-05-23T17:09:52.451
X:\OdontoceteClicks\clicks\2020\05\MARS_20200508_003219.wav_clicks.jld2,2020-05-08T00:32:19.0,2020-05-08,2020-05-23T17:10:00.78
X:\OdontoceteClicks\clicks\2020\05\MARS_20200508_004219.wav_clicks.jld2,2020-05-08T00:42:19.0,2020-05-08,2020-05-23T17:10:14.246
X:\OdontoceteClicks\clicks\2020\05\MARS_20200508_005219.wav_clicks.jld2,2020-05-08T00:52:19.0,2020-05-08,2020-05-23T17:10:21.652
X:\OdontoceteClicks\clicks\2020\05\MARS_20200508_010219.wav_clicks.jld2,2020-05-08T01:02:19.0,2020-05-08,2020-05-23T17:10:35.985
X:\OdontoceteClicks\clicks\2020\05\MARS_20200508_011219.wav_clicks.jld2,2020-05-08T01:12:19.0,2020-05-08,2020-05-23T17:10:43.245
X:\OdontoceteClicks\clicks\2020\05\MARS_20200508_012219.wav_clicks.jld2,2020-05-08T01:22:19.0,2020-05-08,2020-05-23T17:10:57.516
X:\OdontoceteClicks\clicks\2020\05\MARS_20200508_013219.wav_clicks.jld2,2020-05-08T01:32:19.0,2020-05-08,2020-05-23T17:11:04.283
X:\OdontoceteClicks\clicks\2020\05\MARS_20200508_014219.wav_clicks.jld2,2020-05-08T01:42:19.0,2020-05-08,2020-05-23T17:11:17.073
X:\OdontoceteClicks\clicks\2020\05\MARS_20200508_015219.wav_clicks.jld2,2020-05-08T01:52:19.0,2020-05-08,2020-05-23T17:11:27.968
X:\OdontoceteClicks\clicks\2020\05\MARS_20200508_020219.wav_clicks.jld2,2020-05-08T02:02:19.0,2020-05-08,2020-05-23T17:11:39.124
X:\OdontoceteClicks\clicks\2020\05\MARS_20200508_021219.wav_clicks.jld2,2020-05-08T02:12:19.0,2020-05-08,2020-05-23T17:11:47.735
X:\OdontoceteClicks\clicks\2020\05\MARS_20200508_022219.wav_clicks.jld2,2020-05-08T02:22:19.0,2020-05-08,2020-05-23T17:11:59.503
X:\OdontoceteClicks\clicks\2020\05\MARS_20200508_023219.wav_clicks.jld2,2020-05-08T02:32:19.0,2020-05-08,2020-05-23T17:12:07.836
X:\OdontoceteClicks\clicks\2020\05\MARS_20200508_024219.wav_clicks.jld2,2020-05-08T02:42:19.0,2020-05-08,2020-05-23T17:12:20.337
X:\OdontoceteClicks\clicks\2020\05\MARS_20200508_025219.wav_clicks.jld2,2020-05-08T02:52:19.0,2020-05-08,2020-05-23T17:12:28.02
X:\OdontoceteClicks\clicks\2020\05\MARS_20200508_030219.wav_clicks.jld2,2020-05-08T03:02:19.0,2020-05-08,2020-05-23T17:12:40.781
X:\OdontoceteClicks\clicks\2020\05\MARS_20200508_031219.wav_clicks.jld2,2020-05-08T03:12:19.0,2020-05-08,2020-05-23T17:12:49.545
X:\OdontoceteClicks\clicks\2020\05\MARS_20200508_032219.wav_clicks.jld2,2020-05-08T03:22:19.0,2020-05-08,2020-05-23T17:13:00.731
X:\OdontoceteClicks\clicks\2020\05\MARS_20200508_033219.wav_clicks.jld2,2020-05-08T03:32:19.0,2020-05-08,2020-05-23T17:13:16.451
X:\OdontoceteClicks\clicks\2020\05\MARS_20200508_034219.wav_clicks.jld2,2020-05-08T03:42:19.0,2020-05-08,2020-05-23T17:13:23.391
X:\OdontoceteClicks\clicks\2020\05\MARS_20200508_035219.wav_clicks.jld2,2020-05-08T03:52:19.0,2020-05-08,2020-05-23T17:13:37.248
X:\OdontoceteClicks\clicks\2020\05\MARS_20200508_040219.wav_clicks.jld2,2020-05-08T04:02:19.0,2020-05-08,2020-05-23T17:13:44.345
X:\OdontoceteClicks\clicks\2020\05\MARS_20200508_041219.wav_clicks.jld2,2020-05-08T04:12:19.0,2020-05-08,2020-05-23T17:13:58.506
X:\OdontoceteClicks\clicks\2020\05\MARS_20200508_042219.wav_clicks.jld2,2020-05-08T04:22:19.0,2020-05-08,2020-05-23T17:14:05.897
X:\OdontoceteClicks\clicks\2020\05\MARS_20200508_043219.wav_clicks.jld2,2020-05-08T04:32:19.0,2020-05-08,2020-05-23T17:14:22.698
X:\OdontoceteClicks\clicks\2020\05\MARS_20200508_044219.wav_clicks.jld2,2020-05-08T04:42:19.0,2020-05-08,2020-05-23T17:14:30.236
X:\OdontoceteClicks\clicks\2020\05\MARS_20200508_045219.wav_clicks.jld2,2020-05-08T04:52:19.0,2020-05-08,2020-05-23T17:14:43.096
X:\OdontoceteClicks\clicks\2020\05\MARS_20200508_050219.wav_clicks.jld2,2020-05-08T05:02:19.0,2020-05-08,2020-05-23T17:14:50.38
X:\OdontoceteClicks\clicks\2020\05\MARS_20200508_051219.wav_clicks.jld2,2020-05-08T05:12:19.0,2020-05-08,2020-05-23T17:15:05.491
X:\OdontoceteClicks\clicks\2020\05\MARS_20200508_052219.wav_clicks.jld2,2020-05-08T05:22:19.0,2020-05-08,2020-05-23T17:15:12.123
X:\OdontoceteClicks\clicks\2020\05\MARS_20200508_053219.wav_clicks.jld2,2020-05-08T05:32:19.0,2020-05-08,2020-05-23T17:15:27.416
X:\OdontoceteClicks\clicks\2020\05\MARS_20200508_054219.wav_clicks.jld2,2020-05-08T05:42:19.0,2020-05-08,2020-05-23T17:15:33.245
X:\OdontoceteClicks\clicks\2020\05\MARS_20200508_055219.wav_clicks.jld2,2020-05-08T05:52:19.0,2020-05-08,2020-05-23T17:15:47.19
X:\OdontoceteClicks\clicks\2020\05\MARS_20200508_060219.wav_clicks.jld2,2020-05-08T06:02:19.0,2020-05-08,2020-05-23T17:15:55.07
X:\OdontoceteClicks\clicks\2020\05\MARS_20200508_061219.wav_clicks.jld2,2020-05-08T06:12:19.0,2020-05-08,2020-05-23T17:16:08.787
X:\OdontoceteClicks\clicks\2020\05\MARS_20200508_062219.wav_clicks.jld2,2020-05-08T06:22:19.0,2020-05-08,2020-05-23T17:16:15.242
X:\OdontoceteClicks\clicks\2020\05\MARS_20200508_063219.wav_clicks.jld2,2020-05-08T06:32:19.0,2020-05-08,2020-05-23T17:16:29.804
X:\OdontoceteClicks\clicks\2020\05\MARS_20200508_064219.wav_clicks.jld2,2020-05-08T06:42:19.0,2020-05-08,2020-05-23T17:16:35.981
X:\OdontoceteClicks\clicks\2020\05\MARS_20200508_065219.wav_clicks.jld2,2020-05-08T06:52:19.0,2020-05-08,2020-05-23T17:16:51.062
X:\OdontoceteClicks\clicks\2020\05\MARS_20200508_070219.wav_clicks.jld2,2020-05-08T07:02:19.0,2020-05-08,2020-05-23T17:16:56.54
X:\OdontoceteClicks\clicks\2020\05\MARS_20200508_071219.wav_clicks.jld2,2020-05-08T07:12:19.0,2020-05-08,2020-05-23T17:17:12.981
X:\OdontoceteClicks\clicks\2020\05\MARS_20200508_072219.wav_clicks.jld2,2020-05-08T07:22:19.0,2020-05-08,2020-05-23T17:17:17.574
X:\OdontoceteClicks\clicks\2020\05\MARS_20200508_073219.wav_clicks.jld2,2020-05-08T07:32:19.0,2020-05-08,2020-05-23T17:17:34.213
X:\OdontoceteClicks\clicks\2020\05\MARS_20200508_074219.wav_clicks.jld2,2020-05-08T07:42:19.0,2020-05-08,2020-05-23T17:17:39.253
X:\OdontoceteClicks\clicks\2020\05\MARS_20200508_075219.wav_clicks.jld2,2020-05-08T07:52:19.0,2020-05-08,2020-05-23T17:17:54.849
X:\OdontoceteClicks\clicks\2020\05\MARS_20200508_080219.wav_clicks.jld2,2020-05-08T08:02:19.0,2020-05-08,2020-05-23T17:18:01.398
X:\OdontoceteClicks\clicks\2020\05\MARS_20200508_081219.wav_clicks.jld2,2020-05-08T08:12:19.0,2020-05-08,2020-05-23T17:18:17.666
X:\OdontoceteClicks\clicks\2020\05\MARS_20200508_082219.wav_clicks.jld2,2020-05-08T08:22:19.0,2020-05-08,2020-05-23T17:18:23.339
X:\OdontoceteClicks\clicks\2020\05\MARS_20200508_083219.wav_clicks.jld2,2020-05-08T08:32:19.0,2020-05-08,2020-05-23T17:18:38.738
X:\OdontoceteClicks\clicks\2020\05\MARS_20200508_084219.wav_clicks.jld2,2020-05-08T08:42:19.0,2020-05-08,2020-05-23T17:18:44.148
X:\OdontoceteClicks\clicks\2020\05\MARS_20200508_085219.wav_clicks.jld2,2020-05-08T08:52:19.0,2020-05-08,2020-05-23T17:18:59.085
X:\OdontoceteClicks\clicks\2020\05\MARS_20200508_090219.wav_clicks.jld2,2020-05-08T09:02:19.0,2020-05-08,2020-05-23T17:19:07.868
X:\OdontoceteClicks\clicks\2020\05\MARS_20200508_091219.wav_clicks.jld2,2020-05-08T09:12:19.0,2020-05-08,2020-05-23T17:19:20.398
X:\OdontoceteClicks\clicks\2020\05\MARS_20200508_092219.wav_clicks.jld2,2020-05-08T09:22:19.0,2020-05-08,2020-05-23T17:19:30.121
X:\OdontoceteClicks\clicks\2020\05\MARS_20200508_093219.wav_clicks.jld2,2020-05-08T09:32:19.0,2020-05-08,2020-05-23T17:19:41.539
X:\OdontoceteClicks\clicks\2020\05\MARS_20200508_094219.wav_clicks.jld2,2020-05-08T09:42:19.0,2020-05-08,2020-05-23T17:19:51.638
X:\OdontoceteClicks\clicks\2020\05\MARS_20200508_095219.wav_clicks.jld2,2020-05-08T09:52:19.0,2020-05-08,2020-05-23T17:20:01.82
X:\OdontoceteClicks\clicks\2020\05\MARS_20200508_100219.wav_clicks.jld2,2020-05-08T10:02:19.0,2020-05-08,2020-05-23T17:20:11.793
X:\OdontoceteClicks\clicks\2020\05\MARS_20200508_101219.wav_clicks.jld2,2020-05-08T10:12:19.0,2020-05-08,2020-05-23T17:20:22.474
X:\OdontoceteClicks\clicks\2020\05\MARS_20200508_102219.wav_clicks.jld2,2020-05-08T10:22:19.0,2020-05-08,2020-05-23T17:20:37.852
X:\OdontoceteClicks\clicks\2020\05\MARS_20200508_103219.wav_clicks.jld2,2020-05-08T10:32:19.0,2020-05-08,2020-05-23T17:20:45.901
X:\OdontoceteClicks\clicks\2020\05\MARS_20200508_104219.wav_clicks.jld2,2020-05-08T10:42:19.0,2020-05-08,2020-05-23T17:20:58.458
X:\OdontoceteClicks\clicks\2020\05\MARS_20200508_105219.wav_clicks.jld2,2020-05-08T10:52:19.0,2020-05-08,2020-05-23T17:21:07.094
X:\OdontoceteClicks\clicks\2020\05\MARS_20200508_110219.wav_clicks.jld2,2020-05-08T11:02:19.0,2020-05-08,2020-05-23T17:21:25.538
X:\OdontoceteClicks\clicks\2020\05\MARS_20200508_111219.wav_clicks.jld2,2020-05-08T11:12:19.0,2020-05-08,2020-05-23T17:21:27.962
X:\OdontoceteClicks\clicks\2020\05\MARS_20200508_112219.wav_clicks.jld2,2020-05-08T11:22:19.0,2020-05-08,2020-05-23T17:21:47.713
X:\OdontoceteClicks\clicks\2020\05\MARS_20200508_113219.wav_clicks.jld2,2020-05-08T11:32:19.0,2020-05-08,2020-05-23T17:21:49.353
X:\OdontoceteClicks\clicks\2020\05\MARS_20200508_114219.wav_clicks.jld2,2020-05-08T11:42:19.0,2020-05-08,2020-05-23T17:22:08.438
X:\OdontoceteClicks\clicks\2020\05\MARS_20200508_115219.wav_clicks.jld2,2020-05-08T11:52:19.0,2020-05-08,2020-05-23T17:22:13.038
X:\OdontoceteClicks\clicks\2020\05\MARS_20200508_120219.wav_clicks.jld2,2020-05-08T12:02:19.0,2020-05-08,2020-05-23T17:22:28.957
X:\OdontoceteClicks\clicks\2020\05\MARS_20200508_121219.wav_clicks.jld2,2020-05-08T12:12:19.0,2020-05-08,2020-05-23T17:22:36.05
X:\OdontoceteClicks\clicks\2020\05\MARS_20200508_122219.wav_clicks.jld2,2020-05-08T12:22:19.0,2020-05-08,2020-05-23T17:22:51.249
X:\OdontoceteClicks\clicks\2020\05\MARS_20200508_123219.wav_clicks.jld2,2020-05-08T12:32:19.0,2020-05-08,2020-05-23T17:22:56.447
X:\OdontoceteClicks\clicks\2020\05\MARS_20200508_124219.wav_clicks.jld2,2020-05-08T12:42:19.0,2020-05-08,2020-05-23T17:23:13.61
X:\OdontoceteClicks\clicks\2020\05\MARS_20200508_125219.wav_clicks.jld2,2020-05-08T12:52:19.0,2020-05-08,2020-05-23T17:23:16.427
X:\OdontoceteClicks\clicks\2020\05\MARS_20200508_130219.wav_clicks.jld2,2020-05-08T13:02:19.0,2020-05-08,2020-05-23T17:23:34.841
X:\OdontoceteClicks\clicks\2020\05\MARS_20200508_131219.wav_clicks.jld2,2020-05-08T13:12:19.0,2020-05-08,2020-05-23T17:23:41.116
X:\OdontoceteClicks\clicks\2020\05\MARS_20200508_132219.wav_clicks.jld2,2020-05-08T13:22:19.0,2020-05-08,2020-05-23T17:23:59.232
X:\OdontoceteClicks\clicks\2020\05\MARS_20200508_133219.wav_clicks.jld2,2020-05-08T13:32:19.0,2020-05-08,2020-05-23T17:24:01.278
X:\OdontoceteClicks\clicks\2020\05\MARS_20200508_134219.wav_clicks.jld2,2020-05-08T13:42:19.0,2020-05-08,2020-05-23T17:24:21.151
X:\OdontoceteClicks\clicks\2020\05\MARS_20200508_135219.wav_clicks.jld2,2020-05-08T13:52:19.0,2020-05-08,2020-05-23T17:24:22.021
X:\OdontoceteClicks\clicks\2020\05\MARS_20200508_140219.wav_clicks.jld2,2020-05-08T14:02:19.0,2020-05-08,2020-05-23T17:24:42.677
X:\OdontoceteClicks\clicks\2020\05\MARS_20200508_141219.wav_clicks.jld2,2020-05-08T14:12:19.0,2020-05-08,2020-05-23T17:24:43.465
X:\OdontoceteClicks\clicks\2020\05\MARS_20200508_142219.wav_clicks.jld2,2020-05-08T14:22:19.0,2020-05-08,2020-05-23T17:25:06.649
X:\OdontoceteClicks\clicks\2020\05\MARS_20200508_143219.wav_clicks.jld2,2020-05-08T14:32:19.0,2020-05-08,2020-05-23T17:25:06.018
X:\OdontoceteClicks\clicks\2020\05\MARS_20200508_144219.wav_clicks.jld2,2020-05-08T14:42:19.0,2020-05-08,2020-05-23T17:25:26.639
X:\OdontoceteClicks\clicks\2020\05\MARS_20200508_145219.wav_clicks.jld2,2020-05-08T14:52:19.0,2020-05-08,2020-05-23T17:25:29.748
X:\OdontoceteClicks\clicks\2020\05\MARS_20200508_150219.wav_clicks.jld2,2020-05-08T15:02:19.0,2020-05-08,2020-05-23T17:25:47.604
X:\OdontoceteClicks\clicks\2020\05\MARS_20200508_151219.wav_clicks.jld2,2020-05-08T15:12:19.0,2020-05-08,2020-05-23T17:25:51.396
X:\OdontoceteClicks\clicks\2020\05\MARS_20200508_152219.wav_clicks.jld2,2020-05-08T15:22:19.0,2020-05-08,2020-05-23T17:26:07.901
X:\OdontoceteClicks\clicks\2020\05\MARS_20200508_153219.wav_clicks.jld2,2020-05-08T15:32:19.0,2020-05-08,2020-05-23T17:26:11.462
X:\OdontoceteClicks\clicks\2020\05\MARS_20200508_154219.wav_clicks.jld2,2020-05-08T15:42:19.0,2020-05-08,2020-05-23T17:26:29.497
X:\OdontoceteClicks\clicks\2020\05\MARS_20200508_155219.wav_clicks.jld2,2020-05-08T15:52:19.0,2020-05-08,2020-05-23T17:26:35.173
X:\OdontoceteClicks\clicks\2020\05\MARS_20200508_160219.wav_clicks.jld2,2020-05-08T16:02:19.0,2020-05-08,2020-05-23T17:26:49.838
X:\OdontoceteClicks\clicks\2020\05\MARS_20200508_161219.wav_clicks.jld2,2020-05-08T16:12:19.0,2020-05-08,2020-05-23T17:26:59.015
X:\OdontoceteClicks\clicks\2020\05\MARS_20200508_162219.wav_clicks.jld2,2020-05-08T16:22:19.0,2020-05-08,2020-05-23T17:27:10.603
X:\OdontoceteClicks\clicks\2020\05\MARS_20200508_163219.wav_clicks.jld2,2020-05-08T16:32:19.0,2020-05-08,2020-05-23T17:27:21.475
X:\OdontoceteClicks\clicks\2020\05\MARS_20200508_164219.wav_clicks.jld2,2020-05-08T16:42:19.0,2020-05-08,2020-05-23T17:27:31.938
X:\OdontoceteClicks\clicks\2020\05\MARS_20200508_165219.wav_clicks.jld2,2020-05-08T16:52:19.0,2020-05-08,2020-05-23T17:27:41.972
X:\OdontoceteClicks\clicks\2020\05\MARS_20200508_170219.wav_clicks.jld2,2020-05-08T17:02:19.0,2020-05-08,2020-05-23T17:27:54.256
X:\OdontoceteClicks\clicks\2020\05\MARS_20200508_171219.wav_clicks.jld2,2020-05-08T17:12:19.0,2020-05-08,2020-05-23T17:28:05.791
X:\OdontoceteClicks\clicks\2020\05\MARS_20200508_172219.wav_clicks.jld2,2020-05-08T17:22:19.0,2020-05-08,2020-05-23T17:28:14.836
X:\OdontoceteClicks\clicks\2020\05\MARS_20200508_173219.wav_clicks.jld2,2020-05-08T17:32:19.0,2020-05-08,2020-05-23T17:28:30.833
X:\OdontoceteClicks\clicks\2020\05\MARS_20200508_174219.wav_clicks.jld2,2020-05-08T17:42:19.0,2020-05-08,2020-05-23T17:28:37.907
X:\OdontoceteClicks\clicks\2020\05\MARS_20200508_175219.wav_clicks.jld2,2020-05-08T17:52:19.0,2020-05-08,2020-05-23T17:28:52.155
X:\OdontoceteClicks\clicks\2020\05\MARS_20200508_180219.wav_clicks.jld2,2020-05-08T18:02:19.0,2020-05-08,2020-05-23T17:28:59.265
X:\OdontoceteClicks\clicks\2020\05\MARS_20200508_181219.wav_clicks.jld2,2020-05-08T18:12:19.0,2020-05-08,2020-05-23T17:29:13.601
X:\OdontoceteClicks\clicks\2020\05\MARS_20200508_182219.wav_clicks.jld2,2020-05-08T18:22:19.0,2020-05-08,2020-05-23T17:29:20.405
X:\OdontoceteClicks\clicks\2020\05\MARS_20200508_183219.wav_clicks.jld2,2020-05-08T18:32:19.0,2020-05-08,2020-05-23T17:29:35.538
X:\OdontoceteClicks\clicks\2020\05\MARS_20200508_184219.wav_clicks.jld2,2020-05-08T18:42:19.0,2020-05-08,2020-05-23T17:29:41.772
X:\OdontoceteClicks\clicks\2020\05\MARS_20200508_185219.wav_clicks.jld2,2020-05-08T18:52:19.0,2020-05-08,2020-05-23T17:29:56.519
X:\OdontoceteClicks\clicks\2020\05\MARS_20200508_190219.wav_clicks.jld2,2020-05-08T19:02:19.0,2020-05-08,2020-05-23T17:30:05.553
X:\OdontoceteClicks\clicks\2020\05\MARS_20200508_191219.wav_clicks.jld2,2020-05-08T19:12:19.0,2020-05-08,2020-05-23T17:30:16.348
X:\OdontoceteClicks\clicks\2020\05\MARS_20200508_192219.wav_clicks.jld2,2020-05-08T19:22:19.0,2020-05-08,2020-05-23T17:30:27.063
X:\OdontoceteClicks\clicks\2020\05\MARS_20200508_193219.wav_clicks.jld2,2020-05-08T19:32:19.0,2020-05-08,2020-05-23T17:30:36.689
X:\OdontoceteClicks\clicks\2020\05\MARS_20200508_194219.wav_clicks.jld2,2020-05-08T19:42:19.0,2020-05-08,2020-05-23T17:30:49.845
X:\OdontoceteClicks\clicks\2020\05\MARS_20200508_195219.wav_clicks.jld2,2020-05-08T19:52:19.0,2020-05-08,2020-05-23T17:31:02.838
X:\OdontoceteClicks\clicks\2020\05\MARS_20200508_200219.wav_clicks.jld2,2020-05-08T20:02:19.0,2020-05-08,2020-05-23T17:31:09.856
X:\OdontoceteClicks\clicks\2020\05\MARS_20200508_201219.wav_clicks.jld2,2020-05-08T20:12:19.0,2020-05-08,2020-05-23T17:31:23.069
X:\OdontoceteClicks\clicks\2020\05\MARS_20200508_202219.wav_clicks.jld2,2020-05-08T20:22:19.0,2020-05-08,2020-05-23T17:31:30.488
X:\OdontoceteClicks\clicks\2020\05\MARS_20200508_203219.wav_clicks.jld2,2020-05-08T20:32:19.0,2020-05-08,2020-05-23T17:31:45.962
X:\OdontoceteClicks\clicks\2020\05\MARS_20200508_204219.wav_clicks.jld2,2020-05-08T20:42:19.0,2020-05-08,2020-05-23T17:31:53.178
X:\OdontoceteClicks\clicks\2020\05\MARS_20200508_205219.wav_clicks.jld2,2020-05-08T20:52:19.0,2020-05-08,2020-05-23T17:32:07.154
X:\OdontoceteClicks\clicks\2020\05\MARS_20200508_210219.wav_clicks.jld2,2020-05-08T21:02:19.0,2020-05-08,2020-05-23T17:32:22.849
X:\OdontoceteClicks\clicks\2020\05\MARS_20200508_211219.wav_clicks.jld2,2020-05-08T21:12:19.0,2020-05-08,2020-05-23T17:32:34.15
X:\OdontoceteClicks\clicks\2020\05\MARS_20200508_212219.wav_clicks.jld2,2020-05-08T21:22:19.0,2020-05-08,2020-05-23T17:32:43.438
X:\OdontoceteClicks\clicks\2020\05\MARS_20200508_213219.wav_clicks.jld2,2020-05-08T21:32:19.0,2020-05-08,2020-05-23T17:32:53.985
X:\OdontoceteClicks\clicks\2020\05\MARS_20200508_214219.wav_clicks.jld2,2020-05-08T21:42:19.0,2020-05-08,2020-05-23T17:33:03.052
X:\OdontoceteClicks\clicks\2020\05\MARS_20200508_215219.wav_clicks.jld2,2020-05-08T21:52:19.0,2020-05-08,2020-05-23T17:33:16.189
X:\OdontoceteClicks\clicks\2020\05\MARS_20200508_220219.wav_clicks.jld2,2020-05-08T22:02:19.0,2020-05-08,2020-05-23T17:33:25.634
X:\OdontoceteClicks\clicks\2020\05\MARS_20200508_221219.wav_clicks.jld2,2020-05-08T22:12:19.0,2020-05-08,2020-05-23T17:33:37.907
X:\OdontoceteClicks\clicks\2020\05\MARS_20200508_222219.wav_clicks.jld2,2020-05-08T22:22:19.0,2020-05-08,2020-05-23T17:33:46.053
X:\OdontoceteClicks\clicks\2020\05\MARS_20200508_223219.wav_clicks.jld2,2020-05-08T22:32:19.0,2020-05-08,2020-05-23T17:33:58.594
X:\OdontoceteClicks\clicks\2020\05\MARS_20200508_224219.wav_clicks.jld2,2020-05-08T22:42:19.0,2020-05-08,2020-05-23T17:34:06.601
X:\OdontoceteClicks\clicks\2020\05\MARS_20200508_225219.wav_clicks.jld2,2020-05-08T22:52:19.0,2020-05-08,2020-05-23T17:34:20.188
X:\OdontoceteClicks\clicks\2020\05\MARS_20200508_230219.wav_clicks.jld2,2020-05-08T23:02:19.0,2020-05-08,2020-05-23T17:34:27.775
X:\OdontoceteClicks\clicks\2020\05\MARS_20200508_231219.wav_clicks.jld2,2020-05-08T23:12:19.0,2020-05-08,2020-05-23T17:34:41.534
X:\OdontoceteClicks\clicks\2020\05\MARS_20200508_232219.wav_clicks.jld2,2020-05-08T23:22:19.0,2020-05-08,2020-05-23T17:34:50.687
X:\OdontoceteClicks\clicks\2020\05\MARS_20200508_233219.wav_clicks.jld2,2020-05-08T23:32:19.0,2020-05-08,2020-05-23T17:35:07.151
X:\OdontoceteClicks\clicks\2020\05\MARS_20200508_234219.wav_clicks.jld2,2020-05-08T23:42:19.0,2020-05-08,2020-05-23T17:35:11.206
X:\OdontoceteClicks\clicks\2020\05\MARS_20200508_235219.wav_clicks.jld2,2020-05-08T23:52:19.0,2020-05-08,2020-05-23T17:35:28.918
X:\OdontoceteClicks\clicks\2020\05\MARS_20200509_000219.wav_clicks.jld2,2020-05-09T00:02:19.0,2020-05-09,2020-05-23T17:35:33.14
X:\OdontoceteClicks\clicks\2020\05\MARS_20200509_001219.wav_clicks.jld2,2020-05-09T00:12:19.0,2020-05-09,2020-05-23T17:35:59.632
X:\OdontoceteClicks\clicks\2020\05\MARS_20200509_002219.wav_clicks.jld2,2020-05-09T00:22:19.0,2020-05-09,2020-05-23T17:35:53.767
X:\OdontoceteClicks\clicks\2020\05\MARS_20200509_003219.wav_clicks.jld2,2020-05-09T00:32:19.0,2020-05-09,2020-05-23T17:36:14.993
X:\OdontoceteClicks\clicks\2020\05\MARS_20200509_004219.wav_clicks.jld2,2020-05-09T00:42:19.0,2020-05-09,2020-05-23T17:36:20.895
X:\OdontoceteClicks\clicks\2020\05\MARS_20200509_005219.wav_clicks.jld2,2020-05-09T00:52:19.0,2020-05-09,2020-05-23T17:36:35.197
X:\OdontoceteClicks\clicks\2020\05\MARS_20200509_010219.wav_clicks.jld2,2020-05-09T01:02:19.0,2020-05-09,2020-05-23T17:36:40.863
X:\OdontoceteClicks\clicks\2020\05\MARS_20200509_011219.wav_clicks.jld2,2020-05-09T01:12:19.0,2020-05-09,2020-05-23T17:36:55.802
X:\OdontoceteClicks\clicks\2020\05\MARS_20200509_012219.wav_clicks.jld2,2020-05-09T01:22:19.0,2020-05-09,2020-05-23T17:37:01.905
X:\OdontoceteClicks\clicks\2020\05\MARS_20200509_013219.wav_clicks.jld2,2020-05-09T01:32:19.0,2020-05-09,2020-05-23T17:37:17.517
X:\OdontoceteClicks\clicks\2020\05\MARS_20200509_014219.wav_clicks.jld2,2020-05-09T01:42:19.0,2020-05-09,2020-05-23T17:37:23.593
X:\OdontoceteClicks\clicks\2020\05\MARS_20200509_015219.wav_clicks.jld2,2020-05-09T01:52:19.0,2020-05-09,2020-05-23T17:37:40.869
X:\OdontoceteClicks\clicks\2020\05\MARS_20200509_020219.wav_clicks.jld2,2020-05-09T02:02:19.0,2020-05-09,2020-05-23T17:37:44.346
X:\OdontoceteClicks\clicks\2020\05\MARS_20200509_021219.wav_clicks.jld2,2020-05-09T02:12:19.0,2020-05-09,2020-05-23T17:38:03.312
X:\OdontoceteClicks\clicks\2020\05\MARS_20200509_022219.wav_clicks.jld2,2020-05-09T02:22:19.0,2020-05-09,2020-05-23T17:38:05.102
X:\OdontoceteClicks\clicks\2020\05\MARS_20200509_023219.wav_clicks.jld2,2020-05-09T02:32:19.0,2020-05-09,2020-05-23T17:38:26.057
X:\OdontoceteClicks\clicks\2020\05\MARS_20200509_024219.wav_clicks.jld2,2020-05-09T02:42:19.0,2020-05-09,2020-05-23T17:38:26.982
X:\OdontoceteClicks\clicks\2020\05\MARS_20200509_025219.wav_clicks.jld2,2020-05-09T02:52:19.0,2020-05-09,2020-05-23T17:38:50.921
X:\OdontoceteClicks\clicks\2020\05\MARS_20200509_030219.wav_clicks.jld2,2020-05-09T03:02:19.0,2020-05-09,2020-05-23T17:38:49.517
X:\OdontoceteClicks\clicks\2020\05\MARS_20200509_031219.wav_clicks.jld2,2020-05-09T03:12:19.0,2020-05-09,2020-05-23T17:39:10.074
X:\OdontoceteClicks\clicks\2020\05\MARS_20200509_032219.wav_clicks.jld2,2020-05-09T03:22:19.0,2020-05-09,2020-05-23T17:39:12.472
X:\OdontoceteClicks\clicks\2020\05\MARS_20200509_033219.wav_clicks.jld2,2020-05-09T03:32:19.0,2020-05-09,2020-05-23T17:39:31.055
X:\OdontoceteClicks\clicks\2020\05\MARS_20200509_034219.wav_clicks.jld2,2020-05-09T03:42:19.0,2020-05-09,2020-05-23T17:39:35.695
X:\OdontoceteClicks\clicks\2020\05\MARS_20200509_035219.wav_clicks.jld2,2020-05-09T03:52:19.0,2020-05-09,2020-05-23T17:39:52.136
X:\OdontoceteClicks\clicks\2020\05\MARS_20200509_040219.wav_clicks.jld2,2020-05-09T04:02:19.0,2020-05-09,2020-05-23T17:39:57.223
X:\OdontoceteClicks\clicks\2020\05\MARS_20200509_041219.wav_clicks.jld2,2020-05-09T04:12:19.0,2020-05-09,2020-05-23T17:40:13.42
X:\OdontoceteClicks\clicks\2020\05\MARS_20200509_042219.wav_clicks.jld2,2020-05-09T04:22:19.0,2020-05-09,2020-05-23T17:40:19.467
X:\OdontoceteClicks\clicks\2020\05\MARS_20200509_043219.wav_clicks.jld2,2020-05-09T04:32:19.0,2020-05-09,2020-05-23T17:40:34.336
X:\OdontoceteClicks\clicks\2020\05\MARS_20200509_044219.wav_clicks.jld2,2020-05-09T04:42:19.0,2020-05-09,2020-05-23T17:40:40.56
X:\OdontoceteClicks\clicks\2020\05\MARS_20200509_045219.wav_clicks.jld2,2020-05-09T04:52:19.0,2020-05-09,2020-05-23T17:40:54.034
X:\OdontoceteClicks\clicks\2020\05\MARS_20200509_050219.wav_clicks.jld2,2020-05-09T05:02:19.0,2020-05-09,2020-05-23T17:41:01.088
X:\OdontoceteClicks\clicks\2020\05\MARS_20200509_051219.wav_clicks.jld2,2020-05-09T05:12:19.0,2020-05-09,2020-05-23T17:41:18.384
X:\OdontoceteClicks\clicks\2020\05\MARS_20200509_052219.wav_clicks.jld2,2020-05-09T05:22:19.0,2020-05-09,2020-05-23T17:41:22.358
X:\OdontoceteClicks\clicks\2020\05\MARS_20200509_053219.wav_clicks.jld2,2020-05-09T05:32:19.0,2020-05-09,2020-05-23T17:41:39.8
X:\OdontoceteClicks\clicks\2020\05\MARS_20200509_054219.wav_clicks.jld2,2020-05-09T05:42:19.0,2020-05-09,2020-05-23T17:41:45.198
X:\OdontoceteClicks\clicks\2020\05\MARS_20200509_055219.wav_clicks.jld2,2020-05-09T05:52:19.0,2020-05-09,2020-05-23T17:41:59.674
X:\OdontoceteClicks\clicks\2020\05\MARS_20200509_060219.wav_clicks.jld2,2020-05-09T06:02:19.0,2020-05-09,2020-05-23T17:42:05.503
X:\OdontoceteClicks\clicks\2020\05\MARS_20200509_061219.wav_clicks.jld2,2020-05-09T06:12:19.0,2020-05-09,2020-05-23T17:42:23.737
X:\OdontoceteClicks\clicks\2020\05\MARS_20200509_062219.wav_clicks.jld2,2020-05-09T06:22:19.0,2020-05-09,2020-05-23T17:42:29.927
X:\OdontoceteClicks\clicks\2020\05\MARS_20200509_063219.wav_clicks.jld2,2020-05-09T06:32:19.0,2020-05-09,2020-05-23T17:42:45.84
X:\OdontoceteClicks\clicks\2020\05\MARS_20200509_064219.wav_clicks.jld2,2020-05-09T06:42:19.0,2020-05-09,2020-05-23T17:42:51.618
X:\OdontoceteClicks\clicks\2020\05\MARS_20200509_065219.wav_clicks.jld2,2020-05-09T06:52:19.0,2020-05-09,2020-05-23T17:43:08.567
X:\OdontoceteClicks\clicks\2020\05\MARS_20200509_070219.wav_clicks.jld2,2020-05-09T07:02:19.0,2020-05-09,2020-05-23T17:43:12.999
X:\OdontoceteClicks\clicks\2020\05\MARS_20200509_071219.wav_clicks.jld2,2020-05-09T07:12:19.0,2020-05-09,2020-05-23T17:43:29.582
X:\OdontoceteClicks\clicks\2020\05\MARS_20200509_072219.wav_clicks.jld2,2020-05-09T07:22:19.0,2020-05-09,2020-05-23T17:43:36.532
X:\OdontoceteClicks\clicks\2020\05\MARS_20200509_073219.wav_clicks.jld2,2020-05-09T07:32:19.0,2020-05-09,2020-05-23T17:43:51.181
X:\OdontoceteClicks\clicks\2020\05\MARS_20200509_074219.wav_clicks.jld2,2020-05-09T07:42:19.0,2020-05-09,2020-05-23T17:43:59.309
X:\OdontoceteClicks\clicks\2020\05\MARS_20200509_075219.wav_clicks.jld2,2020-05-09T07:52:19.0,2020-05-09,2020-05-23T17:44:13.27
X:\OdontoceteClicks\clicks\2020\05\MARS_20200509_080219.wav_clicks.jld2,2020-05-09T08:02:19.0,2020-05-09,2020-05-23T17:44:20.772
X:\OdontoceteClicks\clicks\2020\05\MARS_20200509_081219.wav_clicks.jld2,2020-05-09T08:12:19.0,2020-05-09,2020-05-23T17:44:35.061
X:\OdontoceteClicks\clicks\2020\05\MARS_20200509_082219.wav_clicks.jld2,2020-05-09T08:22:19.0,2020-05-09,2020-05-23T17:44:43.286
X:\OdontoceteClicks\clicks\2020\05\MARS_20200509_083219.wav_clicks.jld2,2020-05-09T08:32:19.0,2020-05-09,2020-05-23T17:44:55.995
X:\OdontoceteClicks\clicks\2020\05\MARS_20200509_084219.wav_clicks.jld2,2020-05-09T08:42:19.0,2020-05-09,2020-05-23T17:45:04.633
X:\OdontoceteClicks\clicks\2020\05\MARS_20200509_085219.wav_clicks.jld2,2020-05-09T08:52:19.0,2020-05-09,2020-05-23T17:45:17.673
X:\OdontoceteClicks\clicks\2020\05\MARS_20200509_090219.wav_clicks.jld2,2020-05-09T09:02:19.0,2020-05-09,2020-05-23T17:45:25.9
X:\OdontoceteClicks\clicks\2020\05\MARS_20200509_091219.wav_clicks.jld2,2020-05-09T09:12:19.0,2020-05-09,2020-05-23T17:45:38.512
X:\OdontoceteClicks\clicks\2020\05\MARS_20200509_092219.wav_clicks.jld2,2020-05-09T09:22:19.0,2020-05-09,2020-05-23T17:45:47.048
X:\OdontoceteClicks\clicks\2020\05\MARS_20200509_093219.wav_clicks.jld2,2020-05-09T09:32:19.0,2020-05-09,2020-05-23T17:46:01.767
X:\OdontoceteClicks\clicks\2020\05\MARS_20200509_094219.wav_clicks.jld2,2020-05-09T09:42:19.0,2020-05-09,2020-05-23T17:46:08.647
X:\OdontoceteClicks\clicks\2020\05\MARS_20200509_095219.wav_clicks.jld2,2020-05-09T09:52:19.0,2020-05-09,2020-05-23T17:46:22.743
X:\OdontoceteClicks\clicks\2020\05\MARS_20200509_100219.wav_clicks.jld2,2020-05-09T10:02:19.0,2020-05-09,2020-05-23T17:46:34.264
X:\OdontoceteClicks\clicks\2020\05\MARS_20200509_101219.wav_clicks.jld2,2020-05-09T10:12:19.0,2020-05-09,2020-05-23T17:46:46.895
X:\OdontoceteClicks\clicks\2020\05\MARS_20200509_102219.wav_clicks.jld2,2020-05-09T10:22:19.0,2020-05-09,2020-05-23T17:46:56.778
X:\OdontoceteClicks\clicks\2020\05\MARS_20200509_103219.wav_clicks.jld2,2020-05-09T10:32:19.0,2020-05-09,2020-05-23T17:47:06.326
X:\OdontoceteClicks\clicks\2020\05\MARS_20200509_104219.wav_clicks.jld2,2020-05-09T10:42:19.0,2020-05-09,2020-05-23T17:47:16.583
X:\OdontoceteClicks\clicks\2020\05\MARS_20200509_105219.wav_clicks.jld2,2020-05-09T10:52:19.0,2020-05-09,2020-05-23T17:47:27.605
X:\OdontoceteClicks\clicks\2020\05\MARS_20200509_110219.wav_clicks.jld2,2020-05-09T11:02:19.0,2020-05-09,2020-05-23T17:47:38.074
X:\OdontoceteClicks\clicks\2020\05\MARS_20200509_111219.wav_clicks.jld2,2020-05-09T11:12:19.0,2020-05-09,2020-05-23T17:47:49.246
X:\OdontoceteClicks\clicks\2020\05\MARS_20200509_112219.wav_clicks.jld2,2020-05-09T11:22:19.0,2020-05-09,2020-05-23T17:47:59.292
X:\OdontoceteClicks\clicks\2020\05\MARS_20200509_113219.wav_clicks.jld2,2020-05-09T11:32:19.0,2020-05-09,2020-05-23T17:48:09.309
X:\OdontoceteClicks\clicks\2020\05\MARS_20200509_114219.wav_clicks.jld2,2020-05-09T11:42:19.0,2020-05-09,2020-05-23T17:48:22.643
X:\OdontoceteClicks\clicks\2020\05\MARS_20200509_115219.wav_clicks.jld2,2020-05-09T11:52:19.0,2020-05-09,2020-05-23T17:48:32.287
X:\OdontoceteClicks\clicks\2020\05\MARS_20200509_120219.wav_clicks.jld2,2020-05-09T12:02:19.0,2020-05-09,2020-05-23T17:48:44.855
X:\OdontoceteClicks\clicks\2020\05\MARS_20200509_121219.wav_clicks.jld2,2020-05-09T12:12:19.0,2020-05-09,2020-05-23T17:48:53.977
X:\OdontoceteClicks\clicks\2020\05\MARS_20200509_122219.wav_clicks.jld2,2020-05-09T12:22:19.0,2020-05-09,2020-05-23T17:49:07.539
X:\OdontoceteClicks\clicks\2020\05\MARS_20200509_123219.wav_clicks.jld2,2020-05-09T12:32:19.0,2020-05-09,2020-05-23T17:49:15.722
X:\OdontoceteClicks\clicks\2020\05\MARS_20200509_124219.wav_clicks.jld2,2020-05-09T12:42:19.0,2020-05-09,2020-05-23T17:49:29.711
X:\OdontoceteClicks\clicks\2020\05\MARS_20200509_125219.wav_clicks.jld2,2020-05-09T12:52:19.0,2020-05-09,2020-05-23T17:49:37.474
X:\OdontoceteClicks\clicks\2020\05\MARS_20200509_130219.wav_clicks.jld2,2020-05-09T13:02:19.0,2020-05-09,2020-05-23T17:49:53.201
X:\OdontoceteClicks\clicks\2020\05\MARS_20200509_131219.wav_clicks.jld2,2020-05-09T13:12:19.0,2020-05-09,2020-05-23T17:49:58.47
X:\OdontoceteClicks\clicks\2020\05\MARS_20200509_132219.wav_clicks.jld2,2020-05-09T13:22:19.0,2020-05-09,2020-05-23T17:50:14.007
X:\OdontoceteClicks\clicks\2020\05\MARS_20200509_133219.wav_clicks.jld2,2020-05-09T13:32:19.0,2020-05-09,2020-05-23T17:50:19.676
X:\OdontoceteClicks\clicks\2020\05\MARS_20200509_134219.wav_clicks.jld2,2020-05-09T13:42:19.0,2020-05-09,2020-05-23T17:50:34.378
X:\OdontoceteClicks\clicks\2020\05\MARS_20200509_135219.wav_clicks.jld2,2020-05-09T13:52:19.0,2020-05-09,2020-05-23T17:50:43.415
X:\OdontoceteClicks\clicks\2020\05\MARS_20200509_140219.wav_clicks.jld2,2020-05-09T14:02:19.0,2020-05-09,2020-05-23T17:50:59.099
X:\OdontoceteClicks\clicks\2020\05\MARS_20200509_141219.wav_clicks.jld2,2020-05-09T14:12:19.0,2020-05-09,2020-05-23T17:51:06.579
X:\OdontoceteClicks\clicks\2020\05\MARS_20200509_142219.wav_clicks.jld2,2020-05-09T14:22:19.0,2020-05-09,2020-05-23T17:51:20.599
X:\OdontoceteClicks\clicks\2020\05\MARS_20200509_143219.wav_clicks.jld2,2020-05-09T14:32:19.0,2020-05-09,2020-05-23T17:51:29.28
X:\OdontoceteClicks\clicks\2020\05\MARS_20200509_144219.wav_clicks.jld2,2020-05-09T14:42:19.0,2020-05-09,2020-05-23T17:51:40.49
X:\OdontoceteClicks\clicks\2020\05\MARS_20200509_145219.wav_clicks.jld2,2020-05-09T14:52:19.0,2020-05-09,2020-05-23T17:51:49.933
X:\OdontoceteClicks\clicks\2020\05\MARS_20200509_150219.wav_clicks.jld2,2020-05-09T15:02:19.0,2020-05-09,2020-05-23T17:52:00.909
X:\OdontoceteClicks\clicks\2020\05\MARS_20200509_151219.wav_clicks.jld2,2020-05-09T15:12:19.0,2020-05-09,2020-05-23T17:52:12.201
X:\OdontoceteClicks\clicks\2020\05\MARS_20200509_152219.wav_clicks.jld2,2020-05-09T15:22:19.0,2020-05-09,2020-05-23T17:52:21.337
X:\OdontoceteClicks\clicks\2020\05\MARS_20200509_153219.wav_clicks.jld2,2020-05-09T15:32:19.0,2020-05-09,2020-05-23T17:52:33.855
X:\OdontoceteClicks\clicks\2020\05\MARS_20200509_154219.wav_clicks.jld2,2020-05-09T15:42:19.0,2020-05-09,2020-05-23T17:52:46.499
X:\OdontoceteClicks\clicks\2020\05\MARS_20200509_155219.wav_clicks.jld2,2020-05-09T15:52:19.0,2020-05-09,2020-05-23T17:52:55.045
X:\OdontoceteClicks\clicks\2020\05\MARS_20200509_160219.wav_clicks.jld2,2020-05-09T16:02:19.0,2020-05-09,2020-05-23T17:53:07.433
X:\OdontoceteClicks\clicks\2020\05\MARS_20200509_161219.wav_clicks.jld2,2020-05-09T16:12:19.0,2020-05-09,2020-05-23T17:53:16.231
X:\OdontoceteClicks\clicks\2020\05\MARS_20200509_162219.wav_clicks.jld2,2020-05-09T16:22:19.0,2020-05-09,2020-05-23T17:53:30.084
X:\OdontoceteClicks\clicks\2020\05\MARS_20200509_163219.wav_clicks.jld2,2020-05-09T16:32:19.0,2020-05-09,2020-05-23T17:53:39.012
X:\OdontoceteClicks\clicks\2020\05\MARS_20200509_164219.wav_clicks.jld2,2020-05-09T16:42:19.0,2020-05-09,2020-05-23T17:53:51.582
X:\OdontoceteClicks\clicks\2020\05\MARS_20200509_165219.wav_clicks.jld2,2020-05-09T16:52:19.0,2020-05-09,2020-05-23T17:53:59.316
X:\OdontoceteClicks\clicks\2020\05\MARS_20200509_170219.wav_clicks.jld2,2020-05-09T17:02:19.0,2020-05-09,2020-05-23T17:54:14.712
X:\OdontoceteClicks\clicks\2020\05\MARS_20200509_171219.wav_clicks.jld2,2020-05-09T17:12:19.0,2020-05-09,2020-05-23T17:54:20.283
X:\OdontoceteClicks\clicks\2020\05\MARS_20200509_172219.wav_clicks.jld2,2020-05-09T17:22:19.0,2020-05-09,2020-05-23T17:54:35.25
X:\OdontoceteClicks\clicks\2020\05\MARS_20200509_173219.wav_clicks.jld2,2020-05-09T17:32:19.0,2020-05-09,2020-05-23T17:54:44.792
X:\OdontoceteClicks\clicks\2020\05\MARS_20200509_174219.wav_clicks.jld2,2020-05-09T17:42:19.0,2020-05-09,2020-05-23T17:54:56.751
X:\OdontoceteClicks\clicks\2020\05\MARS_20200509_175219.wav_clicks.jld2,2020-05-09T17:52:19.0,2020-05-09,2020-05-23T17:55:05.582
X:\OdontoceteClicks\clicks\2020\05\MARS_20200509_180219.wav_clicks.jld2,2020-05-09T18:02:19.0,2020-05-09,2020-05-23T17:55:17.713
X:\OdontoceteClicks\clicks\2020\05\MARS_20200509_181219.wav_clicks.jld2,2020-05-09T18:12:19.0,2020-05-09,2020-05-23T17:55:27.066
X:\OdontoceteClicks\clicks\2020\05\MARS_20200509_182219.wav_clicks.jld2,2020-05-09T18:22:19.0,2020-05-09,2020-05-23T17:55:39.957
X:\OdontoceteClicks\clicks\2020\05\MARS_20200509_183219.wav_clicks.jld2,2020-05-09T18:32:19.0,2020-05-09,2020-05-23T17:55:49.225
X:\OdontoceteClicks\clicks\2020\05\MARS_20200509_184219.wav_clicks.jld2,2020-05-09T18:42:19.0,2020-05-09,2020-05-23T17:56:02.262
X:\OdontoceteClicks\clicks\2020\05\MARS_20200509_185219.wav_clicks.jld2,2020-05-09T18:52:19.0,2020-05-09,2020-05-23T17:56:16.211
X:\OdontoceteClicks\clicks\2020\05\MARS_20200509_190219.wav_clicks.jld2,2020-05-09T19:02:19.0,2020-05-09,2020-05-23T17:56:23.384
X:\OdontoceteClicks\clicks\2020\05\MARS_20200509_191219.wav_clicks.jld2,2020-05-09T19:12:19.0,2020-05-09,2020-05-23T17:56:36.08
X:\OdontoceteClicks\clicks\2020\05\MARS_20200509_192219.wav_clicks.jld2,2020-05-09T19:22:19.0,2020-05-09,2020-05-23T17:56:43.107
X:\OdontoceteClicks\clicks\2020\05\MARS_20200509_193219.wav_clicks.jld2,2020-05-09T19:32:19.0,2020-05-09,2020-05-23T17:56:55.934
X:\OdontoceteClicks\clicks\2020\05\MARS_20200509_194219.wav_clicks.jld2,2020-05-09T19:42:19.0,2020-05-09,2020-05-23T17:57:08.279
X:\OdontoceteClicks\clicks\2020\05\MARS_20200509_195219.wav_clicks.jld2,2020-05-09T19:52:19.0,2020-05-09,2020-05-23T17:57:16.519
X:\OdontoceteClicks\clicks\2020\05\MARS_20200509_200219.wav_clicks.jld2,2020-05-09T20:02:19.0,2020-05-09,2020-05-23T17:57:27.82
X:\OdontoceteClicks\clicks\2020\05\MARS_20200509_201219.wav_clicks.jld2,2020-05-09T20:12:19.0,2020-05-09,2020-05-23T17:57:36.719
X:\OdontoceteClicks\clicks\2020\05\MARS_20200509_202219.wav_clicks.jld2,2020-05-09T20:22:19.0,2020-05-09,2020-05-23T17:57:49.97
X:\OdontoceteClicks\clicks\2020\05\MARS_20200509_203219.wav_clicks.jld2,2020-05-09T20:32:19.0,2020-05-09,2020-05-23T17:57:58.031
X:\OdontoceteClicks\clicks\2020\05\MARS_20200509_204219.wav_clicks.jld2,2020-05-09T20:42:19.0,2020-05-09,2020-05-23T17:58:10.269
X:\OdontoceteClicks\clicks\2020\05\MARS_20200509_205219.wav_clicks.jld2,2020-05-09T20:52:19.0,2020-05-09,2020-05-23T17:58:19.432
X:\OdontoceteClicks\clicks\2020\05\MARS_20200509_210219.wav_clicks.jld2,2020-05-09T21:02:19.0,2020-05-09,2020-05-23T17:58:31.247
X:\OdontoceteClicks\clicks\2020\05\MARS_20200509_211219.wav_clicks.jld2,2020-05-09T21:12:19.0,2020-05-09,2020-05-23T17:58:39.831
X:\OdontoceteClicks\clicks\2020\05\MARS_20200509_212219.wav_clicks.jld2,2020-05-09T21:22:19.0,2020-05-09,2020-05-23T17:58:52.615
X:\OdontoceteClicks\clicks\2020\05\MARS_20200509_213219.wav_clicks.jld2,2020-05-09T21:32:19.0,2020-05-09,2020-05-23T17:59:00.303
X:\OdontoceteClicks\clicks\2020\05\MARS_20200509_214219.wav_clicks.jld2,2020-05-09T21:42:19.0,2020-05-09,2020-05-23T17:59:13.558
X:\OdontoceteClicks\clicks\2020\05\MARS_20200509_215219.wav_clicks.jld2,2020-05-09T21:52:19.0,2020-05-09,2020-05-23T17:59:20.778
X:\OdontoceteClicks\clicks\2020\05\MARS_20200509_220219.wav_clicks.jld2,2020-05-09T22:02:19.0,2020-05-09,2020-05-23T17:59:34.75
X:\OdontoceteClicks\clicks\2020\05\MARS_20200509_221219.wav_clicks.jld2,2020-05-09T22:12:19.0,2020-05-09,2020-05-23T17:59:41.608
X:\OdontoceteClicks\clicks\2020\05\MARS_20200509_222219.wav_clicks.jld2,2020-05-09T22:22:19.0,2020-05-09,2020-05-23T17:59:56.016
X:\OdontoceteClicks\clicks\2020\05\MARS_20200509_223219.wav_clicks.jld2,2020-05-09T22:32:19.0,2020-05-09,2020-05-23T18:00:01.678
X:\OdontoceteClicks\clicks\2020\05\MARS_20200509_224219.wav_clicks.jld2,2020-05-09T22:42:19.0,2020-05-09,2020-05-23T18:00:18.004
X:\OdontoceteClicks\clicks\2020\05\MARS_20200509_225219.wav_clicks.jld2,2020-05-09T22:52:19.0,2020-05-09,2020-05-23T18:00:23.881
X:\OdontoceteClicks\clicks\2020\05\MARS_20200509_230219.wav_clicks.jld2,2020-05-09T23:02:19.0,2020-05-09,2020-05-23T18:00:37.737
X:\OdontoceteClicks\clicks\2020\05\MARS_20200509_231219.wav_clicks.jld2,2020-05-09T23:12:19.0,2020-05-09,2020-05-23T18:00:45.489
X:\OdontoceteClicks\clicks\2020\05\MARS_20200509_232219.wav_clicks.jld2,2020-05-09T23:22:19.0,2020-05-09,2020-05-23T18:01:02.717
X:\OdontoceteClicks\clicks\2020\05\MARS_20200509_233219.wav_clicks.jld2,2020-05-09T23:32:19.0,2020-05-09,2020-05-23T18:01:07.048
X:\OdontoceteClicks\clicks\2020\05\MARS_20200509_234219.wav_clicks.jld2,2020-05-09T23:42:19.0,2020-05-09,2020-05-23T18:01:24.582
X:\OdontoceteClicks\clicks\2020\05\MARS_20200509_235219.wav_clicks.jld2,2020-05-09T23:52:19.0,2020-05-09,2020-05-23T18:01:29.791
X:\OdontoceteClicks\clicks\2020\05\MARS_20200510_000219.wav_clicks.jld2,2020-05-10T00:02:19.0,2020-05-10,2020-05-23T18:01:48.186
X:\OdontoceteClicks\clicks\2020\05\MARS_20200510_001219.wav_clicks.jld2,2020-05-10T00:12:19.0,2020-05-10,2020-05-23T18:01:51.418
X:\OdontoceteClicks\clicks\2020\05\MARS_20200510_002219.wav_clicks.jld2,2020-05-10T00:22:19.0,2020-05-10,2020-05-23T18:02:07.733
X:\OdontoceteClicks\clicks\2020\05\MARS_20200510_003219.wav_clicks.jld2,2020-05-10T00:32:19.0,2020-05-10,2020-05-23T18:02:15.821
X:\OdontoceteClicks\clicks\2020\05\MARS_20200510_004219.wav_clicks.jld2,2020-05-10T00:42:19.0,2020-05-10,2020-05-23T18:02:28.843
X:\OdontoceteClicks\clicks\2020\05\MARS_20200510_005219.wav_clicks.jld2,2020-05-10T00:52:19.0,2020-05-10,2020-05-23T18:02:36.38
X:\OdontoceteClicks\clicks\2020\05\MARS_20200510_010219.wav_clicks.jld2,2020-05-10T01:02:19.0,2020-05-10,2020-05-23T18:02:49.806
X:\OdontoceteClicks\clicks\2020\05\MARS_20200510_011219.wav_clicks.jld2,2020-05-10T01:12:19.0,2020-05-10,2020-05-23T18:02:56.984
X:\OdontoceteClicks\clicks\2020\05\MARS_20200510_012219.wav_clicks.jld2,2020-05-10T01:22:19.0,2020-05-10,2020-05-23T18:03:13.872
X:\OdontoceteClicks\clicks\2020\05\MARS_20200510_013219.wav_clicks.jld2,2020-05-10T01:32:19.0,2020-05-10,2020-05-23T18:03:20.446
X:\OdontoceteClicks\clicks\2020\05\MARS_20200510_014219.wav_clicks.jld2,2020-05-10T01:42:19.0,2020-05-10,2020-05-23T18:03:38.404
X:\OdontoceteClicks\clicks\2020\05\MARS_20200510_015219.wav_clicks.jld2,2020-05-10T01:52:19.0,2020-05-10,2020-05-23T18:03:42.746
X:\OdontoceteClicks\clicks\2020\05\MARS_20200510_020219.wav_clicks.jld2,2020-05-10T02:02:19.0,2020-05-10,2020-05-23T18:03:57.717
X:\OdontoceteClicks\clicks\2020\05\MARS_20200510_021219.wav_clicks.jld2,2020-05-10T02:12:19.0,2020-05-10,2020-05-23T18:04:04.125
X:\OdontoceteClicks\clicks\2020\05\MARS_20200510_022219.wav_clicks.jld2,2020-05-10T02:22:19.0,2020-05-10,2020-05-23T18:04:18.284
X:\OdontoceteClicks\clicks\2020\05\MARS_20200510_023219.wav_clicks.jld2,2020-05-10T02:32:19.0,2020-05-10,2020-05-23T18:04:28.149
X:\OdontoceteClicks\clicks\2020\05\MARS_20200510_024219.wav_clicks.jld2,2020-05-10T02:42:19.0,2020-05-10,2020-05-23T18:04:41.516
X:\OdontoceteClicks\clicks\2020\05\MARS_20200510_025219.wav_clicks.jld2,2020-05-10T02:52:19.0,2020-05-10,2020-05-23T18:04:50.179
X:\OdontoceteClicks\clicks\2020\05\MARS_20200510_030219.wav_clicks.jld2,2020-05-10T03:02:19.0,2020-05-10,2020-05-23T18:05:04.498
X:\OdontoceteClicks\clicks\2020\05\MARS_20200510_031219.wav_clicks.jld2,2020-05-10T03:12:19.0,2020-05-10,2020-05-23T18:05:11.711
X:\OdontoceteClicks\clicks\2020\05\MARS_20200510_032219.wav_clicks.jld2,2020-05-10T03:22:19.0,2020-05-10,2020-05-23T18:05:29.44
X:\OdontoceteClicks\clicks\2020\05\MARS_20200510_033219.wav_clicks.jld2,2020-05-10T03:32:19.0,2020-05-10,2020-05-23T18:05:33.075
X:\OdontoceteClicks\clicks\2020\05\MARS_20200510_034219.wav_clicks.jld2,2020-05-10T03:42:19.0,2020-05-10,2020-05-23T18:05:50.575
X:\OdontoceteClicks\clicks\2020\05\MARS_20200510_035219.wav_clicks.jld2,2020-05-10T03:52:19.0,2020-05-10,2020-05-23T18:05:54.32
X:\OdontoceteClicks\clicks\2020\05\MARS_20200510_040219.wav_clicks.jld2,2020-05-10T04:02:19.0,2020-05-10,2020-05-23T18:06:25.628
X:\OdontoceteClicks\clicks\2020\05\MARS_20200510_041219.wav_clicks.jld2,2020-05-10T04:12:19.0,2020-05-10,2020-05-23T18:06:26.378
X:\OdontoceteClicks\clicks\2020\05\MARS_20200510_042219.wav_clicks.jld2,2020-05-10T04:22:19.0,2020-05-10,2020-05-23T18:06:47.441
X:\OdontoceteClicks\clicks\2020\05\MARS_20200510_043219.wav_clicks.jld2,2020-05-10T04:32:19.0,2020-05-10,2020-05-23T18:06:47.847
X:\OdontoceteClicks\clicks\2020\05\MARS_20200510_044219.wav_clicks.jld2,2020-05-10T04:42:19.0,2020-05-10,2020-05-23T18:07:09.878
X:\OdontoceteClicks\clicks\2020\05\MARS_20200510_045219.wav_clicks.jld2,2020-05-10T04:52:19.0,2020-05-10,2020-05-23T18:07:13.139
X:\OdontoceteClicks\clicks\2020\05\MARS_20200510_050219.wav_clicks.jld2,2020-05-10T05:02:19.0,2020-05-10,2020-05-23T18:07:32.127
X:\OdontoceteClicks\clicks\2020\05\MARS_20200510_051219.wav_clicks.jld2,2020-05-10T05:12:19.0,2020-05-10,2020-05-23T18:07:33.666
X:\OdontoceteClicks\clicks\2020\05\MARS_20200510_052219.wav_clicks.jld2,2020-05-10T05:22:19.0,2020-05-10,2020-05-23T18:07:52.539
X:\OdontoceteClicks\clicks\2020\05\MARS_20200510_053219.wav_clicks.jld2,2020-05-10T05:32:19.0,2020-05-10,2020-05-26T19:19:02.334
X:\OdontoceteClicks\clicks\2020\05\MARS_20200510_054219.wav_clicks.jld2,2020-05-10T05:42:19.0,2020-05-10,2020-05-26T19:19:01.754
X:\OdontoceteClicks\clicks\2020\05\MARS_20200510_055219.wav_clicks.jld2,2020-05-10T05:52:19.0,2020-05-10,2020-05-26T19:19:24.773
X:\OdontoceteClicks\clicks\2020\05\MARS_20200510_060219.wav_clicks.jld2,2020-05-10T06:02:19.0,2020-05-10,2020-05-26T19:19:25.035
X:\OdontoceteClicks\clicks\2020\05\MARS_20200510_061219.wav_clicks.jld2,2020-05-10T06:12:19.0,2020-05-10,2020-05-26T19:19:46.814
X:\OdontoceteClicks\clicks\2020\05\MARS_20200510_062219.wav_clicks.jld2,2020-05-10T06:22:19.0,2020-05-10,2020-05-26T19:19:49.768
X:\OdontoceteClicks\clicks\2020\05\MARS_20200510_063219.wav_clicks.jld2,2020-05-10T06:32:19.0,2020-05-10,2020-05-26T19:20:09.439
X:\OdontoceteClicks\clicks\2020\05\MARS_20200510_064219.wav_clicks.jld2,2020-05-10T06:42:19.0,2020-05-10,2020-05-26T19:20:12.845
X:\OdontoceteClicks\clicks\2020\05\MARS_20200510_065219.wav_clicks.jld2,2020-05-10T06:52:19.0,2020-05-10,2020-05-26T19:20:32.45
X:\OdontoceteClicks\clicks\2020\05\MARS_20200510_070219.wav_clicks.jld2,2020-05-10T07:02:19.0,2020-05-10,2020-05-26T19:20:35.963
X:\OdontoceteClicks\clicks\2020\05\MARS_20200510_071219.wav_clicks.jld2,2020-05-10T07:12:19.0,2020-05-10,2020-05-26T19:20:54.458
X:\OdontoceteClicks\clicks\2020\05\MARS_20200510_072219.wav_clicks.jld2,2020-05-10T07:22:19.0,2020-05-10,2020-05-26T19:20:58.138
X:\OdontoceteClicks\clicks\2020\05\MARS_20200510_073219.wav_clicks.jld2,2020-05-10T07:32:19.0,2020-05-10,2020-05-26T19:21:17.332
X:\OdontoceteClicks\clicks\2020\05\MARS_20200510_074219.wav_clicks.jld2,2020-05-10T07:42:19.0,2020-05-10,2020-05-26T19:21:20.246
X:\OdontoceteClicks\clicks\2020\05\MARS_20200510_075219.wav_clicks.jld2,2020-05-10T07:52:19.0,2020-05-10,2020-05-26T19:21:39.694
X:\OdontoceteClicks\clicks\2020\05\MARS_20200510_080219.wav_clicks.jld2,2020-05-10T08:02:19.0,2020-05-10,2020-05-26T19:21:42.124
X:\OdontoceteClicks\clicks\2020\05\MARS_20200510_081219.wav_clicks.jld2,2020-05-10T08:12:19.0,2020-05-10,2020-05-26T19:22:02.259
X:\OdontoceteClicks\clicks\2020\05\MARS_20200510_082219.wav_clicks.jld2,2020-05-10T08:22:19.0,2020-05-10,2020-05-26T19:22:04.99
X:\OdontoceteClicks\clicks\2020\05\MARS_20200510_083219.wav_clicks.jld2,2020-05-10T08:32:19.0,2020-05-10,2020-05-26T19:22:25.113
X:\OdontoceteClicks\clicks\2020\05\MARS_20200510_084219.wav_clicks.jld2,2020-05-10T08:42:19.0,2020-05-10,2020-05-26T19:22:27.036
X:\OdontoceteClicks\clicks\2020\05\MARS_20200510_085219.wav_clicks.jld2,2020-05-10T08:52:19.0,2020-05-10,2020-05-26T19:22:47.45
X:\OdontoceteClicks\clicks\2020\05\MARS_20200510_090219.wav_clicks.jld2,2020-05-10T09:02:19.0,2020-05-10,2020-05-26T19:22:50.247
X:\OdontoceteClicks\clicks\2020\05\MARS_20200510_091219.wav_clicks.jld2,2020-05-10T09:12:19.0,2020-05-10,2020-05-26T19:23:09.686
X:\OdontoceteClicks\clicks\2020\05\MARS_20200510_092219.wav_clicks.jld2,2020-05-10T09:22:19.0,2020-05-10,2020-05-26T19:23:12.879
X:\OdontoceteClicks\clicks\2020\05\MARS_20200510_093219.wav_clicks.jld2,2020-05-10T09:32:19.0,2020-05-10,2020-05-26T19:23:32.258
X:\OdontoceteClicks\clicks\2020\05\MARS_20200510_094219.wav_clicks.jld2,2020-05-10T09:42:19.0,2020-05-10,2020-05-26T19:23:33.999
X:\OdontoceteClicks\clicks\2020\05\MARS_20200510_095219.wav_clicks.jld2,2020-05-10T09:52:19.0,2020-05-10,2020-05-26T19:23:54.855
X:\OdontoceteClicks\clicks\2020\05\MARS_20200510_100219.wav_clicks.jld2,2020-05-10T10:02:19.0,2020-05-10,2020-05-26T19:23:57.142
X:\OdontoceteClicks\clicks\2020\05\MARS_20200510_101219.wav_clicks.jld2,2020-05-10T10:12:19.0,2020-05-10,2020-05-26T19:24:16.933
X:\OdontoceteClicks\clicks\2020\05\MARS_20200510_102219.wav_clicks.jld2,2020-05-10T10:22:19.0,2020-05-10,2020-05-26T19:24:18.589
X:\OdontoceteClicks\clicks\2020\05\MARS_20200510_103219.wav_clicks.jld2,2020-05-10T10:32:19.0,2020-05-10,2020-05-26T19:24:38.727
X:\OdontoceteClicks\clicks\2020\05\MARS_20200510_104219.wav_clicks.jld2,2020-05-10T10:42:19.0,2020-05-10,2020-05-26T19:24:41.018
X:\OdontoceteClicks\clicks\2020\05\MARS_20200510_105219.wav_clicks.jld2,2020-05-10T10:52:19.0,2020-05-10,2020-05-26T19:25:00.924
X:\OdontoceteClicks\clicks\2020\05\MARS_20200510_110219.wav_clicks.jld2,2020-05-10T11:02:19.0,2020-05-10,2020-05-26T19:25:01.938
X:\OdontoceteClicks\clicks\2020\05\MARS_20200510_111219.wav_clicks.jld2,2020-05-10T11:12:19.0,2020-05-10,2020-05-26T19:25:21.77
X:\OdontoceteClicks\clicks\2020\05\MARS_20200510_112219.wav_clicks.jld2,2020-05-10T11:22:19.0,2020-05-10,2020-05-26T19:25:24.746
X:\OdontoceteClicks\clicks\2020\05\MARS_20200510_113219.wav_clicks.jld2,2020-05-10T11:32:19.0,2020-05-10,2020-05-26T19:25:44.33
X:\OdontoceteClicks\clicks\2020\05\MARS_20200510_114219.wav_clicks.jld2,2020-05-10T11:42:19.0,2020-05-10,2020-05-26T19:25:45.397
X:\OdontoceteClicks\clicks\2020\05\MARS_20200510_115219.wav_clicks.jld2,2020-05-10T11:52:19.0,2020-05-10,2020-05-26T19:26:07.552
X:\OdontoceteClicks\clicks\2020\05\MARS_20200510_120219.wav_clicks.jld2,2020-05-10T12:02:19.0,2020-05-10,2020-05-26T19:26:06.965
X:\OdontoceteClicks\clicks\2020\05\MARS_20200510_121219.wav_clicks.jld2,2020-05-10T12:12:19.0,2020-05-10,2020-05-26T19:26:28.818
X:\OdontoceteClicks\clicks\2020\05\MARS_20200510_122219.wav_clicks.jld2,2020-05-10T12:22:19.0,2020-05-10,2020-05-26T19:26:27.871
X:\OdontoceteClicks\clicks\2020\05\MARS_20200510_123219.wav_clicks.jld2,2020-05-10T12:32:19.0,2020-05-10,2020-05-26T19:26:50.34
X:\OdontoceteClicks\clicks\2020\05\MARS_20200510_124219.wav_clicks.jld2,2020-05-10T12:42:19.0,2020-05-10,2020-05-26T19:26:50.923
X:\OdontoceteClicks\clicks\2020\05\MARS_20200510_125219.wav_clicks.jld2,2020-05-10T12:52:19.0,2020-05-10,2020-05-26T19:27:12.108
X:\OdontoceteClicks\clicks\2020\05\MARS_20200510_130219.wav_clicks.jld2,2020-05-10T13:02:19.0,2020-05-10,2020-05-26T19:27:12.427
X:\OdontoceteClicks\clicks\2020\05\MARS_20200510_131219.wav_clicks.jld2,2020-05-10T13:12:19.0,2020-05-10,2020-05-26T19:27:34.104
X:\OdontoceteClicks\clicks\2020\05\MARS_20200510_132219.wav_clicks.jld2,2020-05-10T13:22:19.0,2020-05-10,2020-05-26T19:27:34.143
X:\OdontoceteClicks\clicks\2020\05\MARS_20200510_133219.wav_clicks.jld2,2020-05-10T13:32:19.0,2020-05-10,2020-05-26T19:27:54.331
X:\OdontoceteClicks\clicks\2020\05\MARS_20200510_134219.wav_clicks.jld2,2020-05-10T13:42:19.0,2020-05-10,2020-05-26T19:27:57.301
X:\OdontoceteClicks\clicks\2020\05\MARS_20200510_135219.wav_clicks.jld2,2020-05-10T13:52:19.0,2020-05-10,2020-05-26T19:28:16.295
X:\OdontoceteClicks\clicks\2020\05\MARS_20200510_140219.wav_clicks.jld2,2020-05-10T14:02:19.0,2020-05-10,2020-05-26T19:28:18.23
X:\OdontoceteClicks\clicks\2020\05\MARS_20200510_141219.wav_clicks.jld2,2020-05-10T14:12:19.0,2020-05-10,2020-05-26T19:28:37.553
X:\OdontoceteClicks\clicks\2020\05\MARS_20200510_142219.wav_clicks.jld2,2020-05-10T14:22:19.0,2020-05-10,2020-05-26T19:28:39.965
X:\OdontoceteClicks\clicks\2020\05\MARS_20200510_143219.wav_clicks.jld2,2020-05-10T14:32:19.0,2020-05-10,2020-05-26T19:28:59.231
X:\OdontoceteClicks\clicks\2020\05\MARS_20200510_144219.wav_clicks.jld2,2020-05-10T14:42:19.0,2020-05-10,2020-05-26T19:29:02.6
X:\OdontoceteClicks\clicks\2020\05\MARS_20200510_145219.wav_clicks.jld2,2020-05-10T14:52:19.0,2020-05-10,2020-05-26T19:29:20.798
X:\OdontoceteClicks\clicks\2020\05\MARS_20200510_150219.wav_clicks.jld2,2020-05-10T15:02:19.0,2020-05-10,2020-05-26T19:29:26.251
X:\OdontoceteClicks\clicks\2020\05\MARS_20200510_151219.wav_clicks.jld2,2020-05-10T15:12:19.0,2020-05-10,2020-05-26T19:29:42.84
X:\OdontoceteClicks\clicks\2020\05\MARS_20200510_152219.wav_clicks.jld2,2020-05-10T15:22:19.0,2020-05-10,2020-05-26T19:29:47.878
X:\OdontoceteClicks\clicks\2020\05\MARS_20200510_153219.wav_clicks.jld2,2020-05-10T15:32:19.0,2020-05-10,2020-05-26T19:30:05.136
X:\OdontoceteClicks\clicks\2020\05\MARS_20200510_154219.wav_clicks.jld2,2020-05-10T15:42:19.0,2020-05-10,2020-05-26T19:30:10.676
X:\OdontoceteClicks\clicks\2020\05\MARS_20200510_155219.wav_clicks.jld2,2020-05-10T15:52:19.0,2020-05-10,2020-05-26T19:30:27.081
X:\OdontoceteClicks\clicks\2020\05\MARS_20200510_160219.wav_clicks.jld2,2020-05-10T16:02:19.0,2020-05-10,2020-05-26T19:30:31.838
X:\OdontoceteClicks\clicks\2020\05\MARS_20200510_161219.wav_clicks.jld2,2020-05-10T16:12:19.0,2020-05-10,2020-05-26T19:30:48.013
X:\OdontoceteClicks\clicks\2020\05\MARS_20200510_162219.wav_clicks.jld2,2020-05-10T16:22:19.0,2020-05-10,2020-05-26T19:30:52.568
X:\OdontoceteClicks\clicks\2020\05\MARS_20200510_163219.wav_clicks.jld2,2020-05-10T16:32:19.0,2020-05-10,2020-05-26T19:31:09.486
X:\OdontoceteClicks\clicks\2020\05\MARS_20200510_164219.wav_clicks.jld2,2020-05-10T16:42:19.0,2020-05-10,2020-05-26T19:31:14.064
X:\OdontoceteClicks\clicks\2020\05\MARS_20200510_165219.wav_clicks.jld2,2020-05-10T16:52:19.0,2020-05-10,2020-05-26T19:31:28.904
X:\OdontoceteClicks\clicks\2020\05\MARS_20200510_170219.wav_clicks.jld2,2020-05-10T17:02:19.0,2020-05-10,2020-05-26T19:31:34.213
X:\OdontoceteClicks\clicks\2020\05\MARS_20200510_171219.wav_clicks.jld2,2020-05-10T17:12:19.0,2020-05-10,2020-05-26T19:31:50.036
X:\OdontoceteClicks\clicks\2020\05\MARS_20200510_172219.wav_clicks.jld2,2020-05-10T17:22:19.0,2020-05-10,2020-05-26T19:31:54.518
X:\OdontoceteClicks\clicks\2020\05\MARS_20200510_173219.wav_clicks.jld2,2020-05-10T17:32:19.0,2020-05-10,2020-05-26T19:32:11.751
X:\OdontoceteClicks\clicks\2020\05\MARS_20200510_174219.wav_clicks.jld2,2020-05-10T17:42:19.0,2020-05-10,2020-05-26T19:32:16.41
X:\OdontoceteClicks\clicks\2020\05\MARS_20200510_175219.wav_clicks.jld2,2020-05-10T17:52:19.0,2020-05-10,2020-05-26T19:32:32.534
X:\OdontoceteClicks\clicks\2020\05\MARS_20200510_180219.wav_clicks.jld2,2020-05-10T18:02:19.0,2020-05-10,2020-05-26T19:32:35.425
X:\OdontoceteClicks\clicks\2020\05\MARS_20200510_181219.wav_clicks.jld2,2020-05-10T18:12:19.0,2020-05-10,2020-05-26T19:32:51.428
X:\OdontoceteClicks\clicks\2020\05\MARS_20200510_182219.wav_clicks.jld2,2020-05-10T18:22:19.0,2020-05-10,2020-05-26T19:32:55.807
X:\OdontoceteClicks\clicks\2020\05\MARS_20200510_183219.wav_clicks.jld2,2020-05-10T18:32:19.0,2020-05-10,2020-05-26T19:33:12.596
X:\OdontoceteClicks\clicks\2020\05\MARS_20200510_184219.wav_clicks.jld2,2020-05-10T18:42:19.0,2020-05-10,2020-05-26T19:33:15.724
X:\OdontoceteClicks\clicks\2020\05\MARS_20200510_185219.wav_clicks.jld2,2020-05-10T18:52:19.0,2020-05-10,2020-05-26T19:33:32.716
X:\OdontoceteClicks\clicks\2020\05\MARS_20200510_190219.wav_clicks.jld2,2020-05-10T19:02:19.0,2020-05-10,2020-05-26T19:33:36.726
X:\OdontoceteClicks\clicks\2020\05\MARS_20200510_191219.wav_clicks.jld2,2020-05-10T19:12:19.0,2020-05-10,2020-05-26T19:33:54.047
X:\OdontoceteClicks\clicks\2020\05\MARS_20200510_192219.wav_clicks.jld2,2020-05-10T19:22:19.0,2020-05-10,2020-05-26T19:33:57.535
X:\OdontoceteClicks\clicks\2020\05\MARS_20200510_193219.wav_clicks.jld2,2020-05-10T19:32:19.0,2020-05-10,2020-05-26T19:34:14.509
X:\OdontoceteClicks\clicks\2020\05\MARS_20200510_194219.wav_clicks.jld2,2020-05-10T19:42:19.0,2020-05-10,2020-05-26T19:34:18.409
X:\OdontoceteClicks\clicks\2020\05\MARS_20200510_195219.wav_clicks.jld2,2020-05-10T19:52:19.0,2020-05-10,2020-05-26T19:34:34.738
X:\OdontoceteClicks\clicks\2020\05\MARS_20200510_200219.wav_clicks.jld2,2020-05-10T20:02:19.0,2020-05-10,2020-05-26T19:34:40.001
X:\OdontoceteClicks\clicks\2020\05\MARS_20200510_201219.wav_clicks.jld2,2020-05-10T20:12:19.0,2020-05-10,2020-05-26T19:34:55.523
X:\OdontoceteClicks\clicks\2020\05\MARS_20200510_202219.wav_clicks.jld2,2020-05-10T20:22:19.0,2020-05-10,2020-05-26T19:34:59.88
X:\OdontoceteClicks\clicks\2020\05\MARS_20200510_203219.wav_clicks.jld2,2020-05-10T20:32:19.0,2020-05-10,2020-05-26T19:35:15.423
X:\OdontoceteClicks\clicks\2020\05\MARS_20200510_204219.wav_clicks.jld2,2020-05-10T20:42:19.0,2020-05-10,2020-05-26T19:35:20.614
X:\OdontoceteClicks\clicks\2020\05\MARS_20200510_205219.wav_clicks.jld2,2020-05-10T20:52:19.0,2020-05-10,2020-05-26T19:35:36.665
X:\OdontoceteClicks\clicks\2020\05\MARS_20200510_210219.wav_clicks.jld2,2020-05-10T21:02:19.0,2020-05-10,2020-05-26T19:35:41.2
X:\OdontoceteClicks\clicks\2020\05\MARS_20200510_211219.wav_clicks.jld2,2020-05-10T21:12:19.0,2020-05-10,2020-05-26T19:35:56.76
X:\OdontoceteClicks\clicks\2020\05\MARS_20200510_212219.wav_clicks.jld2,2020-05-10T21:22:19.0,2020-05-10,2020-05-26T19:36:01.089
X:\OdontoceteClicks\clicks\2020\05\MARS_20200510_213219.wav_clicks.jld2,2020-05-10T21:32:19.0,2020-05-10,2020-05-26T19:36:18.572
X:\OdontoceteClicks\clicks\2020\05\MARS_20200510_214219.wav_clicks.jld2,2020-05-10T21:42:19.0,2020-05-10,2020-05-26T19:36:23.015
X:\OdontoceteClicks\clicks\2020\05\MARS_20200510_215219.wav_clicks.jld2,2020-05-10T21:52:19.0,2020-05-10,2020-05-26T19:36:39.26
X:\OdontoceteClicks\clicks\2020\05\MARS_20200510_220219.wav_clicks.jld2,2020-05-10T22:02:19.0,2020-05-10,2020-05-26T19:36:43.353
X:\OdontoceteClicks\clicks\2020\05\MARS_20200510_221219.wav_clicks.jld2,2020-05-10T22:12:19.0,2020-05-10,2020-05-26T19:36:59.334
X:\OdontoceteClicks\clicks\2020\05\MARS_20200510_222219.wav_clicks.jld2,2020-05-10T22:22:19.0,2020-05-10,2020-05-26T19:37:03.885
X:\OdontoceteClicks\clicks\2020\05\MARS_20200510_223219.wav_clicks.jld2,2020-05-10T22:32:19.0,2020-05-10,2020-05-26T19:37:19.461
X:\OdontoceteClicks\clicks\2020\05\MARS_20200510_224219.wav_clicks.jld2,2020-05-10T22:42:19.0,2020-05-10,2020-05-26T19:37:23.706
X:\OdontoceteClicks\clicks\2020\05\MARS_20200510_225219.wav_clicks.jld2,2020-05-10T22:52:19.0,2020-05-10,2020-05-26T19:37:40.038
X:\OdontoceteClicks\clicks\2020\05\MARS_20200510_230219.wav_clicks.jld2,2020-05-10T23:02:19.0,2020-05-10,2020-05-26T19:37:44.438
X:\OdontoceteClicks\clicks\2020\05\MARS_20200510_231219.wav_clicks.jld2,2020-05-10T23:12:19.0,2020-05-10,2020-05-26T19:38:00.537
X:\OdontoceteClicks\clicks\2020\05\MARS_20200510_232219.wav_clicks.jld2,2020-05-10T23:22:19.0,2020-05-10,2020-05-26T19:38:03.751
X:\OdontoceteClicks\clicks\2020\05\MARS_20200510_233219.wav_clicks.jld2,2020-05-10T23:32:19.0,2020-05-10,2020-05-26T19:38:20.438
X:\OdontoceteClicks\clicks\2020\05\MARS_20200510_234219.wav_clicks.jld2,2020-05-10T23:42:19.0,2020-05-10,2020-05-26T19:38:23.703
X:\OdontoceteClicks\clicks\2020\05\MARS_20200510_235219.wav_clicks.jld2,2020-05-10T23:52:19.0,2020-05-10,2020-05-26T19:38:42.809
X:\OdontoceteClicks\clicks\2020\05\MARS_20200511_000219.wav_clicks.jld2,2020-05-11T00:02:19.0,2020-05-11,2020-05-26T19:38:44.012
X:\OdontoceteClicks\clicks\2020\05\MARS_20200511_001219.wav_clicks.jld2,2020-05-11T00:12:19.0,2020-05-11,2020-05-26T19:39:03.018
X:\OdontoceteClicks\clicks\2020\05\MARS_20200511_002219.wav_clicks.jld2,2020-05-11T00:22:19.0,2020-05-11,2020-05-26T19:39:04.599
X:\OdontoceteClicks\clicks\2020\05\MARS_20200511_003219.wav_clicks.jld2,2020-05-11T00:32:19.0,2020-05-11,2020-05-26T19:39:23.963
X:\OdontoceteClicks\clicks\2020\05\MARS_20200511_004220.wav_clicks.jld2,2020-05-11T00:42:20.0,2020-05-11,2020-05-26T19:39:25.063
X:\OdontoceteClicks\clicks\2020\05\MARS_20200511_005219.wav_clicks.jld2,2020-05-11T00:52:19.0,2020-05-11,2020-05-26T19:39:44.393
X:\OdontoceteClicks\clicks\2020\05\MARS_20200511_010218.wav_clicks.jld2,2020-05-11T01:02:18.0,2020-05-11,2020-05-26T19:39:45.858
X:\OdontoceteClicks\clicks\2020\05\MARS_20200511_011218.wav_clicks.jld2,2020-05-11T01:12:18.0,2020-05-11,2020-05-26T19:40:04.228
X:\OdontoceteClicks\clicks\2020\05\MARS_20200511_012218.wav_clicks.jld2,2020-05-11T01:22:18.0,2020-05-11,2020-05-26T19:40:06.665
X:\OdontoceteClicks\clicks\2020\05\MARS_20200511_013218.wav_clicks.jld2,2020-05-11T01:32:18.0,2020-05-11,2020-05-26T19:40:24.409
X:\OdontoceteClicks\clicks\2020\05\MARS_20200511_014218.wav_clicks.jld2,2020-05-11T01:42:18.0,2020-05-11,2020-05-26T19:40:26.138
X:\OdontoceteClicks\clicks\2020\05\MARS_20200511_015218.wav_clicks.jld2,2020-05-11T01:52:18.0,2020-05-11,2020-05-26T19:40:44.429
X:\OdontoceteClicks\clicks\2020\05\MARS_20200511_020218.wav_clicks.jld2,2020-05-11T02:02:18.0,2020-05-11,2020-05-26T19:40:46.717
X:\OdontoceteClicks\clicks\2020\05\MARS_20200511_021218.wav_clicks.jld2,2020-05-11T02:12:18.0,2020-05-11,2020-05-26T19:41:05.017
X:\OdontoceteClicks\clicks\2020\05\MARS_20200511_022218.wav_clicks.jld2,2020-05-11T02:22:18.0,2020-05-11,2020-05-26T19:41:07.149
X:\OdontoceteClicks\clicks\2020\05\MARS_20200511_023218.wav_clicks.jld2,2020-05-11T02:32:18.0,2020-05-11,2020-05-26T19:41:24.866
X:\OdontoceteClicks\clicks\2020\05\MARS_20200511_024218.wav_clicks.jld2,2020-05-11T02:42:18.0,2020-05-11,2020-05-26T19:41:27.052
X:\OdontoceteClicks\clicks\2020\05\MARS_20200511_025218.wav_clicks.jld2,2020-05-11T02:52:18.0,2020-05-11,2020-05-26T19:41:44.249
X:\OdontoceteClicks\clicks\2020\05\MARS_20200511_030218.wav_clicks.jld2,2020-05-11T03:02:18.0,2020-05-11,2020-05-26T19:41:47.81
X:\OdontoceteClicks\clicks\2020\05\MARS_20200511_031218.wav_clicks.jld2,2020-05-11T03:12:18.0,2020-05-11,2020-05-26T19:42:04.158
X:\OdontoceteClicks\clicks\2020\05\MARS_20200511_032218.wav_clicks.jld2,2020-05-11T03:22:18.0,2020-05-11,2020-05-26T19:42:08.158
X:\OdontoceteClicks\clicks\2020\05\MARS_20200511_033218.wav_clicks.jld2,2020-05-11T03:32:18.0,2020-05-11,2020-05-26T19:42:25.222
X:\OdontoceteClicks\clicks\2020\05\MARS_20200511_034218.wav_clicks.jld2,2020-05-11T03:42:18.0,2020-05-11,2020-05-26T19:42:28.492
X:\OdontoceteClicks\clicks\2020\05\MARS_20200511_035218.wav_clicks.jld2,2020-05-11T03:52:18.0,2020-05-11,2020-05-26T19:42:45.02
X:\OdontoceteClicks\clicks\2020\05\MARS_20200511_040218.wav_clicks.jld2,2020-05-11T04:02:18.0,2020-05-11,2020-05-26T19:42:49.94
X:\OdontoceteClicks\clicks\2020\05\MARS_20200511_041218.wav_clicks.jld2,2020-05-11T04:12:18.0,2020-05-11,2020-05-26T19:43:05.609
X:\OdontoceteClicks\clicks\2020\05\MARS_20200511_042218.wav_clicks.jld2,2020-05-11T04:22:18.0,2020-05-11,2020-05-26T19:43:10.358
X:\OdontoceteClicks\clicks\2020\05\MARS_20200511_043218.wav_clicks.jld2,2020-05-11T04:32:18.0,2020-05-11,2020-05-26T19:43:26.28
X:\OdontoceteClicks\clicks\2020\05\MARS_20200511_044218.wav_clicks.jld2,2020-05-11T04:42:18.0,2020-05-11,2020-05-26T19:43:31.19
X:\OdontoceteClicks\clicks\2020\05\MARS_20200511_045218.wav_clicks.jld2,2020-05-11T04:52:18.0,2020-05-11,2020-05-26T19:43:46.403
X:\OdontoceteClicks\clicks\2020\05\MARS_20200511_050218.wav_clicks.jld2,2020-05-11T05:02:18.0,2020-05-11,2020-05-26T19:43:51.231
X:\OdontoceteClicks\clicks\2020\05\MARS_20200511_051218.wav_clicks.jld2,2020-05-11T05:12:18.0,2020-05-11,2020-05-26T19:44:07.294
X:\OdontoceteClicks\clicks\2020\05\MARS_20200511_052218.wav_clicks.jld2,2020-05-11T05:22:18.0,2020-05-11,2020-05-26T19:44:11.711
X:\OdontoceteClicks\clicks\2020\05\MARS_20200511_053218.wav_clicks.jld2,2020-05-11T05:32:18.0,2020-05-11,2020-05-26T19:44:28.287
X:\OdontoceteClicks\clicks\2020\05\MARS_20200511_054218.wav_clicks.jld2,2020-05-11T05:42:18.0,2020-05-11,2020-05-26T19:44:32.047
X:\OdontoceteClicks\clicks\2020\05\MARS_20200511_055218.wav_clicks.jld2,2020-05-11T05:52:18.0,2020-05-11,2020-05-26T19:44:49.687
X:\OdontoceteClicks\clicks\2020\05\MARS_20200511_060218.wav_clicks.jld2,2020-05-11T06:02:18.0,2020-05-11,2020-05-26T19:44:52.049
X:\OdontoceteClicks\clicks\2020\05\MARS_20200511_061218.wav_clicks.jld2,2020-05-11T06:12:18.0,2020-05-11,2020-05-26T19:45:09.251
X:\OdontoceteClicks\clicks\2020\05\MARS_20200511_062218.wav_clicks.jld2,2020-05-11T06:22:18.0,2020-05-11,2020-05-26T19:45:12.352
X:\OdontoceteClicks\clicks\2020\05\MARS_20200511_063218.wav_clicks.jld2,2020-05-11T06:32:18.0,2020-05-11,2020-05-26T19:45:29.449
X:\OdontoceteClicks\clicks\2020\05\MARS_20200511_064218.wav_clicks.jld2,2020-05-11T06:42:18.0,2020-05-11,2020-05-26T19:45:32.257
X:\OdontoceteClicks\clicks\2020\05\MARS_20200511_065218.wav_clicks.jld2,2020-05-11T06:52:18.0,2020-05-11,2020-05-26T19:45:49.246
X:\OdontoceteClicks\clicks\2020\05\MARS_20200511_070218.wav_clicks.jld2,2020-05-11T07:02:18.0,2020-05-11,2020-05-26T19:45:52.676
X:\OdontoceteClicks\clicks\2020\05\MARS_20200511_071218.wav_clicks.jld2,2020-05-11T07:12:18.0,2020-05-11,2020-05-26T19:46:10.77
X:\OdontoceteClicks\clicks\2020\05\MARS_20200511_072218.wav_clicks.jld2,2020-05-11T07:22:18.0,2020-05-11,2020-05-26T19:46:12.528
X:\OdontoceteClicks\clicks\2020\05\MARS_20200511_073218.wav_clicks.jld2,2020-05-11T07:32:18.0,2020-05-11,2020-05-26T19:46:30.731
X:\OdontoceteClicks\clicks\2020\05\MARS_20200511_074218.wav_clicks.jld2,2020-05-11T07:42:18.0,2020-05-11,2020-05-26T19:46:33.585
X:\OdontoceteClicks\clicks\2020\05\MARS_20200511_075218.wav_clicks.jld2,2020-05-11T07:52:18.0,2020-05-11,2020-05-26T19:46:51.167
X:\OdontoceteClicks\clicks\2020\05\MARS_20200511_080218.wav_clicks.jld2,2020-05-11T08:02:18.0,2020-05-11,2020-05-26T19:46:53.572
X:\OdontoceteClicks\clicks\2020\05\MARS_20200511_081218.wav_clicks.jld2,2020-05-11T08:12:18.0,2020-05-11,2020-05-26T19:47:11.606
X:\OdontoceteClicks\clicks\2020\05\MARS_20200511_082218.wav_clicks.jld2,2020-05-11T08:22:18.0,2020-05-11,2020-05-26T19:47:14.301
X:\OdontoceteClicks\clicks\2020\05\MARS_20200511_083218.wav_clicks.jld2,2020-05-11T08:32:18.0,2020-05-11,2020-05-26T19:47:32.453
X:\OdontoceteClicks\clicks\2020\05\MARS_20200511_084218.wav_clicks.jld2,2020-05-11T08:42:18.0,2020-05-11,2020-05-26T19:47:34.074
X:\OdontoceteClicks\clicks\2020\05\MARS_20200511_085218.wav_clicks.jld2,2020-05-11T08:52:18.0,2020-05-11,2020-05-26T19:47:53.984
X:\OdontoceteClicks\clicks\2020\05\MARS_20200511_090218.wav_clicks.jld2,2020-05-11T09:02:18.0,2020-05-11,2020-05-26T19:47:54.555
X:\OdontoceteClicks\clicks\2020\05\MARS_20200511_091218.wav_clicks.jld2,2020-05-11T09:12:18.0,2020-05-11,2020-05-26T19:48:14.441
X:\OdontoceteClicks\clicks\2020\05\MARS_20200511_092218.wav_clicks.jld2,2020-05-11T09:22:18.0,2020-05-11,2020-05-26T19:48:16.363
X:\OdontoceteClicks\clicks\2020\05\MARS_20200511_093218.wav_clicks.jld2,2020-05-11T09:32:18.0,2020-05-11,2020-05-26T19:48:34.657
X:\OdontoceteClicks\clicks\2020\05\MARS_20200511_094218.wav_clicks.jld2,2020-05-11T09:42:18.0,2020-05-11,2020-05-26T19:48:36.381
X:\OdontoceteClicks\clicks\2020\05\MARS_20200511_095218.wav_clicks.jld2,2020-05-11T09:52:18.0,2020-05-11,2020-05-26T19:48:54.564
X:\OdontoceteClicks\clicks\2020\05\MARS_20200511_100218.wav_clicks.jld2,2020-05-11T10:02:18.0,2020-05-11,2020-05-26T19:48:56.951
X:\OdontoceteClicks\clicks\2020\05\MARS_20200511_101218.wav_clicks.jld2,2020-05-11T10:12:18.0,2020-05-11,2020-05-26T19:49:14.914
X:\OdontoceteClicks\clicks\2020\05\MARS_20200511_102218.wav_clicks.jld2,2020-05-11T10:22:18.0,2020-05-11,2020-05-26T19:49:16.655
X:\OdontoceteClicks\clicks\2020\05\MARS_20200511_103218.wav_clicks.jld2,2020-05-11T10:32:18.0,2020-05-11,2020-05-26T19:49:34.578
X:\OdontoceteClicks\clicks\2020\05\MARS_20200511_104218.wav_clicks.jld2,2020-05-11T10:42:18.0,2020-05-11,2020-05-26T19:49:39.573
X:\OdontoceteClicks\clicks\2020\05\MARS_20200511_105218.wav_clicks.jld2,2020-05-11T10:52:18.0,2020-05-11,2020-05-26T19:50:00.807
X:\OdontoceteClicks\clicks\2020\05\MARS_20200511_110218.wav_clicks.jld2,2020-05-11T11:02:18.0,2020-05-11,2020-05-26T19:50:00.686
X:\OdontoceteClicks\clicks\2020\05\MARS_20200511_111218.wav_clicks.jld2,2020-05-11T11:12:18.0,2020-05-11,2020-05-26T19:50:21.179
X:\OdontoceteClicks\clicks\2020\05\MARS_20200511_112218.wav_clicks.jld2,2020-05-11T11:22:18.0,2020-05-11,2020-05-26T19:50:21.338
X:\OdontoceteClicks\clicks\2020\05\MARS_20200511_113218.wav_clicks.jld2,2020-05-11T11:32:18.0,2020-05-11,2020-05-26T19:50:42.011
X:\OdontoceteClicks\clicks\2020\05\MARS_20200511_114218.wav_clicks.jld2,2020-05-11T11:42:18.0,2020-05-11,2020-05-26T19:50:41.086
X:\OdontoceteClicks\clicks\2020\05\MARS_20200511_115218.wav_clicks.jld2,2020-05-11T11:52:18.0,2020-05-11,2020-05-26T19:51:02.341
X:\OdontoceteClicks\clicks\2020\05\MARS_20200511_120218.wav_clicks.jld2,2020-05-11T12:02:18.0,2020-05-11,2020-05-26T19:51:02.914
X:\OdontoceteClicks\clicks\2020\05\MARS_20200511_121218.wav_clicks.jld2,2020-05-11T12:12:18.0,2020-05-11,2020-05-26T19:51:22.785
X:\OdontoceteClicks\clicks\2020\05\MARS_20200511_122218.wav_clicks.jld2,2020-05-11T12:22:18.0,2020-05-11,2020-05-26T19:51:24.063
X:\OdontoceteClicks\clicks\2020\05\MARS_20200511_123218.wav_clicks.jld2,2020-05-11T12:32:18.0,2020-05-11,2020-05-26T19:51:43.159
X:\OdontoceteClicks\clicks\2020\05\MARS_20200511_124218.wav_clicks.jld2,2020-05-11T12:42:18.0,2020-05-11,2020-05-26T19:51:45.029
X:\OdontoceteClicks\clicks\2020\05\MARS_20200511_125218.wav_clicks.jld2,2020-05-11T12:52:18.0,2020-05-11,2020-05-26T19:52:03.074
X:\OdontoceteClicks\clicks\2020\05\MARS_20200511_130218.wav_clicks.jld2,2020-05-11T13:02:18.0,2020-05-11,2020-05-26T19:52:05.193
X:\OdontoceteClicks\clicks\2020\05\MARS_20200511_131218.wav_clicks.jld2,2020-05-11T13:12:18.0,2020-05-11,2020-05-26T19:52:22.688
X:\OdontoceteClicks\clicks\2020\05\MARS_20200511_132218.wav_clicks.jld2,2020-05-11T13:22:18.0,2020-05-11,2020-05-26T19:52:25.822
X:\OdontoceteClicks\clicks\2020\05\MARS_20200511_133218.wav_clicks.jld2,2020-05-11T13:32:18.0,2020-05-11,2020-05-26T19:52:43.228
X:\OdontoceteClicks\clicks\2020\05\MARS_20200511_134218.wav_clicks.jld2,2020-05-11T13:42:18.0,2020-05-11,2020-05-26T19:52:45.964
X:\OdontoceteClicks\clicks\2020\05\MARS_20200511_135218.wav_clicks.jld2,2020-05-11T13:52:18.0,2020-05-11,2020-05-26T19:53:03.46
X:\OdontoceteClicks\clicks\2020\05\MARS_20200511_140218.wav_clicks.jld2,2020-05-11T14:02:18.0,2020-05-11,2020-05-26T19:53:06.321
X:\OdontoceteClicks\clicks\2020\05\MARS_20200511_141218.wav_clicks.jld2,2020-05-11T14:12:18.0,2020-05-11,2020-05-26T19:53:23.817
X:\OdontoceteClicks\clicks\2020\05\MARS_20200511_142218.wav_clicks.jld2,2020-05-11T14:22:18.0,2020-05-11,2020-05-26T19:53:25.128
X:\OdontoceteClicks\clicks\2020\05\MARS_20200511_143218.wav_clicks.jld2,2020-05-11T14:32:18.0,2020-05-11,2020-05-26T19:53:43.85
X:\OdontoceteClicks\clicks\2020\05\MARS_20200511_144218.wav_clicks.jld2,2020-05-11T14:42:18.0,2020-05-11,2020-05-26T19:53:44.533
X:\OdontoceteClicks\clicks\2020\05\MARS_20200511_145218.wav_clicks.jld2,2020-05-11T14:52:18.0,2020-05-11,2020-05-26T19:54:04.262
X:\OdontoceteClicks\clicks\2020\05\MARS_20200511_150218.wav_clicks.jld2,2020-05-11T15:02:18.0,2020-05-11,2020-05-26T19:54:04.646
X:\OdontoceteClicks\clicks\2020\05\MARS_20200511_151218.wav_clicks.jld2,2020-05-11T15:12:18.0,2020-05-11,2020-05-26T19:54:25.613
X:\OdontoceteClicks\clicks\2020\05\MARS_20200511_152218.wav_clicks.jld2,2020-05-11T15:22:18.0,2020-05-11,2020-05-26T19:54:24.537
X:\OdontoceteClicks\clicks\2020\05\MARS_20200511_153218.wav_clicks.jld2,2020-05-11T15:32:18.0,2020-05-11,2020-05-26T19:54:44.219
X:\OdontoceteClicks\clicks\2020\05\MARS_20200511_154218.wav_clicks.jld2,2020-05-11T15:42:18.0,2020-05-11,2020-05-26T19:54:46.846
X:\OdontoceteClicks\clicks\2020\05\MARS_20200511_155218.wav_clicks.jld2,2020-05-11T15:52:18.0,2020-05-11,2020-05-26T19:55:04.299
X:\OdontoceteClicks\clicks\2020\05\MARS_20200511_160218.wav_clicks.jld2,2020-05-11T16:02:18.0,2020-05-11,2020-05-26T19:55:07.768
X:\OdontoceteClicks\clicks\2020\05\MARS_20200511_161218.wav_clicks.jld2,2020-05-11T16:12:18.0,2020-05-11,2020-05-26T19:55:23.938
X:\OdontoceteClicks\clicks\2020\05\MARS_20200511_162218.wav_clicks.jld2,2020-05-11T16:22:18.0,2020-05-11,2020-05-26T19:55:27.916
X:\OdontoceteClicks\clicks\2020\05\MARS_20200511_163218.wav_clicks.jld2,2020-05-11T16:32:18.0,2020-05-11,2020-05-26T19:55:43.665
X:\OdontoceteClicks\clicks\2020\05\MARS_20200511_164218.wav_clicks.jld2,2020-05-11T16:42:18.0,2020-05-11,2020-05-26T19:55:47.41
X:\OdontoceteClicks\clicks\2020\05\MARS_20200511_165218.wav_clicks.jld2,2020-05-11T16:52:18.0,2020-05-11,2020-05-26T19:56:03.769
X:\OdontoceteClicks\clicks\2020\05\MARS_20200511_170218.wav_clicks.jld2,2020-05-11T17:02:18.0,2020-05-11,2020-05-26T19:56:07.28
X:\OdontoceteClicks\clicks\2020\05\MARS_20200511_171218.wav_clicks.jld2,2020-05-11T17:12:18.0,2020-05-11,2020-05-26T19:56:24.993
X:\OdontoceteClicks\clicks\2020\05\MARS_20200511_172218.wav_clicks.jld2,2020-05-11T17:22:18.0,2020-05-11,2020-05-26T19:56:27.393
X:\OdontoceteClicks\clicks\2020\05\MARS_20200511_173218.wav_clicks.jld2,2020-05-11T17:32:18.0,2020-05-11,2020-05-26T19:56:44.894
X:\OdontoceteClicks\clicks\2020\05\MARS_20200511_174218.wav_clicks.jld2,2020-05-11T17:42:18.0,2020-05-11,2020-05-26T19:56:47.52
X:\OdontoceteClicks\clicks\2020\05\MARS_20200511_175218.wav_clicks.jld2,2020-05-11T17:52:18.0,2020-05-11,2020-05-26T19:57:05.404
X:\OdontoceteClicks\clicks\2020\05\MARS_20200511_180218.wav_clicks.jld2,2020-05-11T18:02:18.0,2020-05-11,2020-05-26T19:57:07.712
X:\OdontoceteClicks\clicks\2020\05\MARS_20200511_181218.wav_clicks.jld2,2020-05-11T18:12:18.0,2020-05-11,2020-05-26T19:57:25.777
X:\OdontoceteClicks\clicks\2020\05\MARS_20200511_182218.wav_clicks.jld2,2020-05-11T18:22:18.0,2020-05-11,2020-05-26T19:57:27.623
X:\OdontoceteClicks\clicks\2020\05\MARS_20200511_183218.wav_clicks.jld2,2020-05-11T18:32:18.0,2020-05-11,2020-05-26T19:57:46.326
X:\OdontoceteClicks\clicks\2020\05\MARS_20200511_184218.wav_clicks.jld2,2020-05-11T18:42:18.0,2020-05-11,2020-05-26T19:57:49.752
X:\OdontoceteClicks\clicks\2020\05\MARS_20200511_185218.wav_clicks.jld2,2020-05-11T18:52:18.0,2020-05-11,2020-05-26T19:58:06.243
X:\OdontoceteClicks\clicks\2020\05\MARS_20200511_190218.wav_clicks.jld2,2020-05-11T19:02:18.0,2020-05-11,2020-05-26T19:58:10.464
X:\OdontoceteClicks\clicks\2020\05\MARS_20200511_191218.wav_clicks.jld2,2020-05-11T19:12:18.0,2020-05-11,2020-05-26T19:58:26.561
X:\OdontoceteClicks\clicks\2020\05\MARS_20200511_192218.wav_clicks.jld2,2020-05-11T19:22:18.0,2020-05-11,2020-05-26T19:58:29.861
X:\OdontoceteClicks\clicks\2020\05\MARS_20200511_193218.wav_clicks.jld2,2020-05-11T19:32:18.0,2020-05-11,2020-05-26T19:58:46.597
X:\OdontoceteClicks\clicks\2020\05\MARS_20200511_194218.wav_clicks.jld2,2020-05-11T19:42:18.0,2020-05-11,2020-05-26T19:58:50.27
X:\OdontoceteClicks\clicks\2020\05\MARS_20200511_195218.wav_clicks.jld2,2020-05-11T19:52:18.0,2020-05-11,2020-05-26T19:59:07.382
X:\OdontoceteClicks\clicks\2020\05\MARS_20200511_200218.wav_clicks.jld2,2020-05-11T20:02:18.0,2020-05-11,2020-05-26T19:59:09.933
X:\OdontoceteClicks\clicks\2020\05\MARS_20200511_201218.wav_clicks.jld2,2020-05-11T20:12:18.0,2020-05-11,2020-05-26T19:59:28.846
X:\OdontoceteClicks\clicks\2020\05\MARS_20200511_202218.wav_clicks.jld2,2020-05-11T20:22:18.0,2020-05-11,2020-05-26T19:59:30.815
X:\OdontoceteClicks\clicks\2020\05\MARS_20200511_203218.wav_clicks.jld2,2020-05-11T20:32:18.0,2020-05-11,2020-05-26T19:59:50.351
X:\OdontoceteClicks\clicks\2020\05\MARS_20200511_204218.wav_clicks.jld2,2020-05-11T20:42:18.0,2020-05-11,2020-05-26T19:59:51.005
X:\OdontoceteClicks\clicks\2020\05\MARS_20200511_205218.wav_clicks.jld2,2020-05-11T20:52:18.0,2020-05-11,2020-05-26T20:00:11.698
X:\OdontoceteClicks\clicks\2020\05\MARS_20200511_210218.wav_clicks.jld2,2020-05-11T21:02:18.0,2020-05-11,2020-05-26T20:00:12.011
X:\OdontoceteClicks\clicks\2020\05\MARS_20200511_211218.wav_clicks.jld2,2020-05-11T21:12:18.0,2020-05-11,2020-05-26T20:00:30.808
X:\OdontoceteClicks\clicks\2020\05\MARS_20200511_212218.wav_clicks.jld2,2020-05-11T21:22:18.0,2020-05-11,2020-05-26T20:00:33.095
X:\OdontoceteClicks\clicks\2020\05\MARS_20200511_213218.wav_clicks.jld2,2020-05-11T21:32:18.0,2020-05-11,2020-05-26T20:00:51.499
X:\OdontoceteClicks\clicks\2020\05\MARS_20200511_214218.wav_clicks.jld2,2020-05-11T21:42:18.0,2020-05-11,2020-05-26T20:00:53.722
X:\OdontoceteClicks\clicks\2020\05\MARS_20200511_215218.wav_clicks.jld2,2020-05-11T21:52:18.0,2020-05-11,2020-05-26T20:01:11.162
X:\OdontoceteClicks\clicks\2020\05\MARS_20200511_220218.wav_clicks.jld2,2020-05-11T22:02:18.0,2020-05-11,2020-05-26T20:01:13.558
X:\OdontoceteClicks\clicks\2020\05\MARS_20200511_221218.wav_clicks.jld2,2020-05-11T22:12:18.0,2020-05-11,2020-05-26T20:01:30.136
X:\OdontoceteClicks\clicks\2020\05\MARS_20200511_222218.wav_clicks.jld2,2020-05-11T22:22:18.0,2020-05-11,2020-05-26T20:01:33.778
X:\OdontoceteClicks\clicks\2020\05\MARS_20200511_223218.wav_clicks.jld2,2020-05-11T22:32:18.0,2020-05-11,2020-05-26T20:01:50.55
X:\OdontoceteClicks\clicks\2020\05\MARS_20200511_224218.wav_clicks.jld2,2020-05-11T22:42:18.0,2020-05-11,2020-05-26T20:01:54.334
X:\OdontoceteClicks\clicks\2020\05\MARS_20200511_225218.wav_clicks.jld2,2020-05-11T22:52:18.0,2020-05-11,2020-05-26T20:02:11.586
X:\OdontoceteClicks\clicks\2020\05\MARS_20200511_230218.wav_clicks.jld2,2020-05-11T23:02:18.0,2020-05-11,2020-05-26T20:02:13.998
X:\OdontoceteClicks\clicks\2020\05\MARS_20200511_231218.wav_clicks.jld2,2020-05-11T23:12:18.0,2020-05-11,2020-05-26T20:02:31.761
X:\OdontoceteClicks\clicks\2020\05\MARS_20200511_232218.wav_clicks.jld2,2020-05-11T23:22:18.0,2020-05-11,2020-05-26T20:02:34.451
X:\OdontoceteClicks\clicks\2020\05\MARS_20200511_233218.wav_clicks.jld2,2020-05-11T23:32:18.0,2020-05-11,2020-05-26T20:02:52.583
X:\OdontoceteClicks\clicks\2020\05\MARS_20200511_234218.wav_clicks.jld2,2020-05-11T23:42:18.0,2020-05-11,2020-05-26T20:02:54.747
X:\OdontoceteClicks\clicks\2020\05\MARS_20200511_235218.wav_clicks.jld2,2020-05-11T23:52:18.0,2020-05-11,2020-05-26T20:03:12.797
X:\OdontoceteClicks\clicks\2020\05\MARS_20200512_000218.wav_clicks.jld2,2020-05-12T00:02:18.0,2020-05-12,2020-05-26T20:03:15.922
X:\OdontoceteClicks\clicks\2020\05\MARS_20200512_001218.wav_clicks.jld2,2020-05-12T00:12:18.0,2020-05-12,2020-05-26T20:03:33.003
X:\OdontoceteClicks\clicks\2020\05\MARS_20200512_002218.wav_clicks.jld2,2020-05-12T00:22:18.0,2020-05-12,2020-05-26T20:03:36.074
X:\OdontoceteClicks\clicks\2020\05\MARS_20200512_003218.wav_clicks.jld2,2020-05-12T00:32:18.0,2020-05-12,2020-05-26T20:03:52.995
X:\OdontoceteClicks\clicks\2020\05\MARS_20200512_004218.wav_clicks.jld2,2020-05-12T00:42:18.0,2020-05-12,2020-05-26T20:03:56.414
X:\OdontoceteClicks\clicks\2020\05\MARS_20200512_005218.wav_clicks.jld2,2020-05-12T00:52:18.0,2020-05-12,2020-05-26T20:04:13.254
X:\OdontoceteClicks\clicks\2020\05\MARS_20200512_010218.wav_clicks.jld2,2020-05-12T01:02:18.0,2020-05-12,2020-05-26T20:04:16.936
X:\OdontoceteClicks\clicks\2020\05\MARS_20200512_011218.wav_clicks.jld2,2020-05-12T01:12:18.0,2020-05-12,2020-05-26T20:04:32.737
X:\OdontoceteClicks\clicks\2020\05\MARS_20200512_012218.wav_clicks.jld2,2020-05-12T01:22:18.0,2020-05-12,2020-05-26T20:04:37.47
X:\OdontoceteClicks\clicks\2020\05\MARS_20200512_013218.wav_clicks.jld2,2020-05-12T01:32:18.0,2020-05-12,2020-05-26T20:04:52.526
X:\OdontoceteClicks\clicks\2020\05\MARS_20200512_014218.wav_clicks.jld2,2020-05-12T01:42:18.0,2020-05-12,2020-05-26T20:04:57.481
X:\OdontoceteClicks\clicks\2020\05\MARS_20200512_015218.wav_clicks.jld2,2020-05-12T01:52:18.0,2020-05-12,2020-05-26T20:05:12.601
X:\OdontoceteClicks\clicks\2020\05\MARS_20200512_020218.wav_clicks.jld2,2020-05-12T02:02:18.0,2020-05-12,2020-05-26T20:05:18.352
X:\OdontoceteClicks\clicks\2020\05\MARS_20200512_021218.wav_clicks.jld2,2020-05-12T02:12:18.0,2020-05-12,2020-05-26T20:05:34.722
X:\OdontoceteClicks\clicks\2020\05\MARS_20200512_022218.wav_clicks.jld2,2020-05-12T02:22:18.0,2020-05-12,2020-05-26T20:05:38.881
X:\OdontoceteClicks\clicks\2020\05\MARS_20200512_023218.wav_clicks.jld2,2020-05-12T02:32:18.0,2020-05-12,2020-05-26T20:05:54.154
X:\OdontoceteClicks\clicks\2020\05\MARS_20200512_024218.wav_clicks.jld2,2020-05-12T02:42:18.0,2020-05-12,2020-05-26T20:06:00.189
X:\OdontoceteClicks\clicks\2020\05\MARS_20200512_025219.wav_clicks.jld2,2020-05-12T02:52:19.0,2020-05-12,2020-05-26T20:06:13.664
X:\OdontoceteClicks\clicks\2020\05\MARS_20200512_030218.wav_clicks.jld2,2020-05-12T03:02:18.0,2020-05-12,2020-05-26T20:06:22.135
X:\OdontoceteClicks\clicks\2020\05\MARS_20200512_031218.wav_clicks.jld2,2020-05-12T03:12:18.0,2020-05-12,2020-05-26T20:06:34.662
X:\OdontoceteClicks\clicks\2020\05\MARS_20200512_032218.wav_clicks.jld2,2020-05-12T03:22:18.0,2020-05-12,2020-05-26T20:06:42.387
X:\OdontoceteClicks\clicks\2020\05\MARS_20200512_033218.wav_clicks.jld2,2020-05-12T03:32:18.0,2020-05-12,2020-05-26T20:06:54.155
X:\OdontoceteClicks\clicks\2020\05\MARS_20200512_034219.wav_clicks.jld2,2020-05-12T03:42:19.0,2020-05-12,2020-05-26T20:07:02.675
X:\OdontoceteClicks\clicks\2020\05\MARS_20200512_035218.wav_clicks.jld2,2020-05-12T03:52:18.0,2020-05-12,2020-05-26T20:07:14.432
X:\OdontoceteClicks\clicks\2020\05\MARS_20200512_040218.wav_clicks.jld2,2020-05-12T04:02:18.0,2020-05-12,2020-05-26T20:07:22.707
X:\OdontoceteClicks\clicks\2020\05\MARS_20200512_041218.wav_clicks.jld2,2020-05-12T04:12:18.0,2020-05-12,2020-05-26T20:07:34.73
X:\OdontoceteClicks\clicks\2020\05\MARS_20200512_042218.wav_clicks.jld2,2020-05-12T04:22:18.0,2020-05-12,2020-05-26T20:07:42.947
X:\OdontoceteClicks\clicks\2020\05\MARS_20200512_043218.wav_clicks.jld2,2020-05-12T04:32:18.0,2020-05-12,2020-05-26T20:07:55.35
X:\OdontoceteClicks\clicks\2020\05\MARS_20200512_044218.wav_clicks.jld2,2020-05-12T04:42:18.0,2020-05-12,2020-05-26T20:08:03.162
X:\OdontoceteClicks\clicks\2020\05\MARS_20200512_045218.wav_clicks.jld2,2020-05-12T04:52:18.0,2020-05-12,2020-05-26T20:08:14.451
X:\OdontoceteClicks\clicks\2020\05\MARS_20200512_050218.wav_clicks.jld2,2020-05-12T05:02:18.0,2020-05-12,2020-05-26T20:08:23.814
X:\OdontoceteClicks\clicks\2020\05\MARS_20200512_051218.wav_clicks.jld2,2020-05-12T05:12:18.0,2020-05-12,2020-05-26T20:08:34.613
X:\OdontoceteClicks\clicks\2020\05\MARS_20200512_052218.wav_clicks.jld2,2020-05-12T05:22:18.0,2020-05-12,2020-05-26T20:08:42.736
X:\OdontoceteClicks\clicks\2020\05\MARS_20200512_053218.wav_clicks.jld2,2020-05-12T05:32:18.0,2020-05-12,2020-05-26T20:08:54.818
X:\OdontoceteClicks\clicks\2020\05\MARS_20200512_054219.wav_clicks.jld2,2020-05-12T05:42:19.0,2020-05-12,2020-05-26T20:09:02.397
X:\OdontoceteClicks\clicks\2020\05\MARS_20200512_055219.wav_clicks.jld2,2020-05-12T05:52:19.0,2020-05-12,2020-05-26T20:09:14.716
X:\OdontoceteClicks\clicks\2020\05\MARS_20200512_060219.wav_clicks.jld2,2020-05-12T06:02:19.0,2020-05-12,2020-05-26T20:09:21.582
X:\OdontoceteClicks\clicks\2020\05\MARS_20200512_061219.wav_clicks.jld2,2020-05-12T06:12:19.0,2020-05-12,2020-05-26T20:09:34.933
X:\OdontoceteClicks\clicks\2020\05\MARS_20200512_062218.wav_clicks.jld2,2020-05-12T06:22:18.0,2020-05-12,2020-05-26T20:09:41.85
X:\OdontoceteClicks\clicks\2020\05\MARS_20200512_063218.wav_clicks.jld2,2020-05-12T06:32:18.0,2020-05-12,2020-05-26T20:09:55.955
X:\OdontoceteClicks\clicks\2020\05\MARS_20200512_064218.wav_clicks.jld2,2020-05-12T06:42:18.0,2020-05-12,2020-05-26T20:10:02.166
X:\OdontoceteClicks\clicks\2020\05\MARS_20200512_065218.wav_clicks.jld2,2020-05-12T06:52:18.0,2020-05-12,2020-05-26T20:10:17.62
X:\OdontoceteClicks\clicks\2020\05\MARS_20200512_070219.wav_clicks.jld2,2020-05-12T07:02:19.0,2020-05-12,2020-05-26T20:10:22.93
X:\OdontoceteClicks\clicks\2020\05\MARS_20200512_071219.wav_clicks.jld2,2020-05-12T07:12:19.0,2020-05-12,2020-05-26T20:10:37.503
X:\OdontoceteClicks\clicks\2020\05\MARS_20200512_072219.wav_clicks.jld2,2020-05-12T07:22:19.0,2020-05-12,2020-05-26T20:10:43.875
X:\OdontoceteClicks\clicks\2020\05\MARS_20200512_073219.wav_clicks.jld2,2020-05-12T07:32:19.0,2020-05-12,2020-05-26T20:10:59.486
X:\OdontoceteClicks\clicks\2020\05\MARS_20200512_074219.wav_clicks.jld2,2020-05-12T07:42:19.0,2020-05-12,2020-05-26T20:11:05.483
X:\OdontoceteClicks\clicks\2020\05\MARS_20200512_075219.wav_clicks.jld2,2020-05-12T07:52:19.0,2020-05-12,2020-05-26T20:11:20.324
X:\OdontoceteClicks\clicks\2020\05\MARS_20200512_080219.wav_clicks.jld2,2020-05-12T08:02:19.0,2020-05-12,2020-05-26T20:11:25.327
X:\OdontoceteClicks\clicks\2020\05\MARS_20200512_081219.wav_clicks.jld2,2020-05-12T08:12:19.0,2020-05-12,2020-05-26T20:11:40.026
X:\OdontoceteClicks\clicks\2020\05\MARS_20200512_082219.wav_clicks.jld2,2020-05-12T08:22:19.0,2020-05-12,2020-05-26T20:11:45.985
X:\OdontoceteClicks\clicks\2020\05\MARS_20200512_083219.wav_clicks.jld2,2020-05-12T08:32:19.0,2020-05-12,2020-05-26T20:12:00.263
X:\OdontoceteClicks\clicks\2020\05\MARS_20200512_084219.wav_clicks.jld2,2020-05-12T08:42:19.0,2020-05-12,2020-05-26T20:12:05.947
X:\OdontoceteClicks\clicks\2020\05\MARS_20200512_085219.wav_clicks.jld2,2020-05-12T08:52:19.0,2020-05-12,2020-05-26T20:12:20.331
X:\OdontoceteClicks\clicks\2020\05\MARS_20200512_090219.wav_clicks.jld2,2020-05-12T09:02:19.0,2020-05-12,2020-05-26T20:12:26.027
X:\OdontoceteClicks\clicks\2020\05\MARS_20200512_091219.wav_clicks.jld2,2020-05-12T09:12:19.0,2020-05-12,2020-05-26T20:12:40.432
X:\OdontoceteClicks\clicks\2020\05\MARS_20200512_092219.wav_clicks.jld2,2020-05-12T09:22:19.0,2020-05-12,2020-05-26T20:12:46.156
X:\OdontoceteClicks\clicks\2020\05\MARS_20200512_093219.wav_clicks.jld2,2020-05-12T09:32:19.0,2020-05-12,2020-05-26T20:13:00.172
X:\OdontoceteClicks\clicks\2020\05\MARS_20200512_094219.wav_clicks.jld2,2020-05-12T09:42:19.0,2020-05-12,2020-05-26T20:13:06.822
X:\OdontoceteClicks\clicks\2020\05\MARS_20200512_095219.wav_clicks.jld2,2020-05-12T09:52:19.0,2020-05-12,2020-05-26T20:13:20.261
X:\OdontoceteClicks\clicks\2020\05\MARS_20200512_100219.wav_clicks.jld2,2020-05-12T10:02:19.0,2020-05-12,2020-05-26T20:13:26.197
X:\OdontoceteClicks\clicks\2020\05\MARS_20200512_101219.wav_clicks.jld2,2020-05-12T10:12:19.0,2020-05-12,2020-05-26T20:13:41.323
X:\OdontoceteClicks\clicks\2020\05\MARS_20200512_102219.wav_clicks.jld2,2020-05-12T10:22:19.0,2020-05-12,2020-05-26T20:13:47.954
X:\OdontoceteClicks\clicks\2020\05\MARS_20200512_103219.wav_clicks.jld2,2020-05-12T10:32:19.0,2020-05-12,2020-05-26T20:14:00.893
X:\OdontoceteClicks\clicks\2020\05\MARS_20200512_104219.wav_clicks.jld2,2020-05-12T10:42:19.0,2020-05-12,2020-05-26T20:14:07.115
X:\OdontoceteClicks\clicks\2020\05\MARS_20200512_105219.wav_clicks.jld2,2020-05-12T10:52:19.0,2020-05-12,2020-05-26T20:14:21.074
X:\OdontoceteClicks\clicks\2020\05\MARS_20200512_110219.wav_clicks.jld2,2020-05-12T11:02:19.0,2020-05-12,2020-05-26T20:14:27.813
X:\OdontoceteClicks\clicks\2020\05\MARS_20200512_111219.wav_clicks.jld2,2020-05-12T11:12:19.0,2020-05-12,2020-05-26T20:14:42.236
X:\OdontoceteClicks\clicks\2020\05\MARS_20200512_112219.wav_clicks.jld2,2020-05-12T11:22:19.0,2020-05-12,2020-05-26T20:14:47.821
X:\OdontoceteClicks\clicks\2020\05\MARS_20200512_113219.wav_clicks.jld2,2020-05-12T11:32:19.0,2020-05-12,2020-05-26T20:15:02.326
X:\OdontoceteClicks\clicks\2020\05\MARS_20200512_114219.wav_clicks.jld2,2020-05-12T11:42:19.0,2020-05-12,2020-05-26T20:15:08.22
X:\OdontoceteClicks\clicks\2020\05\MARS_20200512_115219.wav_clicks.jld2,2020-05-12T11:52:19.0,2020-05-12,2020-05-26T20:15:23.563
X:\OdontoceteClicks\clicks\2020\05\MARS_20200512_120219.wav_clicks.jld2,2020-05-12T12:02:19.0,2020-05-12,2020-05-26T20:15:28.015
X:\OdontoceteClicks\clicks\2020\05\MARS_20200512_121219.wav_clicks.jld2,2020-05-12T12:12:19.0,2020-05-12,2020-05-26T20:15:43.539
X:\OdontoceteClicks\clicks\2020\05\MARS_20200512_122219.wav_clicks.jld2,2020-05-12T12:22:19.0,2020-05-12,2020-05-26T20:15:48.047
X:\OdontoceteClicks\clicks\2020\05\MARS_20200512_123219.wav_clicks.jld2,2020-05-12T12:32:19.0,2020-05-12,2020-05-26T20:16:03.035
X:\OdontoceteClicks\clicks\2020\05\MARS_20200512_124219.wav_clicks.jld2,2020-05-12T12:42:19.0,2020-05-12,2020-05-26T20:16:07.503
X:\OdontoceteClicks\clicks\2020\05\MARS_20200512_125219.wav_clicks.jld2,2020-05-12T12:52:19.0,2020-05-12,2020-05-26T20:16:22.758
X:\OdontoceteClicks\clicks\2020\05\MARS_20200512_130219.wav_clicks.jld2,2020-05-12T13:02:19.0,2020-05-12,2020-05-26T20:16:27.336
X:\OdontoceteClicks\clicks\2020\05\MARS_20200512_131219.wav_clicks.jld2,2020-05-12T13:12:19.0,2020-05-12,2020-05-26T20:16:43.931
X:\OdontoceteClicks\clicks\2020\05\MARS_20200512_132219.wav_clicks.jld2,2020-05-12T13:22:19.0,2020-05-12,2020-05-26T20:16:48.162
X:\OdontoceteClicks\clicks\2020\05\MARS_20200512_133219.wav_clicks.jld2,2020-05-12T13:32:19.0,2020-05-12,2020-05-26T20:17:05.095
X:\OdontoceteClicks\clicks\2020\05\MARS_20200512_134219.wav_clicks.jld2,2020-05-12T13:42:19.0,2020-05-12,2020-05-26T20:17:08.891
X:\OdontoceteClicks\clicks\2020\05\MARS_20200512_135219.wav_clicks.jld2,2020-05-12T13:52:19.0,2020-05-12,2020-05-26T20:17:25.691
X:\OdontoceteClicks\clicks\2020\05\MARS_20200512_140219.wav_clicks.jld2,2020-05-12T14:02:19.0,2020-05-12,2020-05-26T20:17:29.373
X:\OdontoceteClicks\clicks\2020\05\MARS_20200512_141219.wav_clicks.jld2,2020-05-12T14:12:19.0,2020-05-12,2020-05-26T20:17:46.404
X:\OdontoceteClicks\clicks\2020\05\MARS_20200512_142219.wav_clicks.jld2,2020-05-12T14:22:19.0,2020-05-12,2020-05-26T20:17:51.092
X:\OdontoceteClicks\clicks\2020\05\MARS_20200512_143219.wav_clicks.jld2,2020-05-12T14:32:19.0,2020-05-12,2020-05-26T20:18:07.191
X:\OdontoceteClicks\clicks\2020\05\MARS_20200512_144219.wav_clicks.jld2,2020-05-12T14:42:19.0,2020-05-12,2020-05-26T20:18:10.411
X:\OdontoceteClicks\clicks\2020\05\MARS_20200512_145219.wav_clicks.jld2,2020-05-12T14:52:19.0,2020-05-12,2020-05-26T20:18:27.514
X:\OdontoceteClicks\clicks\2020\05\MARS_20200512_150219.wav_clicks.jld2,2020-05-12T15:02:19.0,2020-05-12,2020-05-26T20:18:30.418
X:\OdontoceteClicks\clicks\2020\05\MARS_20200512_151219.wav_clicks.jld2,2020-05-12T15:12:19.0,2020-05-12,2020-05-26T20:18:48.412
X:\OdontoceteClicks\clicks\2020\05\MARS_20200512_152219.wav_clicks.jld2,2020-05-12T15:22:19.0,2020-05-12,2020-05-26T20:18:51.091
X:\OdontoceteClicks\clicks\2020\05\MARS_20200512_153219.wav_clicks.jld2,2020-05-12T15:32:19.0,2020-05-12,2020-05-26T20:19:08.064
X:\OdontoceteClicks\clicks\2020\05\MARS_20200512_154219.wav_clicks.jld2,2020-05-12T15:42:19.0,2020-05-12,2020-05-26T20:19:10.398
X:\OdontoceteClicks\clicks\2020\05\MARS_20200512_155219.wav_clicks.jld2,2020-05-12T15:52:19.0,2020-05-12,2020-05-26T20:19:28.056
X:\OdontoceteClicks\clicks\2020\05\MARS_20200512_160219.wav_clicks.jld2,2020-05-12T16:02:19.0,2020-05-12,2020-05-26T20:19:30.11
X:\OdontoceteClicks\clicks\2020\05\MARS_20200512_161219.wav_clicks.jld2,2020-05-12T16:12:19.0,2020-05-12,2020-05-26T20:19:47.653
X:\OdontoceteClicks\clicks\2020\05\MARS_20200512_162219.wav_clicks.jld2,2020-05-12T16:22:19.0,2020-05-12,2020-05-26T20:19:50.941
X:\OdontoceteClicks\clicks\2020\05\MARS_20200512_163219.wav_clicks.jld2,2020-05-12T16:32:19.0,2020-05-12,2020-05-26T20:20:07.767
X:\OdontoceteClicks\clicks\2020\05\MARS_20200512_164219.wav_clicks.jld2,2020-05-12T16:42:19.0,2020-05-12,2020-05-26T20:20:11.252
X:\OdontoceteClicks\clicks\2020\05\MARS_20200512_165219.wav_clicks.jld2,2020-05-12T16:52:19.0,2020-05-12,2020-05-26T20:20:27.344
X:\OdontoceteClicks\clicks\2020\05\MARS_20200512_170219.wav_clicks.jld2,2020-05-12T17:02:19.0,2020-05-12,2020-05-26T20:20:30.918
X:\OdontoceteClicks\clicks\2020\05\MARS_20200512_171219.wav_clicks.jld2,2020-05-12T17:12:19.0,2020-05-12,2020-05-26T20:20:47.445
X:\OdontoceteClicks\clicks\2020\05\MARS_20200512_172219.wav_clicks.jld2,2020-05-12T17:22:19.0,2020-05-12,2020-05-26T20:20:51.43
X:\OdontoceteClicks\clicks\2020\05\MARS_20200512_173219.wav_clicks.jld2,2020-05-12T17:32:19.0,2020-05-12,2020-05-26T20:21:07.326
X:\OdontoceteClicks\clicks\2020\05\MARS_20200512_174219.wav_clicks.jld2,2020-05-12T17:42:19.0,2020-05-12,2020-05-26T20:21:10.552
X:\OdontoceteClicks\clicks\2020\05\MARS_20200512_175219.wav_clicks.jld2,2020-05-12T17:52:19.0,2020-05-12,2020-05-26T20:21:28.362
X:\OdontoceteClicks\clicks\2020\05\MARS_20200512_180219.wav_clicks.jld2,2020-05-12T18:02:19.0,2020-05-12,2020-05-26T20:21:31.291
X:\OdontoceteClicks\clicks\2020\05\MARS_20200512_181219.wav_clicks.jld2,2020-05-12T18:12:19.0,2020-05-12,2020-05-26T20:21:49.454
X:\OdontoceteClicks\clicks\2020\05\MARS_20200512_182219.wav_clicks.jld2,2020-05-12T18:22:19.0,2020-05-12,2020-05-26T20:21:51.076
X:\OdontoceteClicks\clicks\2020\05\MARS_20200512_183219.wav_clicks.jld2,2020-05-12T18:32:19.0,2020-05-12,2020-05-26T20:22:10.346
X:\OdontoceteClicks\clicks\2020\05\MARS_20200512_184219.wav_clicks.jld2,2020-05-12T18:42:19.0,2020-05-12,2020-05-26T20:22:11.369
X:\OdontoceteClicks\clicks\2020\05\MARS_20200512_185219.wav_clicks.jld2,2020-05-12T18:52:19.0,2020-05-12,2020-05-26T20:22:30.067
X:\OdontoceteClicks\clicks\2020\05\MARS_20200512_190219.wav_clicks.jld2,2020-05-12T19:02:19.0,2020-05-12,2020-05-26T20:22:31.79
X:\OdontoceteClicks\clicks\2020\05\MARS_20200512_191219.wav_clicks.jld2,2020-05-12T19:12:19.0,2020-05-12,2020-05-26T20:22:51.017
X:\OdontoceteClicks\clicks\2020\05\MARS_20200512_192219.wav_clicks.jld2,2020-05-12T19:22:19.0,2020-05-12,2020-05-26T20:22:51.398
X:\OdontoceteClicks\clicks\2020\05\MARS_20200512_193219.wav_clicks.jld2,2020-05-12T19:32:19.0,2020-05-12,2020-05-26T20:23:10.939
X:\OdontoceteClicks\clicks\2020\05\MARS_20200512_194219.wav_clicks.jld2,2020-05-12T19:42:19.0,2020-05-12,2020-05-26T20:23:12.017
X:\OdontoceteClicks\clicks\2020\05\MARS_20200512_195219.wav_clicks.jld2,2020-05-12T19:52:19.0,2020-05-12,2020-05-26T20:23:31.829
X:\OdontoceteClicks\clicks\2020\05\MARS_20200512_200219.wav_clicks.jld2,2020-05-12T20:02:19.0,2020-05-12,2020-05-26T20:23:32.232
X:\OdontoceteClicks\clicks\2020\05\MARS_20200512_201219.wav_clicks.jld2,2020-05-12T20:12:19.0,2020-05-12,2020-05-26T20:23:52.242
X:\OdontoceteClicks\clicks\2020\05\MARS_20200512_202219.wav_clicks.jld2,2020-05-12T20:22:19.0,2020-05-12,2020-05-26T20:23:52.8
X:\OdontoceteClicks\clicks\2020\05\MARS_20200512_203219.wav_clicks.jld2,2020-05-12T20:32:19.0,2020-05-12,2020-05-26T20:24:13.09
X:\OdontoceteClicks\clicks\2020\05\MARS_20200512_204219.wav_clicks.jld2,2020-05-12T20:42:19.0,2020-05-12,2020-05-26T20:24:15.177
X:\OdontoceteClicks\clicks\2020\05\MARS_20200512_205219.wav_clicks.jld2,2020-05-12T20:52:19.0,2020-05-12,2020-05-26T20:24:33.104
X:\OdontoceteClicks\clicks\2020\05\MARS_20200512_210219.wav_clicks.jld2,2020-05-12T21:02:19.0,2020-05-12,2020-05-26T20:24:35.332
X:\OdontoceteClicks\clicks\2020\05\MARS_20200512_211219.wav_clicks.jld2,2020-05-12T21:12:19.0,2020-05-12,2020-05-26T20:24:54.317
X:\OdontoceteClicks\clicks\2020\05\MARS_20200512_212219.wav_clicks.jld2,2020-05-12T21:22:19.0,2020-05-12,2020-05-26T20:24:56.008
X:\OdontoceteClicks\clicks\2020\05\MARS_20200512_213219.wav_clicks.jld2,2020-05-12T21:32:19.0,2020-05-12,2020-05-26T20:25:15.594
X:\OdontoceteClicks\clicks\2020\05\MARS_20200512_214219.wav_clicks.jld2,2020-05-12T21:42:19.0,2020-05-12,2020-05-26T20:25:16.153
X:\OdontoceteClicks\clicks\2020\05\MARS_20200512_215219.wav_clicks.jld2,2020-05-12T21:52:19.0,2020-05-12,2020-05-26T20:25:35.899
X:\OdontoceteClicks\clicks\2020\05\MARS_20200512_220219.wav_clicks.jld2,2020-05-12T22:02:19.0,2020-05-12,2020-05-26T20:25:36.486
X:\OdontoceteClicks\clicks\2020\05\MARS_20200512_221219.wav_clicks.jld2,2020-05-12T22:12:19.0,2020-05-12,2020-05-26T20:25:56.737
X:\OdontoceteClicks\clicks\2020\05\MARS_20200512_222219.wav_clicks.jld2,2020-05-12T22:22:19.0,2020-05-12,2020-05-26T20:25:57.252
X:\OdontoceteClicks\clicks\2020\05\MARS_20200512_223219.wav_clicks.jld2,2020-05-12T22:32:19.0,2020-05-12,2020-05-26T20:26:17.809
X:\OdontoceteClicks\clicks\2020\05\MARS_20200512_224219.wav_clicks.jld2,2020-05-12T22:42:19.0,2020-05-12,2020-05-26T20:26:17.723
X:\OdontoceteClicks\clicks\2020\05\MARS_20200512_225219.wav_clicks.jld2,2020-05-12T22:52:19.0,2020-05-12,2020-05-26T20:26:37.92
X:\OdontoceteClicks\clicks\2020\05\MARS_20200512_230219.wav_clicks.jld2,2020-05-12T23:02:19.0,2020-05-12,2020-05-26T20:26:38.017
X:\OdontoceteClicks\clicks\2020\05\MARS_20200512_231219.wav_clicks.jld2,2020-05-12T23:12:19.0,2020-05-12,2020-05-26T20:26:57.579
X:\OdontoceteClicks\clicks\2020\05\MARS_20200512_232219.wav_clicks.jld2,2020-05-12T23:22:19.0,2020-05-12,2020-05-26T20:26:58.209
X:\OdontoceteClicks\clicks\2020\05\MARS_20200512_233219.wav_clicks.jld2,2020-05-12T23:32:19.0,2020-05-12,2020-05-26T20:27:17.904
X:\OdontoceteClicks\clicks\2020\05\MARS_20200512_234219.wav_clicks.jld2,2020-05-12T23:42:19.0,2020-05-12,2020-05-26T20:27:19.015
X:\OdontoceteClicks\clicks\2020\05\MARS_20200512_235219.wav_clicks.jld2,2020-05-12T23:52:19.0,2020-05-12,2020-05-26T20:27:37.894
X:\OdontoceteClicks\clicks\2020\05\MARS_20200513_000219.wav_clicks.jld2,2020-05-13T00:02:19.0,2020-05-13,2020-05-26T20:27:39.996
X:\OdontoceteClicks\clicks\2020\05\MARS_20200513_001219.wav_clicks.jld2,2020-05-13T00:12:19.0,2020-05-13,2020-05-26T20:27:58.136
X:\OdontoceteClicks\clicks\2020\05\MARS_20200513_002219.wav_clicks.jld2,2020-05-13T00:22:19.0,2020-05-13,2020-05-26T20:27:59.803
X:\OdontoceteClicks\clicks\2020\05\MARS_20200513_003219.wav_clicks.jld2,2020-05-13T00:32:19.0,2020-05-13,2020-05-26T20:28:19.235
X:\OdontoceteClicks\clicks\2020\05\MARS_20200513_004219.wav_clicks.jld2,2020-05-13T00:42:19.0,2020-05-13,2020-05-26T20:28:19.324
X:\OdontoceteClicks\clicks\2020\05\MARS_20200513_005219.wav_clicks.jld2,2020-05-13T00:52:19.0,2020-05-13,2020-05-26T20:28:40.803
X:\OdontoceteClicks\clicks\2020\05\MARS_20200513_010219.wav_clicks.jld2,2020-05-13T01:02:19.0,2020-05-13,2020-05-26T20:28:39.548
X:\OdontoceteClicks\clicks\2020\05\MARS_20200513_011219.wav_clicks.jld2,2020-05-13T01:12:19.0,2020-05-13,2020-05-26T20:29:01.603
X:\OdontoceteClicks\clicks\2020\05\MARS_20200513_012219.wav_clicks.jld2,2020-05-13T01:22:19.0,2020-05-13,2020-05-26T20:29:01.209
X:\OdontoceteClicks\clicks\2020\05\MARS_20200513_013219.wav_clicks.jld2,2020-05-13T01:32:19.0,2020-05-13,2020-05-26T20:29:22.613
X:\OdontoceteClicks\clicks\2020\05\MARS_20200513_014219.wav_clicks.jld2,2020-05-13T01:42:19.0,2020-05-13,2020-05-26T20:29:22.792
X:\OdontoceteClicks\clicks\2020\05\MARS_20200513_015219.wav_clicks.jld2,2020-05-13T01:52:19.0,2020-05-13,2020-05-26T20:29:44.181
X:\OdontoceteClicks\clicks\2020\05\MARS_20200513_020219.wav_clicks.jld2,2020-05-13T02:02:19.0,2020-05-13,2020-05-26T20:29:42.737
X:\OdontoceteClicks\clicks\2020\05\MARS_20200513_021219.wav_clicks.jld2,2020-05-13T02:12:19.0,2020-05-13,2020-05-26T20:30:03.876
X:\OdontoceteClicks\clicks\2020\05\MARS_20200513_022219.wav_clicks.jld2,2020-05-13T02:22:19.0,2020-05-13,2020-05-26T20:30:05.012
X:\OdontoceteClicks\clicks\2020\05\MARS_20200513_023219.wav_clicks.jld2,2020-05-13T02:32:19.0,2020-05-13,2020-05-26T20:30:24.845
X:\OdontoceteClicks\clicks\2020\05\MARS_20200513_024219.wav_clicks.jld2,2020-05-13T02:42:19.0,2020-05-13,2020-05-26T20:30:25.28
X:\OdontoceteClicks\clicks\2020\05\MARS_20200513_025219.wav_clicks.jld2,2020-05-13T02:52:19.0,2020-05-13,2020-05-26T20:30:46.131
X:\OdontoceteClicks\clicks\2020\05\MARS_20200513_030219.wav_clicks.jld2,2020-05-13T03:02:19.0,2020-05-13,2020-05-26T20:30:46.171
X:\OdontoceteClicks\clicks\2020\05\MARS_20200513_031219.wav_clicks.jld2,2020-05-13T03:12:19.0,2020-05-13,2020-05-26T20:31:07.714
X:\OdontoceteClicks\clicks\2020\05\MARS_20200513_032219.wav_clicks.jld2,2020-05-13T03:22:19.0,2020-05-13,2020-05-26T20:31:07.811
X:\OdontoceteClicks\clicks\2020\05\MARS_20200513_033219.wav_clicks.jld2,2020-05-13T03:32:19.0,2020-05-13,2020-05-26T20:31:28.5
X:\OdontoceteClicks\clicks\2020\05\MARS_20200513_034219.wav_clicks.jld2,2020-05-13T03:42:19.0,2020-05-13,2020-05-26T20:31:27.847
X:\OdontoceteClicks\clicks\2020\05\MARS_20200513_035219.wav_clicks.jld2,2020-05-13T03:52:19.0,2020-05-13,2020-05-26T20:31:47.023
X:\OdontoceteClicks\clicks\2020\05\MARS_20200513_040219.wav_clicks.jld2,2020-05-13T04:02:19.0,2020-05-13,2020-05-26T20:31:49.3
X:\OdontoceteClicks\clicks\2020\05\MARS_20200513_041219.wav_clicks.jld2,2020-05-13T04:12:19.0,2020-05-13,2020-05-26T20:32:08.478
X:\OdontoceteClicks\clicks\2020\05\MARS_20200513_042219.wav_clicks.jld2,2020-05-13T04:22:19.0,2020-05-13,2020-05-26T20:32:10.33
X:\OdontoceteClicks\clicks\2020\05\MARS_20200513_043219.wav_clicks.jld2,2020-05-13T04:32:19.0,2020-05-13,2020-05-26T20:32:29.166
X:\OdontoceteClicks\clicks\2020\05\MARS_20200513_044219.wav_clicks.jld2,2020-05-13T04:42:19.0,2020-05-13,2020-05-26T20:32:30.671
X:\OdontoceteClicks\clicks\2020\05\MARS_20200513_045219.wav_clicks.jld2,2020-05-13T04:52:19.0,2020-05-13,2020-05-26T20:32:49.276
X:\OdontoceteClicks\clicks\2020\05\MARS_20200513_050219.wav_clicks.jld2,2020-05-13T05:02:19.0,2020-05-13,2020-05-26T20:32:50.142
X:\OdontoceteClicks\clicks\2020\05\MARS_20200513_051219.wav_clicks.jld2,2020-05-13T05:12:19.0,2020-05-13,2020-05-26T20:33:09.29
X:\OdontoceteClicks\clicks\2020\05\MARS_20200513_052219.wav_clicks.jld2,2020-05-13T05:22:19.0,2020-05-13,2020-05-26T20:33:11.561
X:\OdontoceteClicks\clicks\2020\05\MARS_20200513_053219.wav_clicks.jld2,2020-05-13T05:32:19.0,2020-05-13,2020-05-26T20:33:28.507
X:\OdontoceteClicks\clicks\2020\05\MARS_20200513_054219.wav_clicks.jld2,2020-05-13T05:42:19.0,2020-05-13,2020-05-26T20:33:30.426
X:\OdontoceteClicks\clicks\2020\05\MARS_20200513_055219.wav_clicks.jld2,2020-05-13T05:52:19.0,2020-05-13,2020-05-26T20:33:49.685
X:\OdontoceteClicks\clicks\2020\05\MARS_20200513_060219.wav_clicks.jld2,2020-05-13T06:02:19.0,2020-05-13,2020-05-26T20:33:49.813
X:\OdontoceteClicks\clicks\2020\05\MARS_20200513_061219.wav_clicks.jld2,2020-05-13T06:12:19.0,2020-05-13,2020-05-26T20:34:09.734
X:\OdontoceteClicks\clicks\2020\05\MARS_20200513_062219.wav_clicks.jld2,2020-05-13T06:22:19.0,2020-05-13,2020-05-26T20:34:09.578
X:\OdontoceteClicks\clicks\2020\05\MARS_20200513_063219.wav_clicks.jld2,2020-05-13T06:32:19.0,2020-05-13,2020-05-26T20:34:30.749
X:\OdontoceteClicks\clicks\2020\05\MARS_20200513_064219.wav_clicks.jld2,2020-05-13T06:42:19.0,2020-05-13,2020-05-26T20:34:30.642
X:\OdontoceteClicks\clicks\2020\05\MARS_20200513_065219.wav_clicks.jld2,2020-05-13T06:52:19.0,2020-05-13,2020-05-26T20:34:51.287
X:\OdontoceteClicks\clicks\2020\05\MARS_20200513_070219.wav_clicks.jld2,2020-05-13T07:02:19.0,2020-05-13,2020-05-26T20:34:52.286
X:\OdontoceteClicks\clicks\2020\05\MARS_20200513_071219.wav_clicks.jld2,2020-05-13T07:12:19.0,2020-05-13,2020-05-26T20:35:11.219
X:\OdontoceteClicks\clicks\2020\05\MARS_20200513_072219.wav_clicks.jld2,2020-05-13T07:22:19.0,2020-05-13,2020-05-26T20:35:13.486
X:\OdontoceteClicks\clicks\2020\05\MARS_20200513_073219.wav_clicks.jld2,2020-05-13T07:32:19.0,2020-05-13,2020-05-26T20:35:32.301
X:\OdontoceteClicks\clicks\2020\05\MARS_20200513_074219.wav_clicks.jld2,2020-05-13T07:42:19.0,2020-05-13,2020-05-26T20:35:34.034
X:\OdontoceteClicks\clicks\2020\05\MARS_20200513_075219.wav_clicks.jld2,2020-05-13T07:52:19.0,2020-05-13,2020-05-26T20:35:54.226
X:\OdontoceteClicks\clicks\2020\05\MARS_20200513_080219.wav_clicks.jld2,2020-05-13T08:02:19.0,2020-05-13,2020-05-26T20:35:54.922
X:\OdontoceteClicks\clicks\2020\05\MARS_20200513_081219.wav_clicks.jld2,2020-05-13T08:12:19.0,2020-05-13,2020-05-26T20:36:15.366
X:\OdontoceteClicks\clicks\2020\05\MARS_20200513_082219.wav_clicks.jld2,2020-05-13T08:22:19.0,2020-05-13,2020-05-26T20:36:16.193
X:\OdontoceteClicks\clicks\2020\05\MARS_20200513_083219.wav_clicks.jld2,2020-05-13T08:32:19.0,2020-05-13,2020-05-26T20:36:34.944
X:\OdontoceteClicks\clicks\2020\05\MARS_20200513_084219.wav_clicks.jld2,2020-05-13T08:42:19.0,2020-05-13,2020-05-26T20:36:37.873
X:\OdontoceteClicks\clicks\2020\05\MARS_20200513_085219.wav_clicks.jld2,2020-05-13T08:52:19.0,2020-05-13,2020-05-26T20:36:56.057
X:\OdontoceteClicks\clicks\2020\05\MARS_20200513_090219.wav_clicks.jld2,2020-05-13T09:02:19.0,2020-05-13,2020-05-26T20:36:57.851
X:\OdontoceteClicks\clicks\2020\05\MARS_20200513_091219.wav_clicks.jld2,2020-05-13T09:12:19.0,2020-05-13,2020-05-26T20:37:16.057
X:\OdontoceteClicks\clicks\2020\05\MARS_20200513_092219.wav_clicks.jld2,2020-05-13T09:22:19.0,2020-05-13,2020-05-26T20:37:18.721
X:\OdontoceteClicks\clicks\2020\05\MARS_20200513_093219.wav_clicks.jld2,2020-05-13T09:32:19.0,2020-05-13,2020-05-26T20:37:36.528
X:\OdontoceteClicks\clicks\2020\05\MARS_20200513_094219.wav_clicks.jld2,2020-05-13T09:42:19.0,2020-05-13,2020-05-26T20:37:39.285
X:\OdontoceteClicks\clicks\2020\05\MARS_20200513_095219.wav_clicks.jld2,2020-05-13T09:52:19.0,2020-05-13,2020-05-26T20:37:57.436
X:\OdontoceteClicks\clicks\2020\05\MARS_20200513_100219.wav_clicks.jld2,2020-05-13T10:02:19.0,2020-05-13,2020-05-26T20:38:01.077
X:\OdontoceteClicks\clicks\2020\05\MARS_20200513_101219.wav_clicks.jld2,2020-05-13T10:12:19.0,2020-05-13,2020-05-26T20:38:18.187
X:\OdontoceteClicks\clicks\2020\05\MARS_20200513_102219.wav_clicks.jld2,2020-05-13T10:22:19.0,2020-05-13,2020-05-26T20:38:21.927
X:\OdontoceteClicks\clicks\2020\05\MARS_20200513_103219.wav_clicks.jld2,2020-05-13T10:32:19.0,2020-05-13,2020-05-26T20:38:38.706
X:\OdontoceteClicks\clicks\2020\05\MARS_20200513_104219.wav_clicks.jld2,2020-05-13T10:42:19.0,2020-05-13,2020-05-26T20:38:43.06
X:\OdontoceteClicks\clicks\2020\05\MARS_20200513_105219.wav_clicks.jld2,2020-05-13T10:52:19.0,2020-05-13,2020-05-26T20:38:59.136
X:\OdontoceteClicks\clicks\2020\05\MARS_20200513_110219.wav_clicks.jld2,2020-05-13T11:02:19.0,2020-05-13,2020-05-26T20:39:03.811
X:\OdontoceteClicks\clicks\2020\05\MARS_20200513_111219.wav_clicks.jld2,2020-05-13T11:12:19.0,2020-05-13,2020-05-26T20:39:19.546
X:\OdontoceteClicks\clicks\2020\05\MARS_20200513_112219.wav_clicks.jld2,2020-05-13T11:22:19.0,2020-05-13,2020-05-26T20:39:24.304
X:\OdontoceteClicks\clicks\2020\05\MARS_20200513_113219.wav_clicks.jld2,2020-05-13T11:32:19.0,2020-05-13,2020-05-26T20:39:40.261
X:\OdontoceteClicks\clicks\2020\05\MARS_20200513_114219.wav_clicks.jld2,2020-05-13T11:42:19.0,2020-05-13,2020-05-26T20:39:44.146
X:\OdontoceteClicks\clicks\2020\05\MARS_20200513_115219.wav_clicks.jld2,2020-05-13T11:52:19.0,2020-05-13,2020-05-26T20:40:00.634
X:\OdontoceteClicks\clicks\2020\05\MARS_20200513_120219.wav_clicks.jld2,2020-05-13T12:02:19.0,2020-05-13,2020-05-26T20:40:04.515
X:\OdontoceteClicks\clicks\2020\05\MARS_20200513_121219.wav_clicks.jld2,2020-05-13T12:12:19.0,2020-05-13,2020-05-26T20:40:22.163
X:\OdontoceteClicks\clicks\2020\05\MARS_20200513_122219.wav_clicks.jld2,2020-05-13T12:22:19.0,2020-05-13,2020-05-26T20:40:24.459
X:\OdontoceteClicks\clicks\2020\05\MARS_20200513_123219.wav_clicks.jld2,2020-05-13T12:32:19.0,2020-05-13,2020-05-26T20:40:42.884
X:\OdontoceteClicks\clicks\2020\05\MARS_20200513_124219.wav_clicks.jld2,2020-05-13T12:42:19.0,2020-05-13,2020-05-26T20:40:43.992
X:\OdontoceteClicks\clicks\2020\05\MARS_20200513_125219.wav_clicks.jld2,2020-05-13T12:52:19.0,2020-05-13,2020-05-26T20:41:03.117
X:\OdontoceteClicks\clicks\2020\05\MARS_20200513_130219.wav_clicks.jld2,2020-05-13T13:02:19.0,2020-05-13,2020-05-26T20:41:03.998
X:\OdontoceteClicks\clicks\2020\05\MARS_20200513_131219.wav_clicks.jld2,2020-05-13T13:12:19.0,2020-05-13,2020-05-26T20:41:25.677
X:\OdontoceteClicks\clicks\2020\05\MARS_20200513_132219.wav_clicks.jld2,2020-05-13T13:22:19.0,2020-05-13,2020-05-26T20:41:24.49
X:\OdontoceteClicks\clicks\2020\05\MARS_20200513_133219.wav_clicks.jld2,2020-05-13T13:32:19.0,2020-05-13,2020-05-26T20:41:45.84
X:\OdontoceteClicks\clicks\2020\05\MARS_20200513_134219.wav_clicks.jld2,2020-05-13T13:42:19.0,2020-05-13,2020-05-26T20:41:47.19
X:\OdontoceteClicks\clicks\2020\05\MARS_20200513_135219.wav_clicks.jld2,2020-05-13T13:52:19.0,2020-05-13,2020-05-26T20:42:06.002
X:\OdontoceteClicks\clicks\2020\05\MARS_20200513_140219.wav_clicks.jld2,2020-05-13T14:02:19.0,2020-05-13,2020-05-26T20:42:07.579
X:\OdontoceteClicks\clicks\2020\05\MARS_20200513_141219.wav_clicks.jld2,2020-05-13T14:12:19.0,2020-05-13,2020-05-26T20:42:26.436
X:\OdontoceteClicks\clicks\2020\05\MARS_20200513_142219.wav_clicks.jld2,2020-05-13T14:22:19.0,2020-05-13,2020-05-26T20:42:27.94
X:\OdontoceteClicks\clicks\2020\05\MARS_20200513_143219.wav_clicks.jld2,2020-05-13T14:32:19.0,2020-05-13,2020-05-26T20:42:46.027
X:\OdontoceteClicks\clicks\2020\05\MARS_20200513_144219.wav_clicks.jld2,2020-05-13T14:42:19.0,2020-05-13,2020-05-26T20:42:48.575
X:\OdontoceteClicks\clicks\2020\05\MARS_20200513_145219.wav_clicks.jld2,2020-05-13T14:52:19.0,2020-05-13,2020-05-26T20:43:07.094
X:\OdontoceteClicks\clicks\2020\05\MARS_20200513_150219.wav_clicks.jld2,2020-05-13T15:02:19.0,2020-05-13,2020-05-26T20:43:08.797
X:\OdontoceteClicks\clicks\2020\05\MARS_20200513_151219.wav_clicks.jld2,2020-05-13T15:12:19.0,2020-05-13,2020-05-26T20:43:27.903
X:\OdontoceteClicks\clicks\2020\05\MARS_20200513_152219.wav_clicks.jld2,2020-05-13T15:22:19.0,2020-05-13,2020-05-26T20:43:29.63
X:\OdontoceteClicks\clicks\2020\05\MARS_20200513_153219.wav_clicks.jld2,2020-05-13T15:32:19.0,2020-05-13,2020-05-26T20:43:48.647
X:\OdontoceteClicks\clicks\2020\05\MARS_20200513_154219.wav_clicks.jld2,2020-05-13T15:42:19.0,2020-05-13,2020-05-26T20:43:50.048
X:\OdontoceteClicks\clicks\2020\05\MARS_20200513_155219.wav_clicks.jld2,2020-05-13T15:52:19.0,2020-05-13,2020-05-26T20:44:08.84
X:\OdontoceteClicks\clicks\2020\05\MARS_20200513_160219.wav_clicks.jld2,2020-05-13T16:02:19.0,2020-05-13,2020-05-26T20:44:10.459
X:\OdontoceteClicks\clicks\2020\05\MARS_20200513_161219.wav_clicks.jld2,2020-05-13T16:12:19.0,2020-05-13,2020-05-26T20:44:28.802
X:\OdontoceteClicks\clicks\2020\05\MARS_20200513_162219.wav_clicks.jld2,2020-05-13T16:22:19.0,2020-05-13,2020-05-26T20:44:29.941
X:\OdontoceteClicks\clicks\2020\05\MARS_20200513_163219.wav_clicks.jld2,2020-05-13T16:32:19.0,2020-05-13,2020-05-26T20:44:49.911
X:\OdontoceteClicks\clicks\2020\05\MARS_20200513_164219.wav_clicks.jld2,2020-05-13T16:42:19.0,2020-05-13,2020-05-26T20:44:49.924
X:\OdontoceteClicks\clicks\2020\05\MARS_20200513_165219.wav_clicks.jld2,2020-05-13T16:52:19.0,2020-05-13,2020-05-26T20:45:10.558
X:\OdontoceteClicks\clicks\2020\05\MARS_20200513_170219.wav_clicks.jld2,2020-05-13T17:02:19.0,2020-05-13,2020-05-26T20:45:10.821
X:\OdontoceteClicks\clicks\2020\05\MARS_20200513_171219.wav_clicks.jld2,2020-05-13T17:12:19.0,2020-05-13,2020-05-26T20:45:30.521
X:\OdontoceteClicks\clicks\2020\05\MARS_20200513_172219.wav_clicks.jld2,2020-05-13T17:22:19.0,2020-05-13,2020-05-26T20:45:31.035
X:\OdontoceteClicks\clicks\2020\05\MARS_20200513_173219.wav_clicks.jld2,2020-05-13T17:32:19.0,2020-05-13,2020-05-26T20:45:51.905
X:\OdontoceteClicks\clicks\2020\05\MARS_20200513_174219.wav_clicks.jld2,2020-05-13T17:42:19.0,2020-05-13,2020-05-26T20:45:52.209
X:\OdontoceteClicks\clicks\2020\05\MARS_20200513_175219.wav_clicks.jld2,2020-05-13T17:52:19.0,2020-05-13,2020-05-26T20:46:11.935
X:\OdontoceteClicks\clicks\2020\05\MARS_20200513_180219.wav_clicks.jld2,2020-05-13T18:02:19.0,2020-05-13,2020-05-26T20:46:16.599
X:\OdontoceteClicks\clicks\2020\05\MARS_20200513_181219.wav_clicks.jld2,2020-05-13T18:12:19.0,2020-05-13,2020-05-26T20:46:32.402
X:\OdontoceteClicks\clicks\2020\05\MARS_20200513_182219.wav_clicks.jld2,2020-05-13T18:22:19.0,2020-05-13,2020-05-26T20:46:36.556
X:\OdontoceteClicks\clicks\2020\05\MARS_20200513_183219.wav_clicks.jld2,2020-05-13T18:32:19.0,2020-05-13,2020-05-26T20:46:53.719
X:\OdontoceteClicks\clicks\2020\05\MARS_20200513_184219.wav_clicks.jld2,2020-05-13T18:42:19.0,2020-05-13,2020-05-26T20:46:57.991
X:\OdontoceteClicks\clicks\2020\05\MARS_20200513_185219.wav_clicks.jld2,2020-05-13T18:52:19.0,2020-05-13,2020-05-26T20:47:13.531
X:\OdontoceteClicks\clicks\2020\05\MARS_20200513_190219.wav_clicks.jld2,2020-05-13T19:02:19.0,2020-05-13,2020-05-26T20:47:18.248
X:\OdontoceteClicks\clicks\2020\05\MARS_20200513_191219.wav_clicks.jld2,2020-05-13T19:12:19.0,2020-05-13,2020-05-26T20:47:33.487
X:\OdontoceteClicks\clicks\2020\05\MARS_20200513_192219.wav_clicks.jld2,2020-05-13T19:22:19.0,2020-05-13,2020-05-26T20:47:38.251
X:\OdontoceteClicks\clicks\2020\05\MARS_20200513_193219.wav_clicks.jld2,2020-05-13T19:32:19.0,2020-05-13,2020-05-26T20:47:55.015
X:\OdontoceteClicks\clicks\2020\05\MARS_20200513_194219.wav_clicks.jld2,2020-05-13T19:42:19.0,2020-05-13,2020-05-26T20:47:58.52
X:\OdontoceteClicks\clicks\2020\05\MARS_20200513_195219.wav_clicks.jld2,2020-05-13T19:52:19.0,2020-05-13,2020-05-26T20:48:14.64
X:\OdontoceteClicks\clicks\2020\05\MARS_20200513_200219.wav_clicks.jld2,2020-05-13T20:02:19.0,2020-05-13,2020-05-26T20:48:19.232
X:\OdontoceteClicks\clicks\2020\05\MARS_20200513_201219.wav_clicks.jld2,2020-05-13T20:12:19.0,2020-05-13,2020-05-26T20:48:35.646
X:\OdontoceteClicks\clicks\2020\05\MARS_20200513_202219.wav_clicks.jld2,2020-05-13T20:22:19.0,2020-05-13,2020-05-26T20:48:39.776
X:\OdontoceteClicks\clicks\2020\05\MARS_20200513_203219.wav_clicks.jld2,2020-05-13T20:32:19.0,2020-05-13,2020-05-26T20:48:55.307
X:\OdontoceteClicks\clicks\2020\05\MARS_20200513_204219.wav_clicks.jld2,2020-05-13T20:42:19.0,2020-05-13,2020-05-26T20:49:00.755
X:\OdontoceteClicks\clicks\2020\05\MARS_20200513_205219.wav_clicks.jld2,2020-05-13T20:52:19.0,2020-05-13,2020-05-26T20:49:17.47
X:\OdontoceteClicks\clicks\2020\05\MARS_20200513_210219.wav_clicks.jld2,2020-05-13T21:02:19.0,2020-05-13,2020-05-26T20:49:20.834
X:\OdontoceteClicks\clicks\2020\05\MARS_20200513_211219.wav_clicks.jld2,2020-05-13T21:12:19.0,2020-05-13,2020-05-26T20:49:38.114
X:\OdontoceteClicks\clicks\2020\05\MARS_20200513_212219.wav_clicks.jld2,2020-05-13T21:22:19.0,2020-05-13,2020-05-26T20:49:42.295
X:\OdontoceteClicks\clicks\2020\05\MARS_20200513_213219.wav_clicks.jld2,2020-05-13T21:32:19.0,2020-05-13,2020-05-26T20:49:58.785
X:\OdontoceteClicks\clicks\2020\05\MARS_20200513_214219.wav_clicks.jld2,2020-05-13T21:42:19.0,2020-05-13,2020-05-26T20:50:02.879
X:\OdontoceteClicks\clicks\2020\05\MARS_20200513_215219.wav_clicks.jld2,2020-05-13T21:52:19.0,2020-05-13,2020-05-26T20:50:19.331
X:\OdontoceteClicks\clicks\2020\05\MARS_20200513_220219.wav_clicks.jld2,2020-05-13T22:02:19.0,2020-05-13,2020-05-26T20:50:23.076
X:\OdontoceteClicks\clicks\2020\05\MARS_20200513_221219.wav_clicks.jld2,2020-05-13T22:12:19.0,2020-05-13,2020-05-26T20:50:39.439
X:\OdontoceteClicks\clicks\2020\05\MARS_20200513_222219.wav_clicks.jld2,2020-05-13T22:22:19.0,2020-05-13,2020-05-26T20:50:43.343
X:\OdontoceteClicks\clicks\2020\05\MARS_20200513_223219.wav_clicks.jld2,2020-05-13T22:32:19.0,2020-05-13,2020-05-26T20:50:59.676
X:\OdontoceteClicks\clicks\2020\05\MARS_20200513_224219.wav_clicks.jld2,2020-05-13T22:42:19.0,2020-05-13,2020-05-26T20:51:03.515
X:\OdontoceteClicks\clicks\2020\05\MARS_20200513_225219.wav_clicks.jld2,2020-05-13T22:52:19.0,2020-05-13,2020-05-26T20:51:20.092
X:\OdontoceteClicks\clicks\2020\05\MARS_20200513_230219.wav_clicks.jld2,2020-05-13T23:02:19.0,2020-05-13,2020-05-26T20:51:23.512
X:\OdontoceteClicks\clicks\2020\05\MARS_20200513_231219.wav_clicks.jld2,2020-05-13T23:12:19.0,2020-05-13,2020-05-26T20:51:39.28
X:\OdontoceteClicks\clicks\2020\05\MARS_20200513_232219.wav_clicks.jld2,2020-05-13T23:22:19.0,2020-05-13,2020-05-26T20:51:44.7
X:\OdontoceteClicks\clicks\2020\05\MARS_20200513_233219.wav_clicks.jld2,2020-05-13T23:32:19.0,2020-05-13,2020-05-26T20:52:00.419
X:\OdontoceteClicks\clicks\2020\05\MARS_20200513_234219.wav_clicks.jld2,2020-05-13T23:42:19.0,2020-05-13,2020-05-26T20:52:05.325
X:\OdontoceteClicks\clicks\2020\05\MARS_20200513_235219.wav_clicks.jld2,2020-05-13T23:52:19.0,2020-05-13,2020-05-26T20:52:20.054
X:\OdontoceteClicks\clicks\2020\05\MARS_20200514_000219.wav_clicks.jld2,2020-05-14T00:02:19.0,2020-05-14,2020-05-26T20:52:26.634
X:\OdontoceteClicks\clicks\2020\05\MARS_20200514_001219.wav_clicks.jld2,2020-05-14T00:12:19.0,2020-05-14,2020-05-26T20:52:40.501
X:\OdontoceteClicks\clicks\2020\05\MARS_20200514_002219.wav_clicks.jld2,2020-05-14T00:22:19.0,2020-05-14,2020-05-26T20:52:47.124
X:\OdontoceteClicks\clicks\2020\05\MARS_20200514_003219.wav_clicks.jld2,2020-05-14T00:32:19.0,2020-05-14,2020-05-26T20:53:00.627
X:\OdontoceteClicks\clicks\2020\05\MARS_20200514_004219.wav_clicks.jld2,2020-05-14T00:42:19.0,2020-05-14,2020-05-26T20:53:08.632
X:\OdontoceteClicks\clicks\2020\05\MARS_20200514_005219.wav_clicks.jld2,2020-05-14T00:52:19.0,2020-05-14,2020-05-26T20:53:21.812
X:\OdontoceteClicks\clicks\2020\05\MARS_20200514_010219.wav_clicks.jld2,2020-05-14T01:02:19.0,2020-05-14,2020-05-26T20:53:29.112
X:\OdontoceteClicks\clicks\2020\05\MARS_20200514_011219.wav_clicks.jld2,2020-05-14T01:12:19.0,2020-05-14,2020-05-26T20:53:42.374
X:\OdontoceteClicks\clicks\2020\05\MARS_20200514_012219.wav_clicks.jld2,2020-05-14T01:22:19.0,2020-05-14,2020-05-26T20:53:49.873
X:\OdontoceteClicks\clicks\2020\05\MARS_20200514_013219.wav_clicks.jld2,2020-05-14T01:32:19.0,2020-05-14,2020-05-26T20:54:03.211
X:\OdontoceteClicks\clicks\2020\05\MARS_20200514_014219.wav_clicks.jld2,2020-05-14T01:42:19.0,2020-05-14,2020-05-26T20:54:10.818
X:\OdontoceteClicks\clicks\2020\05\MARS_20200514_015219.wav_clicks.jld2,2020-05-14T01:52:19.0,2020-05-14,2020-05-26T20:54:24.367
X:\OdontoceteClicks\clicks\2020\05\MARS_20200514_020219.wav_clicks.jld2,2020-05-14T02:02:19.0,2020-05-14,2020-05-26T20:54:33.036
X:\OdontoceteClicks\clicks\2020\05\MARS_20200514_021219.wav_clicks.jld2,2020-05-14T02:12:19.0,2020-05-14,2020-05-26T20:54:43.148
X:\OdontoceteClicks\clicks\2020\05\MARS_20200514_022219.wav_clicks.jld2,2020-05-14T02:22:19.0,2020-05-14,2020-05-26T20:54:52.338
X:\OdontoceteClicks\clicks\2020\05\MARS_20200514_023219.wav_clicks.jld2,2020-05-14T02:32:19.0,2020-05-14,2020-05-26T20:55:04.173
X:\OdontoceteClicks\clicks\2020\05\MARS_20200514_024219.wav_clicks.jld2,2020-05-14T02:42:19.0,2020-05-14,2020-05-26T20:55:12.395
X:\OdontoceteClicks\clicks\2020\05\MARS_20200514_025219.wav_clicks.jld2,2020-05-14T02:52:19.0,2020-05-14,2020-05-26T20:55:24.686
X:\OdontoceteClicks\clicks\2020\05\MARS_20200514_030219.wav_clicks.jld2,2020-05-14T03:02:19.0,2020-05-14,2020-05-26T20:55:32.628
X:\OdontoceteClicks\clicks\2020\05\MARS_20200514_031219.wav_clicks.jld2,2020-05-14T03:12:19.0,2020-05-14,2020-05-26T20:55:44.173
X:\OdontoceteClicks\clicks\2020\05\MARS_20200514_032219.wav_clicks.jld2,2020-05-14T03:22:19.0,2020-05-14,2020-05-26T20:55:53.387
X:\OdontoceteClicks\clicks\2020\05\MARS_20200514_033219.wav_clicks.jld2,2020-05-14T03:32:19.0,2020-05-14,2020-05-26T20:56:05.131
X:\OdontoceteClicks\clicks\2020\05\MARS_20200514_034219.wav_clicks.jld2,2020-05-14T03:42:19.0,2020-05-14,2020-05-26T20:56:14.593
X:\OdontoceteClicks\clicks\2020\05\MARS_20200514_035219.wav_clicks.jld2,2020-05-14T03:52:19.0,2020-05-14,2020-05-26T20:56:25.422
X:\OdontoceteClicks\clicks\2020\05\MARS_20200514_040219.wav_clicks.jld2,2020-05-14T04:02:19.0,2020-05-14,2020-05-26T20:56:35.329
X:\OdontoceteClicks\clicks\2020\05\MARS_20200514_041219.wav_clicks.jld2,2020-05-14T04:12:19.0,2020-05-14,2020-05-26T20:56:45.76
X:\OdontoceteClicks\clicks\2020\05\MARS_20200514_042219.wav_clicks.jld2,2020-05-14T04:22:19.0,2020-05-14,2020-05-26T20:56:55.833
X:\OdontoceteClicks\clicks\2020\05\MARS_20200514_043219.wav_clicks.jld2,2020-05-14T04:32:19.0,2020-05-14,2020-05-26T20:57:05.54
X:\OdontoceteClicks\clicks\2020\05\MARS_20200514_044219.wav_clicks.jld2,2020-05-14T04:42:19.0,2020-05-14,2020-05-26T20:57:16.194
X:\OdontoceteClicks\clicks\2020\05\MARS_20200514_045219.wav_clicks.jld2,2020-05-14T04:52:19.0,2020-05-14,2020-05-26T20:57:26.009
X:\OdontoceteClicks\clicks\2020\05\MARS_20200514_050219.wav_clicks.jld2,2020-05-14T05:02:19.0,2020-05-14,2020-05-26T20:57:36.267
X:\OdontoceteClicks\clicks\2020\05\MARS_20200514_051219.wav_clicks.jld2,2020-05-14T05:12:19.0,2020-05-14,2020-05-26T20:57:46.348
X:\OdontoceteClicks\clicks\2020\05\MARS_20200514_052219.wav_clicks.jld2,2020-05-14T05:22:19.0,2020-05-14,2020-05-26T20:57:58.189
X:\OdontoceteClicks\clicks\2020\05\MARS_20200514_053219.wav_clicks.jld2,2020-05-14T05:32:19.0,2020-05-14,2020-05-26T20:58:07.348
X:\OdontoceteClicks\clicks\2020\05\MARS_20200514_054219.wav_clicks.jld2,2020-05-14T05:42:19.0,2020-05-14,2020-05-26T20:58:18.192
X:\OdontoceteClicks\clicks\2020\05\MARS_20200514_055219.wav_clicks.jld2,2020-05-14T05:52:19.0,2020-05-14,2020-05-26T20:58:28.26
X:\OdontoceteClicks\clicks\2020\05\MARS_20200514_060219.wav_clicks.jld2,2020-05-14T06:02:19.0,2020-05-14,2020-05-26T20:58:39.568
X:\OdontoceteClicks\clicks\2020\05\MARS_20200514_061219.wav_clicks.jld2,2020-05-14T06:12:19.0,2020-05-14,2020-05-26T20:58:48.19
X:\OdontoceteClicks\clicks\2020\05\MARS_20200514_062219.wav_clicks.jld2,2020-05-14T06:22:19.0,2020-05-14,2020-05-26T20:59:00.791
X:\OdontoceteClicks\clicks\2020\05\MARS_20200514_063219.wav_clicks.jld2,2020-05-14T06:32:19.0,2020-05-14,2020-05-26T20:59:09.688
X:\OdontoceteClicks\clicks\2020\05\MARS_20200514_064219.wav_clicks.jld2,2020-05-14T06:42:19.0,2020-05-14,2020-05-26T20:59:20.841
X:\OdontoceteClicks\clicks\2020\05\MARS_20200514_065219.wav_clicks.jld2,2020-05-14T06:52:19.0,2020-05-14,2020-05-26T20:59:29.991
X:\OdontoceteClicks\clicks\2020\05\MARS_20200514_070219.wav_clicks.jld2,2020-05-14T07:02:19.0,2020-05-14,2020-05-26T20:59:42.3
X:\OdontoceteClicks\clicks\2020\05\MARS_20200514_071219.wav_clicks.jld2,2020-05-14T07:12:19.0,2020-05-14,2020-05-26T20:59:51.281
X:\OdontoceteClicks\clicks\2020\05\MARS_20200514_072219.wav_clicks.jld2,2020-05-14T07:22:19.0,2020-05-14,2020-05-26T21:00:03.707
X:\OdontoceteClicks\clicks\2020\05\MARS_20200514_073219.wav_clicks.jld2,2020-05-14T07:32:19.0,2020-05-14,2020-05-26T21:00:13.426
X:\OdontoceteClicks\clicks\2020\05\MARS_20200514_074219.wav_clicks.jld2,2020-05-14T07:42:19.0,2020-05-14,2020-05-26T21:00:25.374
X:\OdontoceteClicks\clicks\2020\05\MARS_20200514_075219.wav_clicks.jld2,2020-05-14T07:52:19.0,2020-05-14,2020-05-26T21:00:34.985
X:\OdontoceteClicks\clicks\2020\05\MARS_20200514_080219.wav_clicks.jld2,2020-05-14T08:02:19.0,2020-05-14,2020-05-26T21:00:46.738
X:\OdontoceteClicks\clicks\2020\05\MARS_20200514_081219.wav_clicks.jld2,2020-05-14T08:12:19.0,2020-05-14,2020-05-26T21:00:56.751
X:\OdontoceteClicks\clicks\2020\05\MARS_20200514_082219.wav_clicks.jld2,2020-05-14T08:22:19.0,2020-05-14,2020-05-26T21:01:07.918
X:\OdontoceteClicks\clicks\2020\05\MARS_20200514_083219.wav_clicks.jld2,2020-05-14T08:32:19.0,2020-05-14,2020-05-26T21:01:17.133
X:\OdontoceteClicks\clicks\2020\05\MARS_20200514_084219.wav_clicks.jld2,2020-05-14T08:42:19.0,2020-05-14,2020-05-26T21:01:30.472
X:\OdontoceteClicks\clicks\2020\05\MARS_20200514_085219.wav_clicks.jld2,2020-05-14T08:52:19.0,2020-05-14,2020-05-26T21:01:39.863
X:\OdontoceteClicks\clicks\2020\05\MARS_20200514_090219.wav_clicks.jld2,2020-05-14T09:02:19.0,2020-05-14,2020-05-26T21:01:52.083
X:\OdontoceteClicks\clicks\2020\05\MARS_20200514_091219.wav_clicks.jld2,2020-05-14T09:12:19.0,2020-05-14,2020-05-26T21:02:01.487
X:\OdontoceteClicks\clicks\2020\05\MARS_20200514_092219.wav_clicks.jld2,2020-05-14T09:22:19.0,2020-05-14,2020-05-26T21:02:14.423
X:\OdontoceteClicks\clicks\2020\05\MARS_20200514_093219.wav_clicks.jld2,2020-05-14T09:32:19.0,2020-05-14,2020-05-26T21:02:24.389
X:\OdontoceteClicks\clicks\2020\05\MARS_20200514_094219.wav_clicks.jld2,2020-05-14T09:42:19.0,2020-05-14,2020-05-26T21:02:37.23
X:\OdontoceteClicks\clicks\2020\05\MARS_20200514_095219.wav_clicks.jld2,2020-05-14T09:52:19.0,2020-05-14,2020-05-26T21:02:46.334
X:\OdontoceteClicks\clicks\2020\05\MARS_20200514_100219.wav_clicks.jld2,2020-05-14T10:02:19.0,2020-05-14,2020-05-26T21:02:58.278
X:\OdontoceteClicks\clicks\2020\05\MARS_20200514_101219.wav_clicks.jld2,2020-05-14T10:12:19.0,2020-05-14,2020-05-26T21:03:06.59
X:\OdontoceteClicks\clicks\2020\05\MARS_20200514_102219.wav_clicks.jld2,2020-05-14T10:22:19.0,2020-05-14,2020-05-26T21:03:17.93
X:\OdontoceteClicks\clicks\2020\05\MARS_20200514_103219.wav_clicks.jld2,2020-05-14T10:32:19.0,2020-05-14,2020-05-26T21:03:27.505
X:\OdontoceteClicks\clicks\2020\05\MARS_20200514_104219.wav_clicks.jld2,2020-05-14T10:42:19.0,2020-05-14,2020-05-26T21:03:37.536
X:\OdontoceteClicks\clicks\2020\05\MARS_20200514_105219.wav_clicks.jld2,2020-05-14T10:52:19.0,2020-05-14,2020-05-26T21:03:48.418
X:\OdontoceteClicks\clicks\2020\05\MARS_20200514_110219.wav_clicks.jld2,2020-05-14T11:02:19.0,2020-05-14,2020-05-26T21:03:57.781
X:\OdontoceteClicks\clicks\2020\05\MARS_20200514_111219.wav_clicks.jld2,2020-05-14T11:12:19.0,2020-05-14,2020-05-26T21:04:08.698
X:\OdontoceteClicks\clicks\2020\05\MARS_20200514_112219.wav_clicks.jld2,2020-05-14T11:22:19.0,2020-05-14,2020-05-26T21:04:19.532
X:\OdontoceteClicks\clicks\2020\05\MARS_20200514_113219.wav_clicks.jld2,2020-05-14T11:32:19.0,2020-05-14,2020-05-26T21:04:30.01
X:\OdontoceteClicks\clicks\2020\05\MARS_20200514_114219.wav_clicks.jld2,2020-05-14T11:42:19.0,2020-05-14,2020-05-26T21:04:38.858
X:\OdontoceteClicks\clicks\2020\05\MARS_20200514_115219.wav_clicks.jld2,2020-05-14T11:52:19.0,2020-05-14,2020-05-26T21:04:49.699
X:\OdontoceteClicks\clicks\2020\05\MARS_20200514_120219.wav_clicks.jld2,2020-05-14T12:02:19.0,2020-05-14,2020-05-26T21:04:58.647
X:\OdontoceteClicks\clicks\2020\05\MARS_20200514_121219.wav_clicks.jld2,2020-05-14T12:12:19.0,2020-05-14,2020-05-26T21:05:11.172
X:\OdontoceteClicks\clicks\2020\05\MARS_20200514_122219.wav_clicks.jld2,2020-05-14T12:22:19.0,2020-05-14,2020-05-26T21:05:18.035
X:\OdontoceteClicks\clicks\2020\05\MARS_20200514_123219.wav_clicks.jld2,2020-05-14T12:32:19.0,2020-05-14,2020-05-26T21:05:31.467
X:\OdontoceteClicks\clicks\2020\05\MARS_20200514_124219.wav_clicks.jld2,2020-05-14T12:42:19.0,2020-05-14,2020-05-26T21:05:38.043
X:\OdontoceteClicks\clicks\2020\05\MARS_20200514_125219.wav_clicks.jld2,2020-05-14T12:52:19.0,2020-05-14,2020-05-26T21:05:52.31
X:\OdontoceteClicks\clicks\2020\05\MARS_20200514_130219.wav_clicks.jld2,2020-05-14T13:02:19.0,2020-05-14,2020-05-26T21:05:57.346
X:\OdontoceteClicks\clicks\2020\05\MARS_20200514_131219.wav_clicks.jld2,2020-05-14T13:12:19.0,2020-05-14,2020-05-26T21:06:12.42
X:\OdontoceteClicks\clicks\2020\05\MARS_20200514_132219.wav_clicks.jld2,2020-05-14T13:22:19.0,2020-05-14,2020-05-26T21:06:18.116
X:\OdontoceteClicks\clicks\2020\05\MARS_20200514_133219.wav_clicks.jld2,2020-05-14T13:32:19.0,2020-05-14,2020-05-26T21:06:33.225
X:\OdontoceteClicks\clicks\2020\05\MARS_20200514_134219.wav_clicks.jld2,2020-05-14T13:42:19.0,2020-05-14,2020-05-26T21:06:37.956
X:\OdontoceteClicks\clicks\2020\05\MARS_20200514_135219.wav_clicks.jld2,2020-05-14T13:52:19.0,2020-05-14,2020-05-26T21:06:53.162
X:\OdontoceteClicks\clicks\2020\05\MARS_20200514_140219.wav_clicks.jld2,2020-05-14T14:02:19.0,2020-05-14,2020-05-26T21:06:58.114
X:\OdontoceteClicks\clicks\2020\05\MARS_20200514_141219.wav_clicks.jld2,2020-05-14T14:12:19.0,2020-05-14,2020-05-26T21:07:13.193
X:\OdontoceteClicks\clicks\2020\05\MARS_20200514_142219.wav_clicks.jld2,2020-05-14T14:22:19.0,2020-05-14,2020-05-26T21:07:19.792
X:\OdontoceteClicks\clicks\2020\05\MARS_20200514_143219.wav_clicks.jld2,2020-05-14T14:32:19.0,2020-05-14,2020-05-26T21:07:33.39
X:\OdontoceteClicks\clicks\2020\05\MARS_20200514_144219.wav_clicks.jld2,2020-05-14T14:42:19.0,2020-05-14,2020-05-26T21:07:40.13
X:\OdontoceteClicks\clicks\2020\05\MARS_20200514_145219.wav_clicks.jld2,2020-05-14T14:52:19.0,2020-05-14,2020-05-26T21:07:53.616
X:\OdontoceteClicks\clicks\2020\05\MARS_20200514_150219.wav_clicks.jld2,2020-05-14T15:02:19.0,2020-05-14,2020-05-26T21:08:00.449
X:\OdontoceteClicks\clicks\2020\05\MARS_20200514_151219.wav_clicks.jld2,2020-05-14T15:12:19.0,2020-05-14,2020-05-26T21:08:14.647
X:\OdontoceteClicks\clicks\2020\05\MARS_20200514_152219.wav_clicks.jld2,2020-05-14T15:22:19.0,2020-05-14,2020-05-26T21:08:21.12
X:\OdontoceteClicks\clicks\2020\05\MARS_20200514_153219.wav_clicks.jld2,2020-05-14T15:32:19.0,2020-05-14,2020-05-26T21:08:34.022
X:\OdontoceteClicks\clicks\2020\05\MARS_20200514_154219.wav_clicks.jld2,2020-05-14T15:42:19.0,2020-05-14,2020-05-26T21:08:41.385
X:\OdontoceteClicks\clicks\2020\05\MARS_20200514_155219.wav_clicks.jld2,2020-05-14T15:52:19.0,2020-05-14,2020-05-26T21:08:53.903
X:\OdontoceteClicks\clicks\2020\05\MARS_20200514_160219.wav_clicks.jld2,2020-05-14T16:02:19.0,2020-05-14,2020-05-26T21:08:59.889
X:\OdontoceteClicks\clicks\2020\05\MARS_20200514_161219.wav_clicks.jld2,2020-05-14T16:12:19.0,2020-05-14,2020-05-26T21:09:14.701
X:\OdontoceteClicks\clicks\2020\05\MARS_20200514_162219.wav_clicks.jld2,2020-05-14T16:22:19.0,2020-05-14,2020-05-26T21:09:18.957
X:\OdontoceteClicks\clicks\2020\05\MARS_20200514_163219.wav_clicks.jld2,2020-05-14T16:32:19.0,2020-05-14,2020-05-26T21:09:33.594
X:\OdontoceteClicks\clicks\2020\05\MARS_20200514_164219.wav_clicks.jld2,2020-05-14T16:42:19.0,2020-05-14,2020-05-26T21:09:38.464
X:\OdontoceteClicks\clicks\2020\05\MARS_20200514_165219.wav_clicks.jld2,2020-05-14T16:52:19.0,2020-05-14,2020-05-26T21:09:57.012
X:\OdontoceteClicks\clicks\2020\05\MARS_20200514_170219.wav_clicks.jld2,2020-05-14T17:02:19.0,2020-05-14,2020-05-26T21:09:59.471
X:\OdontoceteClicks\clicks\2020\05\MARS_20200514_171219.wav_clicks.jld2,2020-05-14T17:12:19.0,2020-05-14,2020-05-26T21:10:18.386
X:\OdontoceteClicks\clicks\2020\05\MARS_20200514_172219.wav_clicks.jld2,2020-05-14T17:22:19.0,2020-05-14,2020-05-26T21:10:19.483
X:\OdontoceteClicks\clicks\2020\05\MARS_20200514_173219.wav_clicks.jld2,2020-05-14T17:32:19.0,2020-05-14,2020-05-26T21:10:39.419
X:\OdontoceteClicks\clicks\2020\05\MARS_20200514_174219.wav_clicks.jld2,2020-05-14T17:42:19.0,2020-05-14,2020-05-26T21:10:39.709
X:\OdontoceteClicks\clicks\2020\05\MARS_20200514_175219.wav_clicks.jld2,2020-05-14T17:52:19.0,2020-05-14,2020-05-26T21:10:59.643
X:\OdontoceteClicks\clicks\2020\05\MARS_20200514_180219.wav_clicks.jld2,2020-05-14T18:02:19.0,2020-05-14,2020-05-26T21:11:00.098
X:\OdontoceteClicks\clicks\2020\05\MARS_20200514_181219.wav_clicks.jld2,2020-05-14T18:12:19.0,2020-05-14,2020-05-26T21:11:21.044
X:\OdontoceteClicks\clicks\2020\05\MARS_20200514_182219.wav_clicks.jld2,2020-05-14T18:22:19.0,2020-05-14,2020-05-26T21:11:21.002
X:\OdontoceteClicks\clicks\2020\05\MARS_20200514_183219.wav_clicks.jld2,2020-05-14T18:32:19.0,2020-05-14,2020-05-26T21:11:42.327
X:\OdontoceteClicks\clicks\2020\05\MARS_20200514_184219.wav_clicks.jld2,2020-05-14T18:42:19.0,2020-05-14,2020-05-26T21:11:42.633
X:\OdontoceteClicks\clicks\2020\05\MARS_20200514_185219.wav_clicks.jld2,2020-05-14T18:52:19.0,2020-05-14,2020-05-26T21:12:03.992
X:\OdontoceteClicks\clicks\2020\05\MARS_20200514_190219.wav_clicks.jld2,2020-05-14T19:02:19.0,2020-05-14,2020-05-26T21:12:02.984
X:\OdontoceteClicks\clicks\2020\05\MARS_20200514_191219.wav_clicks.jld2,2020-05-14T19:12:19.0,2020-05-14,2020-05-26T21:12:22.947
X:\OdontoceteClicks\clicks\2020\05\MARS_20200514_192219.wav_clicks.jld2,2020-05-14T19:22:19.0,2020-05-14,2020-05-26T21:12:25.389
X:\OdontoceteClicks\clicks\2020\05\MARS_20200514_193219.wav_clicks.jld2,2020-05-14T19:32:19.0,2020-05-14,2020-05-26T21:12:44.098
X:\OdontoceteClicks\clicks\2020\05\MARS_20200514_194219.wav_clicks.jld2,2020-05-14T19:42:19.0,2020-05-14,2020-05-26T21:12:45.219
X:\OdontoceteClicks\clicks\2020\05\MARS_20200514_195219.wav_clicks.jld2,2020-05-14T19:52:19.0,2020-05-14,2020-05-26T21:13:04.921
X:\OdontoceteClicks\clicks\2020\05\MARS_20200514_200219.wav_clicks.jld2,2020-05-14T20:02:19.0,2020-05-14,2020-05-26T21:13:06.182
X:\OdontoceteClicks\clicks\2020\05\MARS_20200514_201219.wav_clicks.jld2,2020-05-14T20:12:19.0,2020-05-14,2020-05-26T21:13:25.788
X:\OdontoceteClicks\clicks\2020\05\MARS_20200514_202219.wav_clicks.jld2,2020-05-14T20:22:19.0,2020-05-14,2020-05-26T21:13:27.598
X:\OdontoceteClicks\clicks\2020\05\MARS_20200514_203219.wav_clicks.jld2,2020-05-14T20:32:19.0,2020-05-14,2020-05-26T21:13:46.304
X:\OdontoceteClicks\clicks\2020\05\MARS_20200514_204219.wav_clicks.jld2,2020-05-14T20:42:19.0,2020-05-14,2020-05-26T21:13:47.684
X:\OdontoceteClicks\clicks\2020\05\MARS_20200514_205219.wav_clicks.jld2,2020-05-14T20:52:19.0,2020-05-14,2020-05-26T21:14:06.438
X:\OdontoceteClicks\clicks\2020\05\MARS_20200514_210219.wav_clicks.jld2,2020-05-14T21:02:19.0,2020-05-14,2020-05-26T21:14:07.397
X:\OdontoceteClicks\clicks\2020\05\MARS_20200514_211219.wav_clicks.jld2,2020-05-14T21:12:19.0,2020-05-14,2020-05-26T21:14:28.271
X:\OdontoceteClicks\clicks\2020\05\MARS_20200514_212219.wav_clicks.jld2,2020-05-14T21:22:19.0,2020-05-14,2020-05-26T21:14:28.194
X:\OdontoceteClicks\clicks\2020\05\MARS_20200514_213219.wav_clicks.jld2,2020-05-14T21:32:19.0,2020-05-14,2020-05-26T21:14:49.867
X:\OdontoceteClicks\clicks\2020\05\MARS_20200514_214219.wav_clicks.jld2,2020-05-14T21:42:19.0,2020-05-14,2020-05-26T21:14:49.991
X:\OdontoceteClicks\clicks\2020\05\MARS_20200514_215219.wav_clicks.jld2,2020-05-14T21:52:19.0,2020-05-14,2020-05-26T21:15:11.792
X:\OdontoceteClicks\clicks\2020\05\MARS_20200514_220219.wav_clicks.jld2,2020-05-14T22:02:19.0,2020-05-14,2020-05-26T21:15:10.422
X:\OdontoceteClicks\clicks\2020\05\MARS_20200514_221219.wav_clicks.jld2,2020-05-14T22:12:19.0,2020-05-14,2020-05-26T21:15:30.622
X:\OdontoceteClicks\clicks\2020\05\MARS_20200514_222219.wav_clicks.jld2,2020-05-14T22:22:19.0,2020-05-14,2020-05-26T21:15:32.305
X:\OdontoceteClicks\clicks\2020\05\MARS_20200514_223219.wav_clicks.jld2,2020-05-14T22:32:19.0,2020-05-14,2020-05-26T21:15:50.574
X:\OdontoceteClicks\clicks\2020\05\MARS_20200514_224219.wav_clicks.jld2,2020-05-14T22:42:19.0,2020-05-14,2020-05-26T21:15:53.48
X:\OdontoceteClicks\clicks\2020\05\MARS_20200514_225219.wav_clicks.jld2,2020-05-14T22:52:19.0,2020-05-14,2020-05-26T21:16:10.828
X:\OdontoceteClicks\clicks\2020\05\MARS_20200514_230219.wav_clicks.jld2,2020-05-14T23:02:19.0,2020-05-14,2020-05-26T21:16:13.28
X:\OdontoceteClicks\clicks\2020\05\MARS_20200514_231219.wav_clicks.jld2,2020-05-14T23:12:19.0,2020-05-14,2020-05-26T21:16:32.009
X:\OdontoceteClicks\clicks\2020\05\MARS_20200514_232219.wav_clicks.jld2,2020-05-14T23:22:19.0,2020-05-14,2020-05-26T21:16:33.323
X:\OdontoceteClicks\clicks\2020\05\MARS_20200514_233219.wav_clicks.jld2,2020-05-14T23:32:19.0,2020-05-14,2020-05-26T21:16:52.102
X:\OdontoceteClicks\clicks\2020\05\MARS_20200514_234219.wav_clicks.jld2,2020-05-14T23:42:19.0,2020-05-14,2020-05-26T21:16:53.709
X:\OdontoceteClicks\clicks\2020\05\MARS_20200514_235219.wav_clicks.jld2,2020-05-14T23:52:19.0,2020-05-14,2020-05-26T21:17:13.124
X:\OdontoceteClicks\clicks\2020\05\MARS_20200515_000219.wav_clicks.jld2,2020-05-15T00:02:19.0,2020-05-15,2020-05-26T21:17:13.95
X:\OdontoceteClicks\clicks\2020\05\MARS_20200515_001219.wav_clicks.jld2,2020-05-15T00:12:19.0,2020-05-15,2020-05-26T21:17:33.322
X:\OdontoceteClicks\clicks\2020\05\MARS_20200515_002219.wav_clicks.jld2,2020-05-15T00:22:19.0,2020-05-15,2020-05-26T21:17:35.312
X:\OdontoceteClicks\clicks\2020\05\MARS_20200515_003219.wav_clicks.jld2,2020-05-15T00:32:19.0,2020-05-15,2020-05-26T21:17:53.788
X:\OdontoceteClicks\clicks\2020\05\MARS_20200515_004219.wav_clicks.jld2,2020-05-15T00:42:19.0,2020-05-15,2020-05-26T21:17:54.409
X:\OdontoceteClicks\clicks\2020\05\MARS_20200515_005219.wav_clicks.jld2,2020-05-15T00:52:19.0,2020-05-15,2020-05-26T21:18:15.177
X:\OdontoceteClicks\clicks\2020\05\MARS_20200515_010219.wav_clicks.jld2,2020-05-15T01:02:19.0,2020-05-15,2020-05-26T21:18:15.358
X:\OdontoceteClicks\clicks\2020\05\MARS_20200515_011219.wav_clicks.jld2,2020-05-15T01:12:19.0,2020-05-15,2020-05-26T21:18:36.235
X:\OdontoceteClicks\clicks\2020\05\MARS_20200515_012219.wav_clicks.jld2,2020-05-15T01:22:19.0,2020-05-15,2020-05-26T21:18:35.904
X:\OdontoceteClicks\clicks\2020\05\MARS_20200515_013219.wav_clicks.jld2,2020-05-15T01:32:19.0,2020-05-15,2020-05-26T21:18:55.255
X:\OdontoceteClicks\clicks\2020\05\MARS_20200515_014219.wav_clicks.jld2,2020-05-15T01:42:19.0,2020-05-15,2020-05-26T21:18:56.771
X:\OdontoceteClicks\clicks\2020\05\MARS_20200515_015219.wav_clicks.jld2,2020-05-15T01:52:19.0,2020-05-15,2020-05-26T21:19:15.564
X:\OdontoceteClicks\clicks\2020\05\MARS_20200515_020219.wav_clicks.jld2,2020-05-15T02:02:19.0,2020-05-15,2020-05-26T21:19:17.537
X:\OdontoceteClicks\clicks\2020\05\MARS_20200515_021219.wav_clicks.jld2,2020-05-15T02:12:19.0,2020-05-15,2020-05-26T21:19:37.43
X:\OdontoceteClicks\clicks\2020\05\MARS_20200515_022219.wav_clicks.jld2,2020-05-15T02:22:19.0,2020-05-15,2020-05-26T21:19:39.324
X:\OdontoceteClicks\clicks\2020\05\MARS_20200515_023219.wav_clicks.jld2,2020-05-15T02:32:19.0,2020-05-15,2020-05-26T21:19:58.438
X:\OdontoceteClicks\clicks\2020\05\MARS_20200515_024219.wav_clicks.jld2,2020-05-15T02:42:19.0,2020-05-15,2020-05-26T21:20:01.685
X:\OdontoceteClicks\clicks\2020\05\MARS_20200515_025219.wav_clicks.jld2,2020-05-15T02:52:19.0,2020-05-15,2020-05-26T21:20:18.969
X:\OdontoceteClicks\clicks\2020\05\MARS_20200515_030219.wav_clicks.jld2,2020-05-15T03:02:19.0,2020-05-15,2020-05-26T21:20:21.729
X:\OdontoceteClicks\clicks\2020\05\MARS_20200515_031219.wav_clicks.jld2,2020-05-15T03:12:19.0,2020-05-15,2020-05-26T21:20:39.828
X:\OdontoceteClicks\clicks\2020\05\MARS_20200515_032219.wav_clicks.jld2,2020-05-15T03:22:19.0,2020-05-15,2020-05-26T21:20:42.545
X:\OdontoceteClicks\clicks\2020\05\MARS_20200515_033219.wav_clicks.jld2,2020-05-15T03:32:19.0,2020-05-15,2020-05-26T21:20:59.695
X:\OdontoceteClicks\clicks\2020\05\MARS_20200515_034219.wav_clicks.jld2,2020-05-15T03:42:19.0,2020-05-15,2020-05-26T21:21:02.524
X:\OdontoceteClicks\clicks\2020\05\MARS_20200515_035219.wav_clicks.jld2,2020-05-15T03:52:19.0,2020-05-15,2020-05-26T21:21:19.221
X:\OdontoceteClicks\clicks\2020\05\MARS_20200515_040219.wav_clicks.jld2,2020-05-15T04:02:19.0,2020-05-15,2020-05-26T21:21:23.527
X:\OdontoceteClicks\clicks\2020\05\MARS_20200515_041219.wav_clicks.jld2,2020-05-15T04:12:19.0,2020-05-15,2020-05-26T21:21:39.512
X:\OdontoceteClicks\clicks\2020\05\MARS_20200515_042219.wav_clicks.jld2,2020-05-15T04:22:19.0,2020-05-15,2020-05-26T21:21:45.305
X:\OdontoceteClicks\clicks\2020\05\MARS_20200515_043219.wav_clicks.jld2,2020-05-15T04:32:19.0,2020-05-15,2020-05-26T21:21:59.872
X:\OdontoceteClicks\clicks\2020\05\MARS_20200515_044219.wav_clicks.jld2,2020-05-15T04:42:19.0,2020-05-15,2020-05-26T21:22:06.493
X:\OdontoceteClicks\clicks\2020\05\MARS_20200515_045219.wav_clicks.jld2,2020-05-15T04:52:19.0,2020-05-15,2020-05-26T21:22:19.999
X:\OdontoceteClicks\clicks\2020\05\MARS_20200515_050219.wav_clicks.jld2,2020-05-15T05:02:19.0,2020-05-15,2020-05-26T21:22:26.619
X:\OdontoceteClicks\clicks\2020\05\MARS_20200515_051219.wav_clicks.jld2,2020-05-15T05:12:19.0,2020-05-15,2020-05-26T21:22:39.448
X:\OdontoceteClicks\clicks\2020\05\MARS_20200515_052219.wav_clicks.jld2,2020-05-15T05:22:19.0,2020-05-15,2020-05-26T21:22:46.969
X:\OdontoceteClicks\clicks\2020\05\MARS_20200515_053219.wav_clicks.jld2,2020-05-15T05:32:19.0,2020-05-15,2020-05-26T21:22:59.422
X:\OdontoceteClicks\clicks\2020\05\MARS_20200515_054219.wav_clicks.jld2,2020-05-15T05:42:19.0,2020-05-15,2020-05-26T21:23:08.659
X:\OdontoceteClicks\clicks\2020\05\MARS_20200515_055219.wav_clicks.jld2,2020-05-15T05:52:19.0,2020-05-15,2020-05-26T21:23:19.268
X:\OdontoceteClicks\clicks\2020\05\MARS_20200515_060219.wav_clicks.jld2,2020-05-15T06:02:19.0,2020-05-15,2020-05-26T21:23:28.482
X:\OdontoceteClicks\clicks\2020\05\MARS_20200515_061219.wav_clicks.jld2,2020-05-15T06:12:19.0,2020-05-15,2020-05-26T21:23:39.613
X:\OdontoceteClicks\clicks\2020\05\MARS_20200515_062219.wav_clicks.jld2,2020-05-15T06:22:19.0,2020-05-15,2020-05-26T21:23:49.378
X:\OdontoceteClicks\clicks\2020\05\MARS_20200515_063219.wav_clicks.jld2,2020-05-15T06:32:19.0,2020-05-15,2020-05-26T21:23:59.757
X:\OdontoceteClicks\clicks\2020\05\MARS_20200515_064219.wav_clicks.jld2,2020-05-15T06:42:19.0,2020-05-15,2020-05-26T21:24:09.184
X:\OdontoceteClicks\clicks\2020\05\MARS_20200515_065219.wav_clicks.jld2,2020-05-15T06:52:19.0,2020-05-15,2020-05-26T21:24:19.386
X:\OdontoceteClicks\clicks\2020\05\MARS_20200515_070219.wav_clicks.jld2,2020-05-15T07:02:19.0,2020-05-15,2020-05-26T21:24:29.41
X:\OdontoceteClicks\clicks\2020\05\MARS_20200515_071219.wav_clicks.jld2,2020-05-15T07:12:19.0,2020-05-15,2020-05-26T21:24:39.605
X:\OdontoceteClicks\clicks\2020\05\MARS_20200515_072219.wav_clicks.jld2,2020-05-15T07:22:19.0,2020-05-15,2020-05-26T21:24:48.668
X:\OdontoceteClicks\clicks\2020\05\MARS_20200515_073219.wav_clicks.jld2,2020-05-15T07:32:19.0,2020-05-15,2020-05-26T21:24:59.753
X:\OdontoceteClicks\clicks\2020\05\MARS_20200515_074219.wav_clicks.jld2,2020-05-15T07:42:19.0,2020-05-15,2020-05-26T21:25:08.302
X:\OdontoceteClicks\clicks\2020\05\MARS_20200515_075219.wav_clicks.jld2,2020-05-15T07:52:19.0,2020-05-15,2020-05-26T21:25:20.127
X:\OdontoceteClicks\clicks\2020\05\MARS_20200515_080219.wav_clicks.jld2,2020-05-15T08:02:19.0,2020-05-15,2020-05-26T21:25:29.84
X:\OdontoceteClicks\clicks\2020\05\MARS_20200515_081219.wav_clicks.jld2,2020-05-15T08:12:19.0,2020-05-15,2020-05-26T21:25:41.555
X:\OdontoceteClicks\clicks\2020\05\MARS_20200515_082219.wav_clicks.jld2,2020-05-15T08:22:19.0,2020-05-15,2020-05-26T21:25:50.789
X:\OdontoceteClicks\clicks\2020\05\MARS_20200515_083219.wav_clicks.jld2,2020-05-15T08:32:19.0,2020-05-15,2020-05-26T21:26:03.215
X:\OdontoceteClicks\clicks\2020\05\MARS_20200515_084219.wav_clicks.jld2,2020-05-15T08:42:19.0,2020-05-15,2020-05-26T21:26:10.088
X:\OdontoceteClicks\clicks\2020\05\MARS_20200515_085219.wav_clicks.jld2,2020-05-15T08:52:19.0,2020-05-15,2020-05-26T21:26:24.599
X:\OdontoceteClicks\clicks\2020\05\MARS_20200515_090219.wav_clicks.jld2,2020-05-15T09:02:19.0,2020-05-15,2020-05-26T21:26:29.265
X:\OdontoceteClicks\clicks\2020\05\MARS_20200515_091219.wav_clicks.jld2,2020-05-15T09:12:19.0,2020-05-15,2020-05-26T21:26:46.782
X:\OdontoceteClicks\clicks\2020\05\MARS_20200515_092219.wav_clicks.jld2,2020-05-15T09:22:19.0,2020-05-15,2020-05-26T21:26:50.412
X:\OdontoceteClicks\clicks\2020\05\MARS_20200515_093219.wav_clicks.jld2,2020-05-15T09:32:19.0,2020-05-15,2020-05-26T21:27:06.086
X:\OdontoceteClicks\clicks\2020\05\MARS_20200515_094219.wav_clicks.jld2,2020-05-15T09:42:19.0,2020-05-15,2020-05-26T21:27:10.402
X:\OdontoceteClicks\clicks\2020\05\MARS_20200515_095219.wav_clicks.jld2,2020-05-15T09:52:19.0,2020-05-15,2020-05-26T21:27:28.165
X:\OdontoceteClicks\clicks\2020\05\MARS_20200515_100219.wav_clicks.jld2,2020-05-15T10:02:19.0,2020-05-15,2020-05-26T21:27:30.088
X:\OdontoceteClicks\clicks\2020\05\MARS_20200515_101219.wav_clicks.jld2,2020-05-15T10:12:19.0,2020-05-15,2020-05-26T21:27:47.489
X:\OdontoceteClicks\clicks\2020\05\MARS_20200515_102219.wav_clicks.jld2,2020-05-15T10:22:19.0,2020-05-15,2020-05-26T21:27:51.235
X:\OdontoceteClicks\clicks\2020\05\MARS_20200515_103219.wav_clicks.jld2,2020-05-15T10:32:19.0,2020-05-15,2020-05-26T21:28:07.618
X:\OdontoceteClicks\clicks\2020\05\MARS_20200515_104219.wav_clicks.jld2,2020-05-15T10:42:19.0,2020-05-15,2020-05-26T21:28:10.656
X:\OdontoceteClicks\clicks\2020\05\MARS_20200515_105219.wav_clicks.jld2,2020-05-15T10:52:19.0,2020-05-15,2020-05-26T21:28:27.511
X:\OdontoceteClicks\clicks\2020\05\MARS_20200515_110219.wav_clicks.jld2,2020-05-15T11:02:19.0,2020-05-15,2020-05-26T21:28:31.175
X:\OdontoceteClicks\clicks\2020\05\MARS_20200515_111219.wav_clicks.jld2,2020-05-15T11:12:19.0,2020-05-15,2020-05-26T21:28:47.886
X:\OdontoceteClicks\clicks\2020\05\MARS_20200515_112219.wav_clicks.jld2,2020-05-15T11:22:19.0,2020-05-15,2020-05-26T21:28:50.811
X:\OdontoceteClicks\clicks\2020\05\MARS_20200515_113219.wav_clicks.jld2,2020-05-15T11:32:19.0,2020-05-15,2020-05-26T21:29:07.498
X:\OdontoceteClicks\clicks\2020\05\MARS_20200515_114219.wav_clicks.jld2,2020-05-15T11:42:19.0,2020-05-15,2020-05-26T21:29:11.672
X:\OdontoceteClicks\clicks\2020\05\MARS_20200515_115219.wav_clicks.jld2,2020-05-15T11:52:19.0,2020-05-15,2020-05-26T21:29:26.49
X:\OdontoceteClicks\clicks\2020\05\MARS_20200515_120219.wav_clicks.jld2,2020-05-15T12:02:19.0,2020-05-15,2020-05-26T21:29:31.844
X:\OdontoceteClicks\clicks\2020\05\MARS_20200515_121219.wav_clicks.jld2,2020-05-15T12:12:19.0,2020-05-15,2020-05-26T21:29:46.07
X:\OdontoceteClicks\clicks\2020\05\MARS_20200515_122219.wav_clicks.jld2,2020-05-15T12:22:19.0,2020-05-15,2020-05-26T21:29:51.253
X:\OdontoceteClicks\clicks\2020\05\MARS_20200515_123219.wav_clicks.jld2,2020-05-15T12:32:19.0,2020-05-15,2020-05-26T21:30:05.893
X:\OdontoceteClicks\clicks\2020\05\MARS_20200515_124219.wav_clicks.jld2,2020-05-15T12:42:19.0,2020-05-15,2020-05-26T21:30:10.812
X:\OdontoceteClicks\clicks\2020\05\MARS_20200515_125219.wav_clicks.jld2,2020-05-15T12:52:19.0,2020-05-15,2020-05-26T21:30:26.029
X:\OdontoceteClicks\clicks\2020\05\MARS_20200515_130219.wav_clicks.jld2,2020-05-15T13:02:19.0,2020-05-15,2020-05-26T21:30:28.924
X:\OdontoceteClicks\clicks\2020\05\MARS_20200515_131219.wav_clicks.jld2,2020-05-15T13:12:19.0,2020-05-15,2020-05-26T21:30:44.914
X:\OdontoceteClicks\clicks\2020\05\MARS_20200515_132219.wav_clicks.jld2,2020-05-15T13:22:19.0,2020-05-15,2020-05-26T21:30:47.784
X:\OdontoceteClicks\clicks\2020\05\MARS_20200515_133219.wav_clicks.jld2,2020-05-15T13:32:19.0,2020-05-15,2020-05-26T21:31:04.38
X:\OdontoceteClicks\clicks\2020\05\MARS_20200515_134219.wav_clicks.jld2,2020-05-15T13:42:19.0,2020-05-15,2020-05-26T21:31:07.139
X:\OdontoceteClicks\clicks\2020\05\MARS_20200515_135219.wav_clicks.jld2,2020-05-15T13:52:19.0,2020-05-15,2020-05-26T21:31:23.529
X:\OdontoceteClicks\clicks\2020\05\MARS_20200515_140219.wav_clicks.jld2,2020-05-15T14:02:19.0,2020-05-15,2020-05-26T21:31:27.491
X:\OdontoceteClicks\clicks\2020\05\MARS_20200515_141219.wav_clicks.jld2,2020-05-15T14:12:19.0,2020-05-15,2020-05-26T21:31:42.422
X:\OdontoceteClicks\clicks\2020\05\MARS_20200515_142219.wav_clicks.jld2,2020-05-15T14:22:19.0,2020-05-15,2020-05-26T21:31:47.276
X:\OdontoceteClicks\clicks\2020\05\MARS_20200515_143219.wav_clicks.jld2,2020-05-15T14:32:19.0,2020-05-15,2020-05-26T21:32:02.256
X:\OdontoceteClicks\clicks\2020\05\MARS_20200515_144219.wav_clicks.jld2,2020-05-15T14:42:19.0,2020-05-15,2020-05-26T21:32:06.221
X:\OdontoceteClicks\clicks\2020\05\MARS_20200515_145219.wav_clicks.jld2,2020-05-15T14:52:19.0,2020-05-15,2020-05-26T21:32:24.042
X:\OdontoceteClicks\clicks\2020\05\MARS_20200515_150219.wav_clicks.jld2,2020-05-15T15:02:19.0,2020-05-15,2020-05-26T21:32:26.668
X:\OdontoceteClicks\clicks\2020\05\MARS_20200515_151219.wav_clicks.jld2,2020-05-15T15:12:19.0,2020-05-15,2020-05-26T21:32:42.934
X:\OdontoceteClicks\clicks\2020\05\MARS_20200515_152219.wav_clicks.jld2,2020-05-15T15:22:19.0,2020-05-15,2020-05-26T21:32:46.23
X:\OdontoceteClicks\clicks\2020\05\MARS_20200515_153219.wav_clicks.jld2,2020-05-15T15:32:19.0,2020-05-15,2020-05-26T21:33:02.439
X:\OdontoceteClicks\clicks\2020\05\MARS_20200515_154219.wav_clicks.jld2,2020-05-15T15:42:19.0,2020-05-15,2020-05-26T21:33:06.389
X:\OdontoceteClicks\clicks\2020\05\MARS_20200515_155219.wav_clicks.jld2,2020-05-15T15:52:19.0,2020-05-15,2020-05-26T21:33:22.832
X:\OdontoceteClicks\clicks\2020\05\MARS_20200515_160219.wav_clicks.jld2,2020-05-15T16:02:19.0,2020-05-15,2020-05-26T21:33:25.524
X:\OdontoceteClicks\clicks\2020\05\MARS_20200515_161219.wav_clicks.jld2,2020-05-15T16:12:19.0,2020-05-15,2020-05-26T21:33:42.16
X:\OdontoceteClicks\clicks\2020\05\MARS_20200515_162219.wav_clicks.jld2,2020-05-15T16:22:19.0,2020-05-15,2020-05-26T21:33:45.33
X:\OdontoceteClicks\clicks\2020\05\MARS_20200515_163219.wav_clicks.jld2,2020-05-15T16:32:19.0,2020-05-15,2020-05-26T21:34:02.019
X:\OdontoceteClicks\clicks\2020\05\MARS_20200515_164219.wav_clicks.jld2,2020-05-15T16:42:19.0,2020-05-15,2020-05-26T21:34:06.626
X:\OdontoceteClicks\clicks\2020\05\MARS_20200515_165219.wav_clicks.jld2,2020-05-15T16:52:19.0,2020-05-15,2020-05-26T21:34:21.34
X:\OdontoceteClicks\clicks\2020\05\MARS_20200515_170219.wav_clicks.jld2,2020-05-15T17:02:19.0,2020-05-15,2020-05-26T21:34:28.074
X:\OdontoceteClicks\clicks\2020\05\MARS_20200515_171219.wav_clicks.jld2,2020-05-15T17:12:19.0,2020-05-15,2020-05-26T21:34:40.76
X:\OdontoceteClicks\clicks\2020\05\MARS_20200515_172219.wav_clicks.jld2,2020-05-15T17:22:19.0,2020-05-15,2020-05-26T21:34:47.876
X:\OdontoceteClicks\clicks\2020\05\MARS_20200515_173219.wav_clicks.jld2,2020-05-15T17:32:19.0,2020-05-15,2020-05-26T21:35:01.56
X:\OdontoceteClicks\clicks\2020\05\MARS_20200515_174219.wav_clicks.jld2,2020-05-15T17:42:19.0,2020-05-15,2020-05-26T21:35:07.265
X:\OdontoceteClicks\clicks\2020\05\MARS_20200515_175219.wav_clicks.jld2,2020-05-15T17:52:19.0,2020-05-15,2020-05-26T21:35:21.693
X:\OdontoceteClicks\clicks\2020\05\MARS_20200515_180219.wav_clicks.jld2,2020-05-15T18:02:19.0,2020-05-15,2020-05-26T21:35:25.914
X:\OdontoceteClicks\clicks\2020\05\MARS_20200515_181219.wav_clicks.jld2,2020-05-15T18:12:19.0,2020-05-15,2020-05-26T21:35:41.019
X:\OdontoceteClicks\clicks\2020\05\MARS_20200515_182219.wav_clicks.jld2,2020-05-15T18:22:19.0,2020-05-15,2020-05-26T21:35:44.764
X:\OdontoceteClicks\clicks\2020\05\MARS_20200515_183219.wav_clicks.jld2,2020-05-15T18:32:19.0,2020-05-15,2020-05-26T21:36:01.105
X:\OdontoceteClicks\clicks\2020\05\MARS_20200515_184219.wav_clicks.jld2,2020-05-15T18:42:19.0,2020-05-15,2020-05-26T21:36:04.712
X:\OdontoceteClicks\clicks\2020\05\MARS_20200515_185219.wav_clicks.jld2,2020-05-15T18:52:19.0,2020-05-15,2020-05-26T21:36:19.914
X:\OdontoceteClicks\clicks\2020\05\MARS_20200515_190219.wav_clicks.jld2,2020-05-15T19:02:19.0,2020-05-15,2020-05-26T21:36:23.016
X:\OdontoceteClicks\clicks\2020\05\MARS_20200515_191219.wav_clicks.jld2,2020-05-15T19:12:19.0,2020-05-15,2020-05-26T21:36:39.872
X:\OdontoceteClicks\clicks\2020\05\MARS_20200515_192219.wav_clicks.jld2,2020-05-15T19:22:19.0,2020-05-15,2020-05-26T21:36:43.234
X:\OdontoceteClicks\clicks\2020\05\MARS_20200515_193219.wav_clicks.jld2,2020-05-15T19:32:19.0,2020-05-15,2020-05-26T21:36:58.694
X:\OdontoceteClicks\clicks\2020\05\MARS_20200515_194219.wav_clicks.jld2,2020-05-15T19:42:19.0,2020-05-15,2020-05-26T21:37:03.385
X:\OdontoceteClicks\clicks\2020\05\MARS_20200515_195219.wav_clicks.jld2,2020-05-15T19:52:19.0,2020-05-15,2020-05-26T21:37:19.091
X:\OdontoceteClicks\clicks\2020\05\MARS_20200515_200219.wav_clicks.jld2,2020-05-15T20:02:19.0,2020-05-15,2020-05-26T21:37:23.627
X:\OdontoceteClicks\clicks\2020\05\MARS_20200515_201219.wav_clicks.jld2,2020-05-15T20:12:19.0,2020-05-15,2020-05-26T21:37:38.929
X:\OdontoceteClicks\clicks\2020\05\MARS_20200515_202219.wav_clicks.jld2,2020-05-15T20:22:19.0,2020-05-15,2020-05-26T21:37:44.601
X:\OdontoceteClicks\clicks\2020\05\MARS_20200515_203219.wav_clicks.jld2,2020-05-15T20:32:19.0,2020-05-15,2020-05-26T21:37:58.622
X:\OdontoceteClicks\clicks\2020\05\MARS_20200515_204219.wav_clicks.jld2,2020-05-15T20:42:19.0,2020-05-15,2020-05-26T21:38:03.471
X:\OdontoceteClicks\clicks\2020\05\MARS_20200515_205219.wav_clicks.jld2,2020-05-15T20:52:19.0,2020-05-15,2020-05-26T21:38:18.987
X:\OdontoceteClicks\clicks\2020\05\MARS_20200515_210219.wav_clicks.jld2,2020-05-15T21:02:19.0,2020-05-15,2020-05-26T21:38:24.044
X:\OdontoceteClicks\clicks\2020\05\MARS_20200515_211219.wav_clicks.jld2,2020-05-15T21:12:19.0,2020-05-15,2020-05-26T21:38:38.595
X:\OdontoceteClicks\clicks\2020\05\MARS_20200515_212219.wav_clicks.jld2,2020-05-15T21:22:19.0,2020-05-15,2020-05-26T21:38:44.566
X:\OdontoceteClicks\clicks\2020\05\MARS_20200515_213219.wav_clicks.jld2,2020-05-15T21:32:19.0,2020-05-15,2020-05-26T21:38:58.682
X:\OdontoceteClicks\clicks\2020\05\MARS_20200515_214219.wav_clicks.jld2,2020-05-15T21:42:19.0,2020-05-15,2020-05-26T21:39:04.922
X:\OdontoceteClicks\clicks\2020\05\MARS_20200515_215219.wav_clicks.jld2,2020-05-15T21:52:19.0,2020-05-15,2020-05-26T21:39:18.377
X:\OdontoceteClicks\clicks\2020\05\MARS_20200515_220219.wav_clicks.jld2,2020-05-15T22:02:19.0,2020-05-15,2020-05-26T21:39:25.573
X:\OdontoceteClicks\clicks\2020\05\MARS_20200515_221219.wav_clicks.jld2,2020-05-15T22:12:19.0,2020-05-15,2020-05-26T21:39:38.661
X:\OdontoceteClicks\clicks\2020\05\MARS_20200515_222219.wav_clicks.jld2,2020-05-15T22:22:19.0,2020-05-15,2020-05-26T21:39:46.677
X:\OdontoceteClicks\clicks\2020\05\MARS_20200515_223219.wav_clicks.jld2,2020-05-15T22:32:19.0,2020-05-15,2020-05-26T21:39:59.656
X:\OdontoceteClicks\clicks\2020\05\MARS_20200515_224219.wav_clicks.jld2,2020-05-15T22:42:19.0,2020-05-15,2020-05-26T21:40:05.617
X:\OdontoceteClicks\clicks\2020\05\MARS_20200515_225219.wav_clicks.jld2,2020-05-15T22:52:19.0,2020-05-15,2020-05-26T21:40:19.897
X:\OdontoceteClicks\clicks\2020\05\MARS_20200515_230219.wav_clicks.jld2,2020-05-15T23:02:19.0,2020-05-15,2020-05-26T21:40:25.385
X:\OdontoceteClicks\clicks\2020\05\MARS_20200515_231219.wav_clicks.jld2,2020-05-15T23:12:19.0,2020-05-15,2020-05-26T21:40:40.164
X:\OdontoceteClicks\clicks\2020\05\MARS_20200515_232219.wav_clicks.jld2,2020-05-15T23:22:19.0,2020-05-15,2020-05-26T21:40:46.542
X:\OdontoceteClicks\clicks\2020\05\MARS_20200515_233219.wav_clicks.jld2,2020-05-15T23:32:19.0,2020-05-15,2020-05-26T21:40:59.776
X:\OdontoceteClicks\clicks\2020\05\MARS_20200515_234219.wav_clicks.jld2,2020-05-15T23:42:19.0,2020-05-15,2020-05-26T21:41:06.036
X:\OdontoceteClicks\clicks\2020\05\MARS_20200515_235219.wav_clicks.jld2,2020-05-15T23:52:19.0,2020-05-15,2020-05-26T21:41:19.803
X:\OdontoceteClicks\clicks\2020\05\MARS_20200516_000219.wav_clicks.jld2,2020-05-16T00:02:19.0,2020-05-16,2020-05-26T21:41:26.09
X:\OdontoceteClicks\clicks\2020\05\MARS_20200516_001219.wav_clicks.jld2,2020-05-16T00:12:19.0,2020-05-16,2020-05-26T21:41:39.426
X:\OdontoceteClicks\clicks\2020\05\MARS_20200516_002219.wav_clicks.jld2,2020-05-16T00:22:19.0,2020-05-16,2020-05-26T21:41:46.095
X:\OdontoceteClicks\clicks\2020\05\MARS_20200516_003219.wav_clicks.jld2,2020-05-16T00:32:19.0,2020-05-16,2020-05-26T21:41:58.867
X:\OdontoceteClicks\clicks\2020\05\MARS_20200516_004219.wav_clicks.jld2,2020-05-16T00:42:19.0,2020-05-16,2020-05-26T21:42:05.343
X:\OdontoceteClicks\clicks\2020\05\MARS_20200516_005219.wav_clicks.jld2,2020-05-16T00:52:19.0,2020-05-16,2020-05-26T21:42:19.788
X:\OdontoceteClicks\clicks\2020\05\MARS_20200516_010219.wav_clicks.jld2,2020-05-16T01:02:19.0,2020-05-16,2020-05-26T21:42:25.198
X:\OdontoceteClicks\clicks\2020\05\MARS_20200516_011219.wav_clicks.jld2,2020-05-16T01:12:19.0,2020-05-16,2020-05-26T21:42:40.006
X:\OdontoceteClicks\clicks\2020\05\MARS_20200516_012219.wav_clicks.jld2,2020-05-16T01:22:19.0,2020-05-16,2020-05-26T21:42:44.313
X:\OdontoceteClicks\clicks\2020\05\MARS_20200516_013219.wav_clicks.jld2,2020-05-16T01:32:19.0,2020-05-16,2020-05-26T21:42:59.239
X:\OdontoceteClicks\clicks\2020\05\MARS_20200516_014219.wav_clicks.jld2,2020-05-16T01:42:19.0,2020-05-16,2020-05-26T21:43:04.162
X:\OdontoceteClicks\clicks\2020\05\MARS_20200516_015219.wav_clicks.jld2,2020-05-16T01:52:19.0,2020-05-16,2020-05-26T21:43:19.624
X:\OdontoceteClicks\clicks\2020\05\MARS_20200516_020219.wav_clicks.jld2,2020-05-16T02:02:19.0,2020-05-16,2020-05-26T21:43:23.168
X:\OdontoceteClicks\clicks\2020\05\MARS_20200516_021219.wav_clicks.jld2,2020-05-16T02:12:19.0,2020-05-16,2020-05-26T21:43:39.025
X:\OdontoceteClicks\clicks\2020\05\MARS_20200516_022219.wav_clicks.jld2,2020-05-16T02:22:19.0,2020-05-16,2020-05-26T21:43:42.406
X:\OdontoceteClicks\clicks\2020\05\MARS_20200516_023219.wav_clicks.jld2,2020-05-16T02:32:19.0,2020-05-16,2020-05-26T21:43:59.232
X:\OdontoceteClicks\clicks\2020\05\MARS_20200516_024219.wav_clicks.jld2,2020-05-16T02:42:19.0,2020-05-16,2020-05-26T21:44:02.252
X:\OdontoceteClicks\clicks\2020\05\MARS_20200516_025219.wav_clicks.jld2,2020-05-16T02:52:19.0,2020-05-16,2020-05-26T21:44:20.326
X:\OdontoceteClicks\clicks\2020\05\MARS_20200516_030219.wav_clicks.jld2,2020-05-16T03:02:19.0,2020-05-16,2020-05-26T21:44:23.089
X:\OdontoceteClicks\clicks\2020\05\MARS_20200516_031219.wav_clicks.jld2,2020-05-16T03:12:19.0,2020-05-16,2020-05-26T21:44:40.824
X:\OdontoceteClicks\clicks\2020\05\MARS_20200516_032219.wav_clicks.jld2,2020-05-16T03:22:19.0,2020-05-16,2020-05-26T21:44:44.016
X:\OdontoceteClicks\clicks\2020\05\MARS_20200516_033219.wav_clicks.jld2,2020-05-16T03:32:19.0,2020-05-16,2020-05-26T21:45:02.562
X:\OdontoceteClicks\clicks\2020\05\MARS_20200516_034219.wav_clicks.jld2,2020-05-16T03:42:19.0,2020-05-16,2020-05-26T21:45:05.279
X:\OdontoceteClicks\clicks\2020\05\MARS_20200516_035219.wav_clicks.jld2,2020-05-16T03:52:19.0,2020-05-16,2020-05-26T21:45:23.689
X:\OdontoceteClicks\clicks\2020\05\MARS_20200516_040219.wav_clicks.jld2,2020-05-16T04:02:19.0,2020-05-16,2020-05-26T21:45:27.03
X:\OdontoceteClicks\clicks\2020\05\MARS_20200516_041219.wav_clicks.jld2,2020-05-16T04:12:19.0,2020-05-16,2020-05-26T21:45:44.306
X:\OdontoceteClicks\clicks\2020\05\MARS_20200516_042219.wav_clicks.jld2,2020-05-16T04:22:19.0,2020-05-16,2020-05-26T21:45:50.686
X:\OdontoceteClicks\clicks\2020\05\MARS_20200516_043219.wav_clicks.jld2,2020-05-16T04:32:19.0,2020-05-16,2020-05-26T21:46:03.068
X:\OdontoceteClicks\clicks\2020\05\MARS_20200516_044219.wav_clicks.jld2,2020-05-16T04:42:19.0,2020-05-16,2020-05-26T21:46:12.095
X:\OdontoceteClicks\clicks\2020\05\MARS_20200516_045219.wav_clicks.jld2,2020-05-16T04:52:19.0,2020-05-16,2020-05-26T21:46:23.791
X:\OdontoceteClicks\clicks\2020\05\MARS_20200516_050219.wav_clicks.jld2,2020-05-16T05:02:19.0,2020-05-16,2020-05-26T21:46:33.156
X:\OdontoceteClicks\clicks\2020\05\MARS_20200516_051219.wav_clicks.jld2,2020-05-16T05:12:19.0,2020-05-16,2020-05-26T21:46:43.634
X:\OdontoceteClicks\clicks\2020\05\MARS_20200516_052219.wav_clicks.jld2,2020-05-16T05:22:19.0,2020-05-16,2020-05-26T21:46:53.67
X:\OdontoceteClicks\clicks\2020\05\MARS_20200516_053219.wav_clicks.jld2,2020-05-16T05:32:19.0,2020-05-16,2020-05-26T21:47:03.685
X:\OdontoceteClicks\clicks\2020\05\MARS_20200516_054219.wav_clicks.jld2,2020-05-16T05:42:19.0,2020-05-16,2020-05-26T21:47:15.008
X:\OdontoceteClicks\clicks\2020\05\MARS_20200516_055219.wav_clicks.jld2,2020-05-16T05:52:19.0,2020-05-16,2020-05-26T21:47:23.49
X:\OdontoceteClicks\clicks\2020\05\MARS_20200516_060219.wav_clicks.jld2,2020-05-16T06:02:19.0,2020-05-16,2020-05-26T21:47:35.66
X:\OdontoceteClicks\clicks\2020\05\MARS_20200516_061219.wav_clicks.jld2,2020-05-16T06:12:19.0,2020-05-16,2020-05-26T21:47:44.384
X:\OdontoceteClicks\clicks\2020\05\MARS_20200516_062219.wav_clicks.jld2,2020-05-16T06:22:19.0,2020-05-16,2020-05-26T21:47:56.151
X:\OdontoceteClicks\clicks\2020\05\MARS_20200516_063219.wav_clicks.jld2,2020-05-16T06:32:19.0,2020-05-16,2020-05-26T21:48:04.904
X:\OdontoceteClicks\clicks\2020\05\MARS_20200516_064219.wav_clicks.jld2,2020-05-16T06:42:19.0,2020-05-16,2020-05-26T21:48:16.555
X:\OdontoceteClicks\clicks\2020\05\MARS_20200516_065219.wav_clicks.jld2,2020-05-16T06:52:19.0,2020-05-16,2020-05-26T21:48:24.875
X:\OdontoceteClicks\clicks\2020\05\MARS_20200516_070219.wav_clicks.jld2,2020-05-16T07:02:19.0,2020-05-16,2020-05-26T21:48:37.587
X:\OdontoceteClicks\clicks\2020\05\MARS_20200516_071219.wav_clicks.jld2,2020-05-16T07:12:19.0,2020-05-16,2020-05-26T21:48:45.574
X:\OdontoceteClicks\clicks\2020\05\MARS_20200516_072219.wav_clicks.jld2,2020-05-16T07:22:19.0,2020-05-16,2020-05-26T21:48:58.917
X:\OdontoceteClicks\clicks\2020\05\MARS_20200516_073219.wav_clicks.jld2,2020-05-16T07:32:19.0,2020-05-16,2020-05-26T21:49:07.765
X:\OdontoceteClicks\clicks\2020\05\MARS_20200516_074219.wav_clicks.jld2,2020-05-16T07:42:19.0,2020-05-16,2020-05-26T21:49:18.369
X:\OdontoceteClicks\clicks\2020\05\MARS_20200516_075219.wav_clicks.jld2,2020-05-16T07:52:19.0,2020-05-16,2020-05-26T21:49:28.528
X:\OdontoceteClicks\clicks\2020\05\MARS_20200516_080219.wav_clicks.jld2,2020-05-16T08:02:19.0,2020-05-16,2020-05-26T21:49:38.305
X:\OdontoceteClicks\clicks\2020\05\MARS_20200516_081219.wav_clicks.jld2,2020-05-16T08:12:19.0,2020-05-16,2020-05-26T21:49:49.552
X:\OdontoceteClicks\clicks\2020\05\MARS_20200516_082219.wav_clicks.jld2,2020-05-16T08:22:19.0,2020-05-16,2020-05-26T21:49:59.11
X:\OdontoceteClicks\clicks\2020\05\MARS_20200516_083219.wav_clicks.jld2,2020-05-16T08:32:19.0,2020-05-16,2020-05-26T21:50:10.543
X:\OdontoceteClicks\clicks\2020\05\MARS_20200516_084219.wav_clicks.jld2,2020-05-16T08:42:19.0,2020-05-16,2020-05-26T21:50:20.76
X:\OdontoceteClicks\clicks\2020\05\MARS_20200516_085219.wav_clicks.jld2,2020-05-16T08:52:19.0,2020-05-16,2020-05-26T21:50:29.965
X:\OdontoceteClicks\clicks\2020\05\MARS_20200516_090219.wav_clicks.jld2,2020-05-16T09:02:19.0,2020-05-16,2020-05-26T21:50:39.87
X:\OdontoceteClicks\clicks\2020\05\MARS_20200516_091219.wav_clicks.jld2,2020-05-16T09:12:19.0,2020-05-16,2020-05-26T21:50:50.277
X:\OdontoceteClicks\clicks\2020\05\MARS_20200516_092219.wav_clicks.jld2,2020-05-16T09:22:19.0,2020-05-16,2020-05-26T21:51:00.524
X:\OdontoceteClicks\clicks\2020\05\MARS_20200516_093219.wav_clicks.jld2,2020-05-16T09:32:19.0,2020-05-16,2020-05-26T21:51:11.115
X:\OdontoceteClicks\clicks\2020\05\MARS_20200516_094219.wav_clicks.jld2,2020-05-16T09:42:19.0,2020-05-16,2020-05-26T21:51:20.445
X:\OdontoceteClicks\clicks\2020\05\MARS_20200516_095219.wav_clicks.jld2,2020-05-16T09:52:19.0,2020-05-16,2020-05-26T21:51:31.581
X:\OdontoceteClicks\clicks\2020\05\MARS_20200516_100219.wav_clicks.jld2,2020-05-16T10:02:19.0,2020-05-16,2020-05-26T21:51:40.525
X:\OdontoceteClicks\clicks\2020\05\MARS_20200516_101219.wav_clicks.jld2,2020-05-16T10:12:19.0,2020-05-16,2020-05-26T21:51:51.639
X:\OdontoceteClicks\clicks\2020\05\MARS_20200516_102219.wav_clicks.jld2,2020-05-16T10:22:19.0,2020-05-16,2020-05-26T21:52:00.657
X:\OdontoceteClicks\clicks\2020\05\MARS_20200516_103219.wav_clicks.jld2,2020-05-16T10:32:19.0,2020-05-16,2020-05-26T21:52:11.357
X:\OdontoceteClicks\clicks\2020\05\MARS_20200516_104219.wav_clicks.jld2,2020-05-16T10:42:19.0,2020-05-16,2020-05-26T21:52:20.928
X:\OdontoceteClicks\clicks\2020\05\MARS_20200516_105219.wav_clicks.jld2,2020-05-16T10:52:19.0,2020-05-16,2020-05-26T21:52:31.13
X:\OdontoceteClicks\clicks\2020\05\MARS_20200516_110219.wav_clicks.jld2,2020-05-16T11:02:19.0,2020-05-16,2020-05-26T21:52:41.006
X:\OdontoceteClicks\clicks\2020\05\MARS_20200516_111219.wav_clicks.jld2,2020-05-16T11:12:19.0,2020-05-16,2020-05-26T21:52:50.959
X:\OdontoceteClicks\clicks\2020\05\MARS_20200516_112219.wav_clicks.jld2,2020-05-16T11:22:19.0,2020-05-16,2020-05-26T21:53:01.444
X:\OdontoceteClicks\clicks\2020\05\MARS_20200516_113219.wav_clicks.jld2,2020-05-16T11:32:19.0,2020-05-16,2020-05-26T21:53:10.606
X:\OdontoceteClicks\clicks\2020\05\MARS_20200516_114219.wav_clicks.jld2,2020-05-16T11:42:19.0,2020-05-16,2020-05-26T21:53:21.791
X:\OdontoceteClicks\clicks\2020\05\MARS_20200516_115219.wav_clicks.jld2,2020-05-16T11:52:19.0,2020-05-16,2020-05-26T21:53:31.339
X:\OdontoceteClicks\clicks\2020\05\MARS_20200516_120219.wav_clicks.jld2,2020-05-16T12:02:19.0,2020-05-16,2020-05-26T21:53:41.967
X:\OdontoceteClicks\clicks\2020\05\MARS_20200516_121219.wav_clicks.jld2,2020-05-16T12:12:19.0,2020-05-16,2020-05-26T21:53:51.903
X:\OdontoceteClicks\clicks\2020\05\MARS_20200516_122219.wav_clicks.jld2,2020-05-16T12:22:19.0,2020-05-16,2020-05-26T21:54:01.462
X:\OdontoceteClicks\clicks\2020\05\MARS_20200516_123219.wav_clicks.jld2,2020-05-16T12:32:19.0,2020-05-16,2020-05-26T21:54:12.213
X:\OdontoceteClicks\clicks\2020\05\MARS_20200516_124219.wav_clicks.jld2,2020-05-16T12:42:19.0,2020-05-16,2020-05-26T21:54:22.821
X:\OdontoceteClicks\clicks\2020\05\MARS_20200516_125219.wav_clicks.jld2,2020-05-16T12:52:19.0,2020-05-16,2020-05-26T21:54:33.267
X:\OdontoceteClicks\clicks\2020\05\MARS_20200516_130219.wav_clicks.jld2,2020-05-16T13:02:19.0,2020-05-16,2020-05-26T21:54:43.252
X:\OdontoceteClicks\clicks\2020\05\MARS_20200516_131219.wav_clicks.jld2,2020-05-16T13:12:19.0,2020-05-16,2020-05-26T21:54:53.815
X:\OdontoceteClicks\clicks\2020\05\MARS_20200516_132219.wav_clicks.jld2,2020-05-16T13:22:19.0,2020-05-16,2020-05-26T21:55:03.295
X:\OdontoceteClicks\clicks\2020\05\MARS_20200516_133219.wav_clicks.jld2,2020-05-16T13:32:19.0,2020-05-16,2020-05-26T21:55:13.911
X:\OdontoceteClicks\clicks\2020\05\MARS_20200516_134219.wav_clicks.jld2,2020-05-16T13:42:19.0,2020-05-16,2020-05-26T21:55:24.6
X:\OdontoceteClicks\clicks\2020\05\MARS_20200516_135219.wav_clicks.jld2,2020-05-16T13:52:19.0,2020-05-16,2020-05-26T21:55:34.684
X:\OdontoceteClicks\clicks\2020\05\MARS_20200516_140219.wav_clicks.jld2,2020-05-16T14:02:19.0,2020-05-16,2020-05-26T21:55:44.692
X:\OdontoceteClicks\clicks\2020\05\MARS_20200516_141219.wav_clicks.jld2,2020-05-16T14:12:19.0,2020-05-16,2020-05-26T21:55:55.758
X:\OdontoceteClicks\clicks\2020\05\MARS_20200516_142219.wav_clicks.jld2,2020-05-16T14:22:19.0,2020-05-16,2020-05-26T21:56:05.516
X:\OdontoceteClicks\clicks\2020\05\MARS_20200516_143219.wav_clicks.jld2,2020-05-16T14:32:19.0,2020-05-16,2020-05-26T21:56:16.157
X:\OdontoceteClicks\clicks\2020\05\MARS_20200516_144219.wav_clicks.jld2,2020-05-16T14:42:19.0,2020-05-16,2020-05-26T21:56:25.862
X:\OdontoceteClicks\clicks\2020\05\MARS_20200516_145219.wav_clicks.jld2,2020-05-16T14:52:19.0,2020-05-16,2020-05-26T21:56:37.42
X:\OdontoceteClicks\clicks\2020\05\MARS_20200516_150219.wav_clicks.jld2,2020-05-16T15:02:19.0,2020-05-16,2020-05-26T21:56:46.741
X:\OdontoceteClicks\clicks\2020\05\MARS_20200516_151219.wav_clicks.jld2,2020-05-16T15:12:19.0,2020-05-16,2020-05-26T21:56:58.174
X:\OdontoceteClicks\clicks\2020\05\MARS_20200516_152219.wav_clicks.jld2,2020-05-16T15:22:19.0,2020-05-16,2020-05-26T21:57:07.114
X:\OdontoceteClicks\clicks\2020\05\MARS_20200516_153219.wav_clicks.jld2,2020-05-16T15:32:19.0,2020-05-16,2020-05-26T21:57:18.878
X:\OdontoceteClicks\clicks\2020\05\MARS_20200516_154219.wav_clicks.jld2,2020-05-16T15:42:19.0,2020-05-16,2020-05-26T21:57:27.256
X:\OdontoceteClicks\clicks\2020\05\MARS_20200516_155219.wav_clicks.jld2,2020-05-16T15:52:19.0,2020-05-16,2020-05-26T21:57:39.973
X:\OdontoceteClicks\clicks\2020\05\MARS_20200516_160219.wav_clicks.jld2,2020-05-16T16:02:19.0,2020-05-16,2020-05-26T21:57:47.834
X:\OdontoceteClicks\clicks\2020\05\MARS_20200516_161219.wav_clicks.jld2,2020-05-16T16:12:19.0,2020-05-16,2020-05-26T21:58:01.506
X:\OdontoceteClicks\clicks\2020\05\MARS_20200516_162219.wav_clicks.jld2,2020-05-16T16:22:19.0,2020-05-16,2020-05-26T21:58:07.848
X:\OdontoceteClicks\clicks\2020\05\MARS_20200516_163219.wav_clicks.jld2,2020-05-16T16:32:19.0,2020-05-16,2020-05-26T21:58:22.623
X:\OdontoceteClicks\clicks\2020\05\MARS_20200516_164219.wav_clicks.jld2,2020-05-16T16:42:19.0,2020-05-16,2020-05-26T21:58:29.357
X:\OdontoceteClicks\clicks\2020\05\MARS_20200516_165219.wav_clicks.jld2,2020-05-16T16:52:19.0,2020-05-16,2020-05-26T21:58:43.323
X:\OdontoceteClicks\clicks\2020\05\MARS_20200516_170219.wav_clicks.jld2,2020-05-16T17:02:19.0,2020-05-16,2020-05-26T21:58:51.129
X:\OdontoceteClicks\clicks\2020\05\MARS_20200516_171219.wav_clicks.jld2,2020-05-16T17:12:19.0,2020-05-16,2020-05-26T21:59:03.831
X:\OdontoceteClicks\clicks\2020\05\MARS_20200516_172219.wav_clicks.jld2,2020-05-16T17:22:19.0,2020-05-16,2020-05-26T21:59:12.405
X:\OdontoceteClicks\clicks\2020\05\MARS_20200516_173219.wav_clicks.jld2,2020-05-16T17:32:19.0,2020-05-16,2020-05-26T21:59:23.357
X:\OdontoceteClicks\clicks\2020\05\MARS_20200516_174219.wav_clicks.jld2,2020-05-16T17:42:19.0,2020-05-16,2020-05-26T21:59:33.111
X:\OdontoceteClicks\clicks\2020\05\MARS_20200516_175219.wav_clicks.jld2,2020-05-16T17:52:19.0,2020-05-16,2020-05-26T21:59:43.515
X:\OdontoceteClicks\clicks\2020\05\MARS_20200516_180219.wav_clicks.jld2,2020-05-16T18:02:19.0,2020-05-16,2020-05-26T21:59:53.806
X:\OdontoceteClicks\clicks\2020\05\MARS_20200516_181219.wav_clicks.jld2,2020-05-16T18:12:19.0,2020-05-16,2020-05-26T22:00:03.792
X:\OdontoceteClicks\clicks\2020\05\MARS_20200516_182219.wav_clicks.jld2,2020-05-16T18:22:19.0,2020-05-16,2020-05-26T22:00:14.35
X:\OdontoceteClicks\clicks\2020\05\MARS_20200516_183219.wav_clicks.jld2,2020-05-16T18:32:19.0,2020-05-16,2020-05-26T22:00:23.629
X:\OdontoceteClicks\clicks\2020\05\MARS_20200516_184219.wav_clicks.jld2,2020-05-16T18:42:19.0,2020-05-16,2020-05-26T22:00:34.692
X:\OdontoceteClicks\clicks\2020\05\MARS_20200516_185219.wav_clicks.jld2,2020-05-16T18:52:19.0,2020-05-16,2020-05-26T22:00:43.648
X:\OdontoceteClicks\clicks\2020\05\MARS_20200516_190219.wav_clicks.jld2,2020-05-16T19:02:19.0,2020-05-16,2020-05-26T22:00:55.176
X:\OdontoceteClicks\clicks\2020\05\MARS_20200516_191219.wav_clicks.jld2,2020-05-16T19:12:19.0,2020-05-16,2020-05-26T22:01:05.048
X:\OdontoceteClicks\clicks\2020\05\MARS_20200516_192219.wav_clicks.jld2,2020-05-16T19:22:19.0,2020-05-16,2020-05-26T22:01:14.58
X:\OdontoceteClicks\clicks\2020\05\MARS_20200516_193219.wav_clicks.jld2,2020-05-16T19:32:19.0,2020-05-16,2020-05-26T22:01:24.908
X:\OdontoceteClicks\clicks\2020\05\MARS_20200516_194219.wav_clicks.jld2,2020-05-16T19:42:19.0,2020-05-16,2020-05-26T22:01:34.845
X:\OdontoceteClicks\clicks\2020\05\MARS_20200516_195219.wav_clicks.jld2,2020-05-16T19:52:19.0,2020-05-16,2020-05-26T22:01:45.052
X:\OdontoceteClicks\clicks\2020\05\MARS_20200516_200219.wav_clicks.jld2,2020-05-16T20:02:19.0,2020-05-16,2020-05-26T22:01:55.569
X:\OdontoceteClicks\clicks\2020\05\MARS_20200516_201219.wav_clicks.jld2,2020-05-16T20:12:19.0,2020-05-16,2020-05-26T22:02:04.799
X:\OdontoceteClicks\clicks\2020\05\MARS_20200516_202219.wav_clicks.jld2,2020-05-16T20:22:19.0,2020-05-16,2020-05-26T22:02:18.775
X:\OdontoceteClicks\clicks\2020\05\MARS_20200516_203219.wav_clicks.jld2,2020-05-16T20:32:19.0,2020-05-16,2020-05-26T22:02:27.061
X:\OdontoceteClicks\clicks\2020\05\MARS_20200516_204219.wav_clicks.jld2,2020-05-16T20:42:19.0,2020-05-16,2020-05-26T22:02:39.593
X:\OdontoceteClicks\clicks\2020\05\MARS_20200516_205219.wav_clicks.jld2,2020-05-16T20:52:19.0,2020-05-16,2020-05-26T22:02:46.509
X:\OdontoceteClicks\clicks\2020\05\MARS_20200516_210219.wav_clicks.jld2,2020-05-16T21:02:19.0,2020-05-16,2020-05-26T22:03:00.321
X:\OdontoceteClicks\clicks\2020\05\MARS_20200516_211219.wav_clicks.jld2,2020-05-16T21:12:19.0,2020-05-16,2020-05-26T22:03:07.054
X:\OdontoceteClicks\clicks\2020\05\MARS_20200516_212219.wav_clicks.jld2,2020-05-16T21:22:19.0,2020-05-16,2020-05-26T22:03:21.033
X:\OdontoceteClicks\clicks\2020\05\MARS_20200516_213219.wav_clicks.jld2,2020-05-16T21:32:19.0,2020-05-16,2020-05-26T22:03:26.561
X:\OdontoceteClicks\clicks\2020\05\MARS_20200516_214219.wav_clicks.jld2,2020-05-16T21:42:19.0,2020-05-16,2020-05-26T22:03:41.764
X:\OdontoceteClicks\clicks\2020\05\MARS_20200516_215219.wav_clicks.jld2,2020-05-16T21:52:19.0,2020-05-16,2020-05-26T22:03:46.736
X:\OdontoceteClicks\clicks\2020\05\MARS_20200516_220219.wav_clicks.jld2,2020-05-16T22:02:19.0,2020-05-16,2020-05-26T22:04:02.245
X:\OdontoceteClicks\clicks\2020\05\MARS_20200516_221219.wav_clicks.jld2,2020-05-16T22:12:19.0,2020-05-16,2020-05-26T22:04:07.389
X:\OdontoceteClicks\clicks\2020\05\MARS_20200516_222219.wav_clicks.jld2,2020-05-16T22:22:19.0,2020-05-16,2020-05-26T22:04:22.73
X:\OdontoceteClicks\clicks\2020\05\MARS_20200516_223219.wav_clicks.jld2,2020-05-16T22:32:19.0,2020-05-16,2020-05-26T22:04:28.682
X:\OdontoceteClicks\clicks\2020\05\MARS_20200516_224219.wav_clicks.jld2,2020-05-16T22:42:19.0,2020-05-16,2020-05-26T22:04:42.857
X:\OdontoceteClicks\clicks\2020\05\MARS_20200516_225219.wav_clicks.jld2,2020-05-16T22:52:19.0,2020-05-16,2020-05-26T22:04:48.945
X:\OdontoceteClicks\clicks\2020\05\MARS_20200516_230219.wav_clicks.jld2,2020-05-16T23:02:19.0,2020-05-16,2020-05-26T22:05:03.594
X:\OdontoceteClicks\clicks\2020\05\MARS_20200516_231219.wav_clicks.jld2,2020-05-16T23:12:19.0,2020-05-16,2020-05-26T22:05:09.184
X:\OdontoceteClicks\clicks\2020\05\MARS_20200516_232219.wav_clicks.jld2,2020-05-16T23:22:19.0,2020-05-16,2020-05-26T22:05:23.422
X:\OdontoceteClicks\clicks\2020\05\MARS_20200516_233219.wav_clicks.jld2,2020-05-16T23:32:19.0,2020-05-16,2020-05-26T22:05:28.835
X:\OdontoceteClicks\clicks\2020\05\MARS_20200516_234219.wav_clicks.jld2,2020-05-16T23:42:19.0,2020-05-16,2020-05-26T22:05:44.401
X:\OdontoceteClicks\clicks\2020\05\MARS_20200516_235219.wav_clicks.jld2,2020-05-16T23:52:19.0,2020-05-16,2020-05-26T22:05:51.078
X:\OdontoceteClicks\clicks\2020\05\MARS_20200517_000219.wav_clicks.jld2,2020-05-17T00:02:19.0,2020-05-17,2020-05-26T22:06:05.0
X:\OdontoceteClicks\clicks\2020\05\MARS_20200517_001219.wav_clicks.jld2,2020-05-17T00:12:19.0,2020-05-17,2020-05-26T22:06:11.553
X:\OdontoceteClicks\clicks\2020\05\MARS_20200517_002219.wav_clicks.jld2,2020-05-17T00:22:19.0,2020-05-17,2020-05-26T22:06:26.169
X:\OdontoceteClicks\clicks\2020\05\MARS_20200517_003219.wav_clicks.jld2,2020-05-17T00:32:19.0,2020-05-17,2020-05-26T22:06:32.252
X:\OdontoceteClicks\clicks\2020\05\MARS_20200517_004219.wav_clicks.jld2,2020-05-17T00:42:19.0,2020-05-17,2020-05-26T22:06:46.433
X:\OdontoceteClicks\clicks\2020\05\MARS_20200517_005219.wav_clicks.jld2,2020-05-17T00:52:19.0,2020-05-17,2020-05-26T22:06:53.05
X:\OdontoceteClicks\clicks\2020\05\MARS_20200517_010219.wav_clicks.jld2,2020-05-17T01:02:19.0,2020-05-17,2020-05-26T22:07:06.542
X:\OdontoceteClicks\clicks\2020\05\MARS_20200517_011219.wav_clicks.jld2,2020-05-17T01:12:19.0,2020-05-17,2020-05-26T22:07:11.806
X:\OdontoceteClicks\clicks\2020\05\MARS_20200517_012219.wav_clicks.jld2,2020-05-17T01:22:19.0,2020-05-17,2020-05-26T22:07:27.052
X:\OdontoceteClicks\clicks\2020\05\MARS_20200517_013219.wav_clicks.jld2,2020-05-17T01:32:19.0,2020-05-17,2020-05-26T22:07:30.399
X:\OdontoceteClicks\clicks\2020\05\MARS_20200517_014219.wav_clicks.jld2,2020-05-17T01:42:19.0,2020-05-17,2020-05-26T22:07:46.754
X:\OdontoceteClicks\clicks\2020\05\MARS_20200517_015219.wav_clicks.jld2,2020-05-17T01:52:19.0,2020-05-17,2020-05-26T22:07:50.461
X:\OdontoceteClicks\clicks\2020\05\MARS_20200517_020219.wav_clicks.jld2,2020-05-17T02:02:19.0,2020-05-17,2020-05-26T22:08:06.98
X:\OdontoceteClicks\clicks\2020\05\MARS_20200517_021219.wav_clicks.jld2,2020-05-17T02:12:19.0,2020-05-17,2020-05-26T22:08:10.313
X:\OdontoceteClicks\clicks\2020\05\MARS_20200517_022219.wav_clicks.jld2,2020-05-17T02:22:19.0,2020-05-17,2020-05-26T22:08:27.567
X:\OdontoceteClicks\clicks\2020\05\MARS_20200517_023219.wav_clicks.jld2,2020-05-17T02:32:19.0,2020-05-17,2020-05-26T22:08:30.491
X:\OdontoceteClicks\clicks\2020\05\MARS_20200517_024219.wav_clicks.jld2,2020-05-17T02:42:19.0,2020-05-17,2020-05-26T22:08:46.853
X:\OdontoceteClicks\clicks\2020\05\MARS_20200517_025219.wav_clicks.jld2,2020-05-17T02:52:19.0,2020-05-17,2020-05-26T22:08:50.023
X:\OdontoceteClicks\clicks\2020\05\MARS_20200517_030219.wav_clicks.jld2,2020-05-17T03:02:19.0,2020-05-17,2020-05-26T22:09:08.072
X:\OdontoceteClicks\clicks\2020\05\MARS_20200517_031219.wav_clicks.jld2,2020-05-17T03:12:19.0,2020-05-17,2020-05-26T22:09:09.561
X:\OdontoceteClicks\clicks\2020\05\MARS_20200517_032219.wav_clicks.jld2,2020-05-17T03:22:19.0,2020-05-17,2020-05-26T22:09:29.087
X:\OdontoceteClicks\clicks\2020\05\MARS_20200517_033219.wav_clicks.jld2,2020-05-17T03:32:19.0,2020-05-17,2020-05-26T22:09:30.583
X:\OdontoceteClicks\clicks\2020\05\MARS_20200517_034219.wav_clicks.jld2,2020-05-17T03:42:19.0,2020-05-17,2020-05-26T22:09:48.678
X:\OdontoceteClicks\clicks\2020\05\MARS_20200517_035219.wav_clicks.jld2,2020-05-17T03:52:19.0,2020-05-17,2020-05-26T22:09:51.508
X:\OdontoceteClicks\clicks\2020\05\MARS_20200517_040219.wav_clicks.jld2,2020-05-17T04:02:19.0,2020-05-17,2020-05-26T22:10:08.717
X:\OdontoceteClicks\clicks\2020\05\MARS_20200517_041219.wav_clicks.jld2,2020-05-17T04:12:19.0,2020-05-17,2020-05-26T22:10:11.481
X:\OdontoceteClicks\clicks\2020\05\MARS_20200517_042219.wav_clicks.jld2,2020-05-17T04:22:19.0,2020-05-17,2020-05-26T22:10:29.714
X:\OdontoceteClicks\clicks\2020\05\MARS_20200517_043219.wav_clicks.jld2,2020-05-17T04:32:19.0,2020-05-17,2020-05-26T22:10:31.27
X:\OdontoceteClicks\clicks\2020\05\MARS_20200517_044219.wav_clicks.jld2,2020-05-17T04:42:19.0,2020-05-17,2020-05-26T22:10:50.312
X:\OdontoceteClicks\clicks\2020\05\MARS_20200517_045219.wav_clicks.jld2,2020-05-17T04:52:19.0,2020-05-17,2020-05-26T22:10:52.197
X:\OdontoceteClicks\clicks\2020\05\MARS_20200517_050219.wav_clicks.jld2,2020-05-17T05:02:19.0,2020-05-17,2020-05-26T22:11:11.168
X:\OdontoceteClicks\clicks\2020\05\MARS_20200517_051219.wav_clicks.jld2,2020-05-17T05:12:19.0,2020-05-17,2020-05-26T22:11:12.909
X:\OdontoceteClicks\clicks\2020\05\MARS_20200517_052219.wav_clicks.jld2,2020-05-17T05:22:19.0,2020-05-17,2020-05-26T22:11:30.799
X:\OdontoceteClicks\clicks\2020\05\MARS_20200517_053219.wav_clicks.jld2,2020-05-17T05:32:19.0,2020-05-17,2020-05-26T22:11:33.191
X:\OdontoceteClicks\clicks\2020\05\MARS_20200517_054219.wav_clicks.jld2,2020-05-17T05:42:19.0,2020-05-17,2020-05-26T22:11:50.592
X:\OdontoceteClicks\clicks\2020\05\MARS_20200517_055219.wav_clicks.jld2,2020-05-17T05:52:19.0,2020-05-17,2020-05-26T22:11:52.301
X:\OdontoceteClicks\clicks\2020\05\MARS_20200517_060219.wav_clicks.jld2,2020-05-17T06:02:19.0,2020-05-17,2020-05-26T22:12:11.296
X:\OdontoceteClicks\clicks\2020\05\MARS_20200517_061219.wav_clicks.jld2,2020-05-17T06:12:19.0,2020-05-17,2020-05-26T22:12:13.652
X:\OdontoceteClicks\clicks\2020\05\MARS_20200517_062219.wav_clicks.jld2,2020-05-17T06:22:19.0,2020-05-17,2020-05-26T22:12:32.831
X:\OdontoceteClicks\clicks\2020\05\MARS_20200517_063219.wav_clicks.jld2,2020-05-17T06:32:19.0,2020-05-17,2020-05-26T22:12:35.081
X:\OdontoceteClicks\clicks\2020\05\MARS_20200517_064219.wav_clicks.jld2,2020-05-17T06:42:19.0,2020-05-17,2020-05-26T22:12:52.483
X:\OdontoceteClicks\clicks\2020\05\MARS_20200517_065219.wav_clicks.jld2,2020-05-17T06:52:19.0,2020-05-17,2020-05-26T22:12:55.368
X:\OdontoceteClicks\clicks\2020\05\MARS_20200517_070219.wav_clicks.jld2,2020-05-17T07:02:19.0,2020-05-17,2020-05-26T22:13:12.148
X:\OdontoceteClicks\clicks\2020\05\MARS_20200517_071219.wav_clicks.jld2,2020-05-17T07:12:19.0,2020-05-17,2020-05-26T22:13:14.074
X:\OdontoceteClicks\clicks\2020\05\MARS_20200517_072219.wav_clicks.jld2,2020-05-17T07:22:19.0,2020-05-17,2020-05-26T22:13:31.653
X:\OdontoceteClicks\clicks\2020\05\MARS_20200517_073219.wav_clicks.jld2,2020-05-17T07:32:19.0,2020-05-17,2020-05-26T22:13:34.749
X:\OdontoceteClicks\clicks\2020\05\MARS_20200517_074219.wav_clicks.jld2,2020-05-17T07:42:19.0,2020-05-17,2020-05-26T22:13:52.664
X:\OdontoceteClicks\clicks\2020\05\MARS_20200517_075219.wav_clicks.jld2,2020-05-17T07:52:19.0,2020-05-17,2020-05-26T22:13:55.547
X:\OdontoceteClicks\clicks\2020\05\MARS_20200517_080219.wav_clicks.jld2,2020-05-17T08:02:19.0,2020-05-17,2020-05-26T22:14:13.836
X:\OdontoceteClicks\clicks\2020\05\MARS_20200517_081219.wav_clicks.jld2,2020-05-17T08:12:19.0,2020-05-17,2020-05-26T22:14:15.329
X:\OdontoceteClicks\clicks\2020\05\MARS_20200517_082219.wav_clicks.jld2,2020-05-17T08:22:19.0,2020-05-17,2020-05-26T22:14:34.39
X:\OdontoceteClicks\clicks\2020\05\MARS_20200517_083219.wav_clicks.jld2,2020-05-17T08:32:19.0,2020-05-17,2020-05-26T22:14:36.082
X:\OdontoceteClicks\clicks\2020\05\MARS_20200517_084219.wav_clicks.jld2,2020-05-17T08:42:19.0,2020-05-17,2020-05-26T22:14:55.663
X:\OdontoceteClicks\clicks\2020\05\MARS_20200517_085219.wav_clicks.jld2,2020-05-17T08:52:19.0,2020-05-17,2020-05-26T22:14:56.113
X:\OdontoceteClicks\clicks\2020\05\MARS_20200517_090219.wav_clicks.jld2,2020-05-17T09:02:19.0,2020-05-17,2020-05-26T22:15:15.209
X:\OdontoceteClicks\clicks\2020\05\MARS_20200517_091219.wav_clicks.jld2,2020-05-17T09:12:19.0,2020-05-17,2020-05-26T22:15:17.306
X:\OdontoceteClicks\clicks\2020\05\MARS_20200517_092219.wav_clicks.jld2,2020-05-17T09:22:19.0,2020-05-17,2020-05-26T22:15:35.18
X:\OdontoceteClicks\clicks\2020\05\MARS_20200517_093219.wav_clicks.jld2,2020-05-17T09:32:19.0,2020-05-17,2020-05-26T22:15:37.56
X:\OdontoceteClicks\clicks\2020\05\MARS_20200517_094219.wav_clicks.jld2,2020-05-17T09:42:19.0,2020-05-17,2020-05-26T22:15:55.715
X:\OdontoceteClicks\clicks\2020\05\MARS_20200517_095219.wav_clicks.jld2,2020-05-17T09:52:19.0,2020-05-17,2020-05-26T22:15:57.953
X:\OdontoceteClicks\clicks\2020\05\MARS_20200517_100219.wav_clicks.jld2,2020-05-17T10:02:19.0,2020-05-17,2020-05-26T22:16:16.365
X:\OdontoceteClicks\clicks\2020\05\MARS_20200517_101219.wav_clicks.jld2,2020-05-17T10:12:19.0,2020-05-17,2020-05-26T22:16:18.908
X:\OdontoceteClicks\clicks\2020\05\MARS_20200517_102219.wav_clicks.jld2,2020-05-17T10:22:19.0,2020-05-17,2020-05-26T22:16:36.065
X:\OdontoceteClicks\clicks\2020\05\MARS_20200517_103219.wav_clicks.jld2,2020-05-17T10:32:19.0,2020-05-17,2020-05-26T22:16:39.17
X:\OdontoceteClicks\clicks\2020\05\MARS_20200517_104219.wav_clicks.jld2,2020-05-17T10:42:19.0,2020-05-17,2020-05-26T22:16:55.866
X:\OdontoceteClicks\clicks\2020\05\MARS_20200517_105219.wav_clicks.jld2,2020-05-17T10:52:19.0,2020-05-17,2020-05-26T22:16:58.824
X:\OdontoceteClicks\clicks\2020\05\MARS_20200517_110219.wav_clicks.jld2,2020-05-17T11:02:19.0,2020-05-17,2020-05-26T22:17:16.07
X:\OdontoceteClicks\clicks\2020\05\MARS_20200517_111219.wav_clicks.jld2,2020-05-17T11:12:19.0,2020-05-17,2020-05-26T22:17:19.76
X:\OdontoceteClicks\clicks\2020\05\MARS_20200517_112219.wav_clicks.jld2,2020-05-17T11:22:19.0,2020-05-17,2020-05-26T22:17:37.114
X:\OdontoceteClicks\clicks\2020\05\MARS_20200517_113219.wav_clicks.jld2,2020-05-17T11:32:19.0,2020-05-17,2020-05-26T22:17:40.513
X:\OdontoceteClicks\clicks\2020\05\MARS_20200517_114219.wav_clicks.jld2,2020-05-17T11:42:19.0,2020-05-17,2020-05-26T22:17:57.342
X:\OdontoceteClicks\clicks\2020\05\MARS_20200517_115219.wav_clicks.jld2,2020-05-17T11:52:19.0,2020-05-17,2020-05-26T22:18:00.027
X:\OdontoceteClicks\clicks\2020\05\MARS_20200517_120219.wav_clicks.jld2,2020-05-17T12:02:19.0,2020-05-17,2020-05-26T22:18:17.561
X:\OdontoceteClicks\clicks\2020\05\MARS_20200517_121219.wav_clicks.jld2,2020-05-17T12:12:19.0,2020-05-17,2020-05-26T22:18:20.744
X:\OdontoceteClicks\clicks\2020\05\MARS_20200517_122219.wav_clicks.jld2,2020-05-17T12:22:19.0,2020-05-17,2020-05-26T22:18:38.532
X:\OdontoceteClicks\clicks\2020\05\MARS_20200517_123219.wav_clicks.jld2,2020-05-17T12:32:19.0,2020-05-17,2020-05-26T22:18:40.278
X:\OdontoceteClicks\clicks\2020\05\MARS_20200517_124219.wav_clicks.jld2,2020-05-17T12:42:19.0,2020-05-17,2020-05-26T22:18:57.501
X:\OdontoceteClicks\clicks\2020\05\MARS_20200517_125219.wav_clicks.jld2,2020-05-17T12:52:19.0,2020-05-17,2020-05-26T22:19:01.272
X:\OdontoceteClicks\clicks\2020\05\MARS_20200517_130219.wav_clicks.jld2,2020-05-17T13:02:19.0,2020-05-17,2020-05-26T22:19:18.362
X:\OdontoceteClicks\clicks\2020\05\MARS_20200517_131219.wav_clicks.jld2,2020-05-17T13:12:19.0,2020-05-17,2020-05-26T22:19:21.918
X:\OdontoceteClicks\clicks\2020\05\MARS_20200517_132219.wav_clicks.jld2,2020-05-17T13:22:19.0,2020-05-17,2020-05-26T22:19:38.872
X:\OdontoceteClicks\clicks\2020\05\MARS_20200517_133219.wav_clicks.jld2,2020-05-17T13:32:19.0,2020-05-17,2020-05-26T22:19:42.432
X:\OdontoceteClicks\clicks\2020\05\MARS_20200517_134219.wav_clicks.jld2,2020-05-17T13:42:19.0,2020-05-17,2020-05-26T22:19:59.155
X:\OdontoceteClicks\clicks\2020\05\MARS_20200517_135219.wav_clicks.jld2,2020-05-17T13:52:19.0,2020-05-17,2020-05-26T22:20:02.543
X:\OdontoceteClicks\clicks\2020\05\MARS_20200517_140219.wav_clicks.jld2,2020-05-17T14:02:19.0,2020-05-17,2020-05-26T22:20:20.15
X:\OdontoceteClicks\clicks\2020\05\MARS_20200517_141219.wav_clicks.jld2,2020-05-17T14:12:19.0,2020-05-17,2020-05-26T22:20:21.686
X:\OdontoceteClicks\clicks\2020\05\MARS_20200517_142219.wav_clicks.jld2,2020-05-17T14:22:19.0,2020-05-17,2020-05-26T22:20:41.446
X:\OdontoceteClicks\clicks\2020\05\MARS_20200517_143219.wav_clicks.jld2,2020-05-17T14:32:19.0,2020-05-17,2020-05-26T22:20:44.182
X:\OdontoceteClicks\clicks\2020\05\MARS_20200517_144219.wav_clicks.jld2,2020-05-17T14:42:19.0,2020-05-17,2020-05-26T22:21:02.324
X:\OdontoceteClicks\clicks\2020\05\MARS_20200517_145219.wav_clicks.jld2,2020-05-17T14:52:19.0,2020-05-17,2020-05-26T22:21:05.17
X:\OdontoceteClicks\clicks\2020\05\MARS_20200517_150219.wav_clicks.jld2,2020-05-17T15:02:19.0,2020-05-17,2020-05-26T22:21:22.733
X:\OdontoceteClicks\clicks\2020\05\MARS_20200517_151219.wav_clicks.jld2,2020-05-17T15:12:19.0,2020-05-17,2020-05-26T22:21:24.839
X:\OdontoceteClicks\clicks\2020\05\MARS_20200517_152219.wav_clicks.jld2,2020-05-17T15:22:19.0,2020-05-17,2020-05-26T22:21:43.841
X:\OdontoceteClicks\clicks\2020\05\MARS_20200517_153219.wav_clicks.jld2,2020-05-17T15:32:19.0,2020-05-17,2020-05-26T22:21:45.202
X:\OdontoceteClicks\clicks\2020\05\MARS_20200517_154219.wav_clicks.jld2,2020-05-17T15:42:19.0,2020-05-17,2020-05-26T22:22:04.929
X:\OdontoceteClicks\clicks\2020\05\MARS_20200517_155219.wav_clicks.jld2,2020-05-17T15:52:19.0,2020-05-17,2020-05-26T22:22:06.433
X:\OdontoceteClicks\clicks\2020\05\MARS_20200517_160219.wav_clicks.jld2,2020-05-17T16:02:19.0,2020-05-17,2020-05-26T22:22:26.362
X:\OdontoceteClicks\clicks\2020\05\MARS_20200517_161219.wav_clicks.jld2,2020-05-17T16:12:19.0,2020-05-17,2020-05-26T22:22:26.417
X:\OdontoceteClicks\clicks\2020\05\MARS_20200517_162219.wav_clicks.jld2,2020-05-17T16:22:19.0,2020-05-17,2020-05-26T22:22:46.928
X:\OdontoceteClicks\clicks\2020\05\MARS_20200517_163219.wav_clicks.jld2,2020-05-17T16:32:19.0,2020-05-17,2020-05-26T22:22:46.472
X:\OdontoceteClicks\clicks\2020\05\MARS_20200517_164219.wav_clicks.jld2,2020-05-17T16:42:19.0,2020-05-17,2020-05-26T22:23:12.087
X:\OdontoceteClicks\clicks\2020\05\MARS_20200517_165219.wav_clicks.jld2,2020-05-17T16:52:19.0,2020-05-17,2020-05-26T22:23:11.667
X:\OdontoceteClicks\clicks\2020\05\MARS_20200517_170219.wav_clicks.jld2,2020-05-17T17:02:19.0,2020-05-17,2020-05-26T22:23:34.746
X:\OdontoceteClicks\clicks\2020\05\MARS_20200517_171219.wav_clicks.jld2,2020-05-17T17:12:19.0,2020-05-17,2020-05-26T22:23:34.194
X:\OdontoceteClicks\clicks\2020\05\MARS_20200517_172219.wav_clicks.jld2,2020-05-17T17:22:19.0,2020-05-17,2020-05-26T22:23:56.899
X:\OdontoceteClicks\clicks\2020\05\MARS_20200517_173219.wav_clicks.jld2,2020-05-17T17:32:19.0,2020-05-17,2020-05-26T22:23:57.211
X:\OdontoceteClicks\clicks\2020\05\MARS_20200517_174219.wav_clicks.jld2,2020-05-17T17:42:19.0,2020-05-17,2020-05-26T22:24:18.771
X:\OdontoceteClicks\clicks\2020\05\MARS_20200517_175219.wav_clicks.jld2,2020-05-17T17:52:19.0,2020-05-17,2020-05-26T22:24:19.026
X:\OdontoceteClicks\clicks\2020\05\MARS_20200517_180219.wav_clicks.jld2,2020-05-17T18:02:19.0,2020-05-17,2020-05-26T22:24:40.45
X:\OdontoceteClicks\clicks\2020\05\MARS_20200517_181219.wav_clicks.jld2,2020-05-17T18:12:19.0,2020-05-17,2020-05-26T22:24:39.774
X:\OdontoceteClicks\clicks\2020\05\MARS_20200517_182219.wav_clicks.jld2,2020-05-17T18:22:19.0,2020-05-17,2020-05-26T22:25:00.106
X:\OdontoceteClicks\clicks\2020\05\MARS_20200517_183219.wav_clicks.jld2,2020-05-17T18:32:19.0,2020-05-17,2020-05-26T22:25:01.548
X:\OdontoceteClicks\clicks\2020\05\MARS_20200517_184219.wav_clicks.jld2,2020-05-17T18:42:19.0,2020-05-17,2020-05-26T22:25:21.138
X:\OdontoceteClicks\clicks\2020\05\MARS_20200517_185219.wav_clicks.jld2,2020-05-17T18:52:19.0,2020-05-17,2020-05-26T22:25:22.293
X:\OdontoceteClicks\clicks\2020\05\MARS_20200517_190219.wav_clicks.jld2,2020-05-17T19:02:19.0,2020-05-17,2020-05-26T22:25:41.36
X:\OdontoceteClicks\clicks\2020\05\MARS_20200517_191219.wav_clicks.jld2,2020-05-17T19:12:19.0,2020-05-17,2020-05-26T22:25:42.905
X:\OdontoceteClicks\clicks\2020\05\MARS_20200517_192219.wav_clicks.jld2,2020-05-17T19:22:19.0,2020-05-17,2020-05-26T22:26:03.387
X:\OdontoceteClicks\clicks\2020\05\MARS_20200517_193219.wav_clicks.jld2,2020-05-17T19:32:19.0,2020-05-17,2020-05-26T22:26:03.45
X:\OdontoceteClicks\clicks\2020\05\MARS_20200517_194219.wav_clicks.jld2,2020-05-17T19:42:19.0,2020-05-17,2020-05-26T22:26:23.818
X:\OdontoceteClicks\clicks\2020\05\MARS_20200517_195219.wav_clicks.jld2,2020-05-17T19:52:19.0,2020-05-17,2020-05-26T22:26:24.072
X:\OdontoceteClicks\clicks\2020\05\MARS_20200517_200219.wav_clicks.jld2,2020-05-17T20:02:19.0,2020-05-17,2020-05-26T22:26:45.59
X:\OdontoceteClicks\clicks\2020\05\MARS_20200517_201219.wav_clicks.jld2,2020-05-17T20:12:19.0,2020-05-17,2020-05-26T22:26:45.697
X:\OdontoceteClicks\clicks\2020\05\MARS_20200517_202219.wav_clicks.jld2,2020-05-17T20:22:19.0,2020-05-17,2020-05-26T22:27:05.408
X:\OdontoceteClicks\clicks\2020\05\MARS_20200517_203219.wav_clicks.jld2,2020-05-17T20:32:19.0,2020-05-17,2020-05-26T22:27:06.052
X:\OdontoceteClicks\clicks\2020\05\MARS_20200517_204219.wav_clicks.jld2,2020-05-17T20:42:19.0,2020-05-17,2020-05-26T22:27:26.077
X:\OdontoceteClicks\clicks\2020\05\MARS_20200517_205219.wav_clicks.jld2,2020-05-17T20:52:19.0,2020-05-17,2020-05-26T22:27:28.27
X:\OdontoceteClicks\clicks\2020\05\MARS_20200517_210219.wav_clicks.jld2,2020-05-17T21:02:19.0,2020-05-17,2020-05-26T22:27:46.762
X:\OdontoceteClicks\clicks\2020\05\MARS_20200517_211219.wav_clicks.jld2,2020-05-17T21:12:19.0,2020-05-17,2020-05-26T22:27:48.39
X:\OdontoceteClicks\clicks\2020\05\MARS_20200517_212219.wav_clicks.jld2,2020-05-17T21:22:19.0,2020-05-17,2020-05-26T22:28:08.563
X:\OdontoceteClicks\clicks\2020\05\MARS_20200517_213219.wav_clicks.jld2,2020-05-17T21:32:19.0,2020-05-17,2020-05-26T22:28:10.938
X:\OdontoceteClicks\clicks\2020\05\MARS_20200517_214219.wav_clicks.jld2,2020-05-17T21:42:19.0,2020-05-17,2020-05-26T22:28:29.39
X:\OdontoceteClicks\clicks\2020\05\MARS_20200517_215219.wav_clicks.jld2,2020-05-17T21:52:19.0,2020-05-17,2020-05-26T22:28:31.629
X:\OdontoceteClicks\clicks\2020\05\MARS_20200517_220219.wav_clicks.jld2,2020-05-17T22:02:19.0,2020-05-17,2020-05-26T22:28:50.511
X:\OdontoceteClicks\clicks\2020\05\MARS_20200517_221219.wav_clicks.jld2,2020-05-17T22:12:19.0,2020-05-17,2020-05-26T22:28:52.348
X:\OdontoceteClicks\clicks\2020\05\MARS_20200517_222219.wav_clicks.jld2,2020-05-17T22:22:19.0,2020-05-17,2020-05-26T22:29:11.975
X:\OdontoceteClicks\clicks\2020\05\MARS_20200517_223219.wav_clicks.jld2,2020-05-17T22:32:19.0,2020-05-17,2020-05-26T22:29:13.461
X:\OdontoceteClicks\clicks\2020\05\MARS_20200517_224219.wav_clicks.jld2,2020-05-17T22:42:19.0,2020-05-17,2020-05-26T22:29:31.877
X:\OdontoceteClicks\clicks\2020\05\MARS_20200517_225219.wav_clicks.jld2,2020-05-17T22:52:19.0,2020-05-17,2020-05-26T22:29:34.397
X:\OdontoceteClicks\clicks\2020\05\MARS_20200517_230219.wav_clicks.jld2,2020-05-17T23:02:19.0,2020-05-17,2020-05-26T22:29:53.208
X:\OdontoceteClicks\clicks\2020\05\MARS_20200517_231219.wav_clicks.jld2,2020-05-17T23:12:19.0,2020-05-17,2020-05-26T22:29:55.275
X:\OdontoceteClicks\clicks\2020\05\MARS_20200517_232219.wav_clicks.jld2,2020-05-17T23:22:19.0,2020-05-17,2020-05-26T22:30:14.043
X:\OdontoceteClicks\clicks\2020\05\MARS_20200517_233219.wav_clicks.jld2,2020-05-17T23:32:19.0,2020-05-17,2020-05-26T22:30:15.481
X:\OdontoceteClicks\clicks\2020\05\MARS_20200517_234219.wav_clicks.jld2,2020-05-17T23:42:19.0,2020-05-17,2020-05-26T22:30:34.698
X:\OdontoceteClicks\clicks\2020\05\MARS_20200517_235219.wav_clicks.jld2,2020-05-17T23:52:19.0,2020-05-17,2020-05-26T22:30:35.946
X:\OdontoceteClicks\clicks\2020\05\MARS_20200518_000219.wav_clicks.jld2,2020-05-18T00:02:19.0,2020-05-18,2020-05-26T22:30:55.248
X:\OdontoceteClicks\clicks\2020\05\MARS_20200518_001219.wav_clicks.jld2,2020-05-18T00:12:19.0,2020-05-18,2020-05-26T22:30:56.027
X:\OdontoceteClicks\clicks\2020\05\MARS_20200518_002219.wav_clicks.jld2,2020-05-18T00:22:19.0,2020-05-18,2020-05-26T22:31:16.737
X:\OdontoceteClicks\clicks\2020\05\MARS_20200518_003219.wav_clicks.jld2,2020-05-18T00:32:19.0,2020-05-18,2020-05-26T22:31:17.279
X:\OdontoceteClicks\clicks\2020\05\MARS_20200518_004219.wav_clicks.jld2,2020-05-18T00:42:19.0,2020-05-18,2020-05-26T22:31:38.36
X:\OdontoceteClicks\clicks\2020\05\MARS_20200518_005219.wav_clicks.jld2,2020-05-18T00:52:19.0,2020-05-18,2020-05-26T22:31:38.256
X:\OdontoceteClicks\clicks\2020\05\MARS_20200518_010219.wav_clicks.jld2,2020-05-18T01:02:19.0,2020-05-18,2020-05-26T22:31:58.794
X:\OdontoceteClicks\clicks\2020\05\MARS_20200518_011219.wav_clicks.jld2,2020-05-18T01:12:19.0,2020-05-18,2020-05-26T22:31:57.701
X:\OdontoceteClicks\clicks\2020\05\MARS_20200518_012219.wav_clicks.jld2,2020-05-18T01:22:19.0,2020-05-18,2020-05-26T22:32:19.788
X:\OdontoceteClicks\clicks\2020\05\MARS_20200518_013219.wav_clicks.jld2,2020-05-18T01:32:19.0,2020-05-18,2020-05-26T22:32:19.183
X:\OdontoceteClicks\clicks\2020\05\MARS_20200518_014219.wav_clicks.jld2,2020-05-18T01:42:19.0,2020-05-18,2020-05-26T22:32:40.176
X:\OdontoceteClicks\clicks\2020\05\MARS_20200518_015219.wav_clicks.jld2,2020-05-18T01:52:19.0,2020-05-18,2020-05-26T22:32:42.061
X:\OdontoceteClicks\clicks\2020\05\MARS_20200518_020219.wav_clicks.jld2,2020-05-18T02:02:19.0,2020-05-18,2020-05-26T22:33:02.453
X:\OdontoceteClicks\clicks\2020\05\MARS_20200518_021219.wav_clicks.jld2,2020-05-18T02:12:19.0,2020-05-18,2020-05-26T22:33:03.945
X:\OdontoceteClicks\clicks\2020\05\MARS_20200518_022219.wav_clicks.jld2,2020-05-18T02:22:19.0,2020-05-18,2020-05-26T22:33:24.816
X:\OdontoceteClicks\clicks\2020\05\MARS_20200518_023219.wav_clicks.jld2,2020-05-18T02:32:19.0,2020-05-18,2020-05-26T22:33:27.226
X:\OdontoceteClicks\clicks\2020\05\MARS_20200518_024219.wav_clicks.jld2,2020-05-18T02:42:19.0,2020-05-18,2020-05-26T22:33:46.964
X:\OdontoceteClicks\clicks\2020\05\MARS_20200518_025219.wav_clicks.jld2,2020-05-18T02:52:19.0,2020-05-18,2020-05-26T22:33:49.297
X:\OdontoceteClicks\clicks\2020\05\MARS_20200518_030219.wav_clicks.jld2,2020-05-18T03:02:19.0,2020-05-18,2020-05-26T22:34:06.949
X:\OdontoceteClicks\clicks\2020\05\MARS_20200518_031219.wav_clicks.jld2,2020-05-18T03:12:19.0,2020-05-18,2020-05-26T22:34:08.841
X:\OdontoceteClicks\clicks\2020\05\MARS_20200518_032219.wav_clicks.jld2,2020-05-18T03:22:19.0,2020-05-18,2020-05-26T22:34:27.19
X:\OdontoceteClicks\clicks\2020\05\MARS_20200518_033219.wav_clicks.jld2,2020-05-18T03:32:19.0,2020-05-18,2020-05-26T22:34:28.517
X:\OdontoceteClicks\clicks\2020\05\MARS_20200518_034219.wav_clicks.jld2,2020-05-18T03:42:19.0,2020-05-18,2020-05-26T22:34:46.529
X:\OdontoceteClicks\clicks\2020\05\MARS_20200518_035219.wav_clicks.jld2,2020-05-18T03:52:19.0,2020-05-18,2020-05-26T22:34:49.147
X:\OdontoceteClicks\clicks\2020\05\MARS_20200518_040219.wav_clicks.jld2,2020-05-18T04:02:19.0,2020-05-18,2020-05-26T22:35:07.079
X:\OdontoceteClicks\clicks\2020\05\MARS_20200518_041219.wav_clicks.jld2,2020-05-18T04:12:19.0,2020-05-18,2020-05-26T22:35:09.406
X:\OdontoceteClicks\clicks\2020\05\MARS_20200518_042219.wav_clicks.jld2,2020-05-18T04:22:19.0,2020-05-18,2020-05-26T22:35:26.659
X:\OdontoceteClicks\clicks\2020\05\MARS_20200518_043219.wav_clicks.jld2,2020-05-18T04:32:19.0,2020-05-18,2020-05-26T22:35:30.459
X:\OdontoceteClicks\clicks\2020\05\MARS_20200518_044219.wav_clicks.jld2,2020-05-18T04:42:19.0,2020-05-18,2020-05-26T22:35:46.9
X:\OdontoceteClicks\clicks\2020\05\MARS_20200518_045219.wav_clicks.jld2,2020-05-18T04:52:19.0,2020-05-18,2020-05-26T22:35:50.562
X:\OdontoceteClicks\clicks\2020\05\MARS_20200518_050219.wav_clicks.jld2,2020-05-18T05:02:19.0,2020-05-18,2020-05-26T22:36:06.637
X:\OdontoceteClicks\clicks\2020\05\MARS_20200518_051219.wav_clicks.jld2,2020-05-18T05:12:19.0,2020-05-18,2020-05-26T22:36:10.538
X:\OdontoceteClicks\clicks\2020\05\MARS_20200518_052219.wav_clicks.jld2,2020-05-18T05:22:19.0,2020-05-18,2020-05-26T22:36:28.444
X:\OdontoceteClicks\clicks\2020\05\MARS_20200518_053219.wav_clicks.jld2,2020-05-18T05:32:19.0,2020-05-18,2020-05-26T22:36:30.364
X:\OdontoceteClicks\clicks\2020\05\MARS_20200518_054219.wav_clicks.jld2,2020-05-18T05:42:19.0,2020-05-18,2020-05-26T22:36:48.126
X:\OdontoceteClicks\clicks\2020\05\MARS_20200518_055219.wav_clicks.jld2,2020-05-18T05:52:19.0,2020-05-18,2020-05-26T22:36:50.557
X:\OdontoceteClicks\clicks\2020\05\MARS_20200518_060219.wav_clicks.jld2,2020-05-18T06:02:19.0,2020-05-18,2020-05-26T22:37:09.199
X:\OdontoceteClicks\clicks\2020\05\MARS_20200518_061219.wav_clicks.jld2,2020-05-18T06:12:19.0,2020-05-18,2020-05-26T22:37:09.592
X:\OdontoceteClicks\clicks\2020\05\MARS_20200518_062219.wav_clicks.jld2,2020-05-18T06:22:19.0,2020-05-18,2020-05-26T22:37:28.881
X:\OdontoceteClicks\clicks\2020\05\MARS_20200518_063219.wav_clicks.jld2,2020-05-18T06:32:19.0,2020-05-18,2020-05-26T22:37:29.592
X:\OdontoceteClicks\clicks\2020\05\MARS_20200518_064219.wav_clicks.jld2,2020-05-18T06:42:19.0,2020-05-18,2020-05-26T22:37:48.98
X:\OdontoceteClicks\clicks\2020\05\MARS_20200518_065219.wav_clicks.jld2,2020-05-18T06:52:19.0,2020-05-18,2020-05-26T22:37:50.248
X:\OdontoceteClicks\clicks\2020\05\MARS_20200518_070219.wav_clicks.jld2,2020-05-18T07:02:19.0,2020-05-18,2020-05-26T22:38:09.743
X:\OdontoceteClicks\clicks\2020\05\MARS_20200518_071219.wav_clicks.jld2,2020-05-18T07:12:19.0,2020-05-18,2020-05-26T22:38:10.749
X:\OdontoceteClicks\clicks\2020\05\MARS_20200518_072219.wav_clicks.jld2,2020-05-18T07:22:19.0,2020-05-18,2020-05-26T22:38:30.045
X:\OdontoceteClicks\clicks\2020\05\MARS_20200518_073219.wav_clicks.jld2,2020-05-18T07:32:19.0,2020-05-18,2020-05-26T22:38:31.084
X:\OdontoceteClicks\clicks\2020\05\MARS_20200518_074219.wav_clicks.jld2,2020-05-18T07:42:19.0,2020-05-18,2020-05-26T22:38:51.119
X:\OdontoceteClicks\clicks\2020\05\MARS_20200518_075219.wav_clicks.jld2,2020-05-18T07:52:19.0,2020-05-18,2020-05-26T22:38:52.432
X:\OdontoceteClicks\clicks\2020\05\MARS_20200518_080219.wav_clicks.jld2,2020-05-18T08:02:19.0,2020-05-18,2020-05-26T22:39:11.265
X:\OdontoceteClicks\clicks\2020\05\MARS_20200518_081219.wav_clicks.jld2,2020-05-18T08:12:19.0,2020-05-18,2020-05-26T22:39:12.656
X:\OdontoceteClicks\clicks\2020\05\MARS_20200518_082219.wav_clicks.jld2,2020-05-18T08:22:19.0,2020-05-18,2020-05-26T22:39:30.77
X:\OdontoceteClicks\clicks\2020\05\MARS_20200518_083219.wav_clicks.jld2,2020-05-18T08:32:19.0,2020-05-18,2020-05-26T22:39:33.527
X:\OdontoceteClicks\clicks\2020\05\MARS_20200518_084219.wav_clicks.jld2,2020-05-18T08:42:19.0,2020-05-18,2020-05-26T22:39:51.403
X:\OdontoceteClicks\clicks\2020\05\MARS_20200518_085219.wav_clicks.jld2,2020-05-18T08:52:19.0,2020-05-18,2020-05-26T22:39:52.19
X:\OdontoceteClicks\clicks\2020\05\MARS_20200518_090219.wav_clicks.jld2,2020-05-18T09:02:19.0,2020-05-18,2020-05-26T22:40:11.099
X:\OdontoceteClicks\clicks\2020\05\MARS_20200518_091219.wav_clicks.jld2,2020-05-18T09:12:19.0,2020-05-18,2020-05-26T22:40:14.69
X:\OdontoceteClicks\clicks\2020\05\MARS_20200518_092219.wav_clicks.jld2,2020-05-18T09:22:19.0,2020-05-18,2020-05-26T22:40:31.013
X:\OdontoceteClicks\clicks\2020\05\MARS_20200518_093219.wav_clicks.jld2,2020-05-18T09:32:19.0,2020-05-18,2020-05-26T22:40:34.951
X:\OdontoceteClicks\clicks\2020\05\MARS_20200518_094219.wav_clicks.jld2,2020-05-18T09:42:19.0,2020-05-18,2020-05-26T22:40:51.297
X:\OdontoceteClicks\clicks\2020\05\MARS_20200518_095219.wav_clicks.jld2,2020-05-18T09:52:19.0,2020-05-18,2020-05-26T22:40:55.827
X:\OdontoceteClicks\clicks\2020\05\MARS_20200518_100219.wav_clicks.jld2,2020-05-18T10:02:19.0,2020-05-18,2020-05-26T22:41:12.075
X:\OdontoceteClicks\clicks\2020\05\MARS_20200518_101219.wav_clicks.jld2,2020-05-18T10:12:19.0,2020-05-18,2020-05-26T22:41:16.541
X:\OdontoceteClicks\clicks\2020\05\MARS_20200518_102219.wav_clicks.jld2,2020-05-18T10:22:19.0,2020-05-18,2020-05-26T22:41:32.381
X:\OdontoceteClicks\clicks\2020\05\MARS_20200518_103219.wav_clicks.jld2,2020-05-18T10:32:19.0,2020-05-18,2020-05-26T22:41:36.476
X:\OdontoceteClicks\clicks\2020\05\MARS_20200518_104219.wav_clicks.jld2,2020-05-18T10:42:19.0,2020-05-18,2020-05-26T22:41:52.955
X:\OdontoceteClicks\clicks\2020\05\MARS_20200518_105219.wav_clicks.jld2,2020-05-18T10:52:19.0,2020-05-18,2020-05-26T22:41:57.121
X:\OdontoceteClicks\clicks\2020\05\MARS_20200518_110219.wav_clicks.jld2,2020-05-18T11:02:19.0,2020-05-18,2020-05-26T22:42:14.375
X:\OdontoceteClicks\clicks\2020\05\MARS_20200518_111219.wav_clicks.jld2,2020-05-18T11:12:19.0,2020-05-18,2020-05-26T22:42:18.03
X:\OdontoceteClicks\clicks\2020\05\MARS_20200518_112219.wav_clicks.jld2,2020-05-18T11:22:19.0,2020-05-18,2020-05-26T22:42:35.324
X:\OdontoceteClicks\clicks\2020\05\MARS_20200518_113219.wav_clicks.jld2,2020-05-18T11:32:19.0,2020-05-18,2020-05-26T22:42:40.077
X:\OdontoceteClicks\clicks\2020\05\MARS_20200518_114219.wav_clicks.jld2,2020-05-18T11:42:19.0,2020-05-18,2020-05-26T22:43:51.729
X:\OdontoceteClicks\clicks\2020\05\MARS_20200518_115219.wav_clicks.jld2,2020-05-18T11:52:19.0,2020-05-18,2020-05-26T22:43:52.201
X:\OdontoceteClicks\clicks\2020\05\MARS_20200518_120219.wav_clicks.jld2,2020-05-18T12:02:19.0,2020-05-18,2020-05-26T22:44:11.995
X:\OdontoceteClicks\clicks\2020\05\MARS_20200518_121219.wav_clicks.jld2,2020-05-18T12:12:19.0,2020-05-18,2020-05-26T22:44:12.567
X:\OdontoceteClicks\clicks\2020\05\MARS_20200518_122219.wav_clicks.jld2,2020-05-18T12:22:19.0,2020-05-18,2020-05-26T22:44:32.846
X:\OdontoceteClicks\clicks\2020\05\MARS_20200518_123219.wav_clicks.jld2,2020-05-18T12:32:19.0,2020-05-18,2020-05-26T22:44:33.567
X:\OdontoceteClicks\clicks\2020\05\MARS_20200518_124219.wav_clicks.jld2,2020-05-18T12:42:19.0,2020-05-18,2020-05-26T22:44:52.78
X:\OdontoceteClicks\clicks\2020\05\MARS_20200518_125219.wav_clicks.jld2,2020-05-18T12:52:19.0,2020-05-18,2020-05-26T22:44:53.471
X:\OdontoceteClicks\clicks\2020\05\MARS_20200518_130219.wav_clicks.jld2,2020-05-18T13:02:19.0,2020-05-18,2020-05-26T22:45:13.786
X:\OdontoceteClicks\clicks\2020\05\MARS_20200518_131219.wav_clicks.jld2,2020-05-18T13:12:19.0,2020-05-18,2020-05-26T22:45:13.778
X:\OdontoceteClicks\clicks\2020\05\MARS_20200518_132219.wav_clicks.jld2,2020-05-18T13:22:19.0,2020-05-18,2020-05-26T22:45:34.079
X:\OdontoceteClicks\clicks\2020\05\MARS_20200518_133219.wav_clicks.jld2,2020-05-18T13:32:19.0,2020-05-18,2020-05-26T22:45:34.976
X:\OdontoceteClicks\clicks\2020\05\MARS_20200518_134219.wav_clicks.jld2,2020-05-18T13:42:19.0,2020-05-18,2020-05-26T22:45:55.265
X:\OdontoceteClicks\clicks\2020\05\MARS_20200518_135219.wav_clicks.jld2,2020-05-18T13:52:19.0,2020-05-18,2020-05-26T22:45:55.358
X:\OdontoceteClicks\clicks\2020\05\MARS_20200518_140219.wav_clicks.jld2,2020-05-18T14:02:19.0,2020-05-18,2020-05-26T22:46:16.894
X:\OdontoceteClicks\clicks\2020\05\MARS_20200518_141219.wav_clicks.jld2,2020-05-18T14:12:19.0,2020-05-18,2020-05-26T22:46:16.801
X:\OdontoceteClicks\clicks\2020\05\MARS_20200518_142219.wav_clicks.jld2,2020-05-18T14:22:19.0,2020-05-18,2020-05-26T22:46:37.2
X:\OdontoceteClicks\clicks\2020\05\MARS_20200518_143219.wav_clicks.jld2,2020-05-18T14:32:19.0,2020-05-18,2020-05-26T22:46:38.318
X:\OdontoceteClicks\clicks\2020\05\MARS_20200518_144219.wav_clicks.jld2,2020-05-18T14:42:19.0,2020-05-18,2020-05-26T22:46:58.075
X:\OdontoceteClicks\clicks\2020\05\MARS_20200518_145219.wav_clicks.jld2,2020-05-18T14:52:19.0,2020-05-18,2020-05-26T22:46:59.179
X:\OdontoceteClicks\clicks\2020\05\MARS_20200518_150219.wav_clicks.jld2,2020-05-18T15:02:19.0,2020-05-18,2020-05-26T22:47:18.814
X:\OdontoceteClicks\clicks\2020\05\MARS_20200518_151219.wav_clicks.jld2,2020-05-18T15:12:19.0,2020-05-18,2020-05-26T22:47:19.51
X:\OdontoceteClicks\clicks\2020\05\MARS_20200518_152219.wav_clicks.jld2,2020-05-18T15:22:19.0,2020-05-18,2020-05-26T22:47:38.949
X:\OdontoceteClicks\clicks\2020\05\MARS_20200518_153219.wav_clicks.jld2,2020-05-18T15:32:19.0,2020-05-18,2020-05-26T22:47:39.305
X:\OdontoceteClicks\clicks\2020\05\MARS_20200518_154219.wav_clicks.jld2,2020-05-18T15:42:19.0,2020-05-18,2020-05-26T22:48:00.56
X:\OdontoceteClicks\clicks\2020\05\MARS_20200518_155219.wav_clicks.jld2,2020-05-18T15:52:19.0,2020-05-18,2020-05-26T22:47:59.534
X:\OdontoceteClicks\clicks\2020\05\MARS_20200518_160219.wav_clicks.jld2,2020-05-18T16:02:19.0,2020-05-18,2020-05-26T22:48:20.855
X:\OdontoceteClicks\clicks\2020\05\MARS_20200518_161219.wav_clicks.jld2,2020-05-18T16:12:19.0,2020-05-18,2020-05-26T22:48:19.512
X:\OdontoceteClicks\clicks\2020\05\MARS_20200518_162219.wav_clicks.jld2,2020-05-18T16:22:19.0,2020-05-18,2020-05-26T22:48:40.214
X:\OdontoceteClicks\clicks\2020\05\MARS_20200518_163219.wav_clicks.jld2,2020-05-18T16:32:19.0,2020-05-18,2020-05-26T22:48:41.504
X:\OdontoceteClicks\clicks\2020\05\MARS_20200518_164219.wav_clicks.jld2,2020-05-18T16:42:19.0,2020-05-18,2020-05-26T22:48:59.914
X:\OdontoceteClicks\clicks\2020\05\MARS_20200518_165219.wav_clicks.jld2,2020-05-18T16:52:19.0,2020-05-18,2020-05-26T22:49:02.156
X:\OdontoceteClicks\clicks\2020\05\MARS_20200518_170219.wav_clicks.jld2,2020-05-18T17:02:19.0,2020-05-18,2020-05-26T22:49:20.15
X:\OdontoceteClicks\clicks\2020\05\MARS_20200518_171219.wav_clicks.jld2,2020-05-18T17:12:19.0,2020-05-18,2020-05-26T22:49:22.874
X:\OdontoceteClicks\clicks\2020\05\MARS_20200518_172219.wav_clicks.jld2,2020-05-18T17:22:19.0,2020-05-18,2020-05-26T22:49:40.12
X:\OdontoceteClicks\clicks\2020\05\MARS_20200518_173219.wav_clicks.jld2,2020-05-18T17:32:19.0,2020-05-18,2020-05-26T22:49:43.756
X:\OdontoceteClicks\clicks\2020\05\MARS_20200518_174219.wav_clicks.jld2,2020-05-18T17:42:19.0,2020-05-18,2020-05-26T22:50:05.521
X:\OdontoceteClicks\clicks\2020\05\MARS_20200518_175219.wav_clicks.jld2,2020-05-18T17:52:19.0,2020-05-18,2020-05-26T22:50:04.69
X:\OdontoceteClicks\clicks\2020\05\MARS_20200518_180219.wav_clicks.jld2,2020-05-18T18:02:19.0,2020-05-18,2020-05-26T22:50:25.593
X:\OdontoceteClicks\clicks\2020\05\MARS_20200518_181219.wav_clicks.jld2,2020-05-18T18:12:19.0,2020-05-18,2020-05-26T22:50:25.909
X:\OdontoceteClicks\clicks\2020\05\MARS_20200518_182219.wav_clicks.jld2,2020-05-18T18:22:19.0,2020-05-18,2020-05-26T22:50:46.175
X:\OdontoceteClicks\clicks\2020\05\MARS_20200518_183219.wav_clicks.jld2,2020-05-18T18:32:19.0,2020-05-18,2020-05-26T22:50:46.213
X:\OdontoceteClicks\clicks\2020\05\MARS_20200518_184219.wav_clicks.jld2,2020-05-18T18:42:19.0,2020-05-18,2020-05-26T22:51:06.375
X:\OdontoceteClicks\clicks\2020\05\MARS_20200518_185219.wav_clicks.jld2,2020-05-18T18:52:19.0,2020-05-18,2020-05-26T22:51:07.658
X:\OdontoceteClicks\clicks\2020\05\MARS_20200518_190219.wav_clicks.jld2,2020-05-18T19:02:19.0,2020-05-18,2020-05-26T22:51:27.397
X:\OdontoceteClicks\clicks\2020\05\MARS_20200518_191219.wav_clicks.jld2,2020-05-18T19:12:19.0,2020-05-18,2020-05-26T22:51:28.277
X:\OdontoceteClicks\clicks\2020\05\MARS_20200518_192219.wav_clicks.jld2,2020-05-18T19:22:19.0,2020-05-18,2020-05-26T22:51:47.17
X:\OdontoceteClicks\clicks\2020\05\MARS_20200518_193219.wav_clicks.jld2,2020-05-18T19:32:19.0,2020-05-18,2020-05-26T22:51:48.409
X:\OdontoceteClicks\clicks\2020\05\MARS_20200518_194219.wav_clicks.jld2,2020-05-18T19:42:19.0,2020-05-18,2020-05-26T22:52:08.219
X:\OdontoceteClicks\clicks\2020\05\MARS_20200518_195219.wav_clicks.jld2,2020-05-18T19:52:19.0,2020-05-18,2020-05-26T22:52:07.716
X:\OdontoceteClicks\clicks\2020\05\MARS_20200518_200219.wav_clicks.jld2,2020-05-18T20:02:19.0,2020-05-18,2020-05-26T22:52:29.161
X:\OdontoceteClicks\clicks\2020\05\MARS_20200518_201219.wav_clicks.jld2,2020-05-18T20:12:19.0,2020-05-18,2020-05-26T22:52:29.423
X:\OdontoceteClicks\clicks\2020\05\MARS_20200518_202219.wav_clicks.jld2,2020-05-18T20:22:19.0,2020-05-18,2020-05-26T22:52:48.95
X:\OdontoceteClicks\clicks\2020\05\MARS_20200518_203219.wav_clicks.jld2,2020-05-18T20:32:19.0,2020-05-18,2020-05-26T22:52:50.586
X:\OdontoceteClicks\clicks\2020\05\MARS_20200518_204219.wav_clicks.jld2,2020-05-18T20:42:19.0,2020-05-18,2020-05-26T22:53:08.534
X:\OdontoceteClicks\clicks\2020\05\MARS_20200518_205219.wav_clicks.jld2,2020-05-18T20:52:19.0,2020-05-18,2020-05-26T22:53:11.827
X:\OdontoceteClicks\clicks\2020\05\MARS_20200518_210219.wav_clicks.jld2,2020-05-18T21:02:19.0,2020-05-18,2020-05-26T22:53:28.343
X:\OdontoceteClicks\clicks\2020\05\MARS_20200518_211219.wav_clicks.jld2,2020-05-18T21:12:19.0,2020-05-18,2020-05-26T22:53:32.277
X:\OdontoceteClicks\clicks\2020\05\MARS_20200518_212219.wav_clicks.jld2,2020-05-18T21:22:19.0,2020-05-18,2020-05-26T22:53:48.668
X:\OdontoceteClicks\clicks\2020\05\MARS_20200518_213219.wav_clicks.jld2,2020-05-18T21:32:19.0,2020-05-18,2020-05-26T22:53:52.845
X:\OdontoceteClicks\clicks\2020\05\MARS_20200518_214219.wav_clicks.jld2,2020-05-18T21:42:19.0,2020-05-18,2020-05-26T22:54:09.246
X:\OdontoceteClicks\clicks\2020\05\MARS_20200518_215219.wav_clicks.jld2,2020-05-18T21:52:19.0,2020-05-18,2020-05-26T22:54:12.487
X:\OdontoceteClicks\clicks\2020\05\MARS_20200518_220219.wav_clicks.jld2,2020-05-18T22:02:19.0,2020-05-18,2020-05-26T22:54:30.47
X:\OdontoceteClicks\clicks\2020\05\MARS_20200518_221219.wav_clicks.jld2,2020-05-18T22:12:19.0,2020-05-18,2020-05-26T22:54:34.151
X:\OdontoceteClicks\clicks\2020\05\MARS_20200518_222219.wav_clicks.jld2,2020-05-18T22:22:19.0,2020-05-18,2020-05-26T22:54:52.394
X:\OdontoceteClicks\clicks\2020\05\MARS_20200518_223219.wav_clicks.jld2,2020-05-18T22:32:19.0,2020-05-18,2020-05-26T22:54:53.801
X:\OdontoceteClicks\clicks\2020\05\MARS_20200518_224219.wav_clicks.jld2,2020-05-18T22:42:19.0,2020-05-18,2020-05-26T22:55:13.967
X:\OdontoceteClicks\clicks\2020\05\MARS_20200518_225219.wav_clicks.jld2,2020-05-18T22:52:19.0,2020-05-18,2020-05-26T22:55:14.989
X:\OdontoceteClicks\clicks\2020\05\MARS_20200518_230219.wav_clicks.jld2,2020-05-18T23:02:19.0,2020-05-18,2020-05-26T22:55:34.466
X:\OdontoceteClicks\clicks\2020\05\MARS_20200518_231219.wav_clicks.jld2,2020-05-18T23:12:19.0,2020-05-18,2020-05-26T22:55:35.289
X:\OdontoceteClicks\clicks\2020\05\MARS_20200518_232219.wav_clicks.jld2,2020-05-18T23:22:19.0,2020-05-18,2020-05-26T22:55:55.069
X:\OdontoceteClicks\clicks\2020\05\MARS_20200518_233219.wav_clicks.jld2,2020-05-18T23:32:19.0,2020-05-18,2020-05-26T22:55:56.453
X:\OdontoceteClicks\clicks\2020\05\MARS_20200518_234219.wav_clicks.jld2,2020-05-18T23:42:19.0,2020-05-18,2020-05-26T22:56:15.368
X:\OdontoceteClicks\clicks\2020\05\MARS_20200518_235219.wav_clicks.jld2,2020-05-18T23:52:19.0,2020-05-18,2020-05-26T22:56:18.398
X:\OdontoceteClicks\clicks\2020\05\MARS_20200519_000219.wav_clicks.jld2,2020-05-19T00:02:19.0,2020-05-19,2020-05-26T22:56:36.873
X:\OdontoceteClicks\clicks\2020\05\MARS_20200519_001219.wav_clicks.jld2,2020-05-19T00:12:19.0,2020-05-19,2020-05-26T22:56:40.356
X:\OdontoceteClicks\clicks\2020\05\MARS_20200519_002219.wav_clicks.jld2,2020-05-19T00:22:19.0,2020-05-19,2020-05-26T22:56:57.768
X:\OdontoceteClicks\clicks\2020\05\MARS_20200519_003219.wav_clicks.jld2,2020-05-19T00:32:19.0,2020-05-19,2020-05-26T22:57:01.65
X:\OdontoceteClicks\clicks\2020\05\MARS_20200519_004219.wav_clicks.jld2,2020-05-19T00:42:19.0,2020-05-19,2020-05-26T22:57:18.021
X:\OdontoceteClicks\clicks\2020\05\MARS_20200519_005219.wav_clicks.jld2,2020-05-19T00:52:19.0,2020-05-19,2020-05-26T22:57:22.008
X:\OdontoceteClicks\clicks\2020\05\MARS_20200519_010219.wav_clicks.jld2,2020-05-19T01:02:19.0,2020-05-19,2020-05-26T22:57:37.149
X:\OdontoceteClicks\clicks\2020\05\MARS_20200519_011219.wav_clicks.jld2,2020-05-19T01:12:19.0,2020-05-19,2020-05-26T22:57:42.686
X:\OdontoceteClicks\clicks\2020\05\MARS_20200519_012219.wav_clicks.jld2,2020-05-19T01:22:19.0,2020-05-19,2020-05-26T22:57:56.669
X:\OdontoceteClicks\clicks\2020\05\MARS_20200519_013219.wav_clicks.jld2,2020-05-19T01:32:19.0,2020-05-19,2020-05-26T22:58:01.996
X:\OdontoceteClicks\clicks\2020\05\MARS_20200519_014219.wav_clicks.jld2,2020-05-19T01:42:19.0,2020-05-19,2020-05-26T22:58:16.636
X:\OdontoceteClicks\clicks\2020\05\MARS_20200519_015219.wav_clicks.jld2,2020-05-19T01:52:19.0,2020-05-19,2020-05-26T22:58:21.23
X:\OdontoceteClicks\clicks\2020\05\MARS_20200519_020219.wav_clicks.jld2,2020-05-19T02:02:19.0,2020-05-19,2020-05-26T22:58:36.83
X:\OdontoceteClicks\clicks\2020\05\MARS_20200519_021219.wav_clicks.jld2,2020-05-19T02:12:19.0,2020-05-19,2020-05-26T22:58:41.532
X:\OdontoceteClicks\clicks\2020\05\MARS_20200519_022219.wav_clicks.jld2,2020-05-19T02:22:19.0,2020-05-19,2020-05-26T22:58:58.145
X:\OdontoceteClicks\clicks\2020\05\MARS_20200519_023219.wav_clicks.jld2,2020-05-19T02:32:19.0,2020-05-19,2020-05-26T22:59:00.466
X:\OdontoceteClicks\clicks\2020\05\MARS_20200519_024219.wav_clicks.jld2,2020-05-19T02:42:19.0,2020-05-19,2020-05-26T22:59:18.225
X:\OdontoceteClicks\clicks\2020\05\MARS_20200519_025219.wav_clicks.jld2,2020-05-19T02:52:19.0,2020-05-19,2020-05-26T22:59:22.332
X:\OdontoceteClicks\clicks\2020\05\MARS_20200519_030219.wav_clicks.jld2,2020-05-19T03:02:19.0,2020-05-19,2020-05-26T22:59:38.895
X:\OdontoceteClicks\clicks\2020\05\MARS_20200519_031219.wav_clicks.jld2,2020-05-19T03:12:19.0,2020-05-19,2020-05-26T22:59:43.291
X:\OdontoceteClicks\clicks\2020\05\MARS_20200519_032219.wav_clicks.jld2,2020-05-19T03:22:19.0,2020-05-19,2020-05-26T22:59:59.673
X:\OdontoceteClicks\clicks\2020\05\MARS_20200519_033219.wav_clicks.jld2,2020-05-19T03:32:19.0,2020-05-19,2020-05-26T23:00:04.269
X:\OdontoceteClicks\clicks\2020\05\MARS_20200519_034219.wav_clicks.jld2,2020-05-19T03:42:19.0,2020-05-19,2020-05-26T23:00:20.381
X:\OdontoceteClicks\clicks\2020\05\MARS_20200519_035219.wav_clicks.jld2,2020-05-19T03:52:19.0,2020-05-19,2020-05-26T23:00:25.86
X:\OdontoceteClicks\clicks\2020\05\MARS_20200519_040219.wav_clicks.jld2,2020-05-19T04:02:19.0,2020-05-19,2020-05-26T23:00:40.594
X:\OdontoceteClicks\clicks\2020\05\MARS_20200519_041219.wav_clicks.jld2,2020-05-19T04:12:19.0,2020-05-19,2020-05-26T23:00:46.728
X:\OdontoceteClicks\clicks\2020\05\MARS_20200519_042219.wav_clicks.jld2,2020-05-19T04:22:19.0,2020-05-19,2020-05-26T23:01:01.555
X:\OdontoceteClicks\clicks\2020\05\MARS_20200519_043219.wav_clicks.jld2,2020-05-19T04:32:19.0,2020-05-19,2020-05-26T23:01:07.929
X:\OdontoceteClicks\clicks\2020\05\MARS_20200519_044219.wav_clicks.jld2,2020-05-19T04:42:19.0,2020-05-19,2020-05-26T23:01:22.087
X:\OdontoceteClicks\clicks\2020\05\MARS_20200519_045219.wav_clicks.jld2,2020-05-19T04:52:19.0,2020-05-19,2020-05-26T23:01:27.537
X:\OdontoceteClicks\clicks\2020\05\MARS_20200519_050219.wav_clicks.jld2,2020-05-19T05:02:19.0,2020-05-19,2020-05-26T23:01:42.677
X:\OdontoceteClicks\clicks\2020\05\MARS_20200519_051219.wav_clicks.jld2,2020-05-19T05:12:19.0,2020-05-19,2020-05-26T23:01:47.566
X:\OdontoceteClicks\clicks\2020\05\MARS_20200519_052219.wav_clicks.jld2,2020-05-19T05:22:19.0,2020-05-19,2020-05-26T23:02:03.792
X:\OdontoceteClicks\clicks\2020\05\MARS_20200519_053219.wav_clicks.jld2,2020-05-19T05:32:19.0,2020-05-19,2020-05-26T23:02:08.856
X:\OdontoceteClicks\clicks\2020\05\MARS_20200519_054219.wav_clicks.jld2,2020-05-19T05:42:19.0,2020-05-19,2020-05-26T23:02:24.506
X:\OdontoceteClicks\clicks\2020\05\MARS_20200519_055219.wav_clicks.jld2,2020-05-19T05:52:19.0,2020-05-19,2020-05-26T23:02:28.621
X:\OdontoceteClicks\clicks\2020\05\MARS_20200519_060219.wav_clicks.jld2,2020-05-19T06:02:19.0,2020-05-19,2020-05-26T23:02:44.633
X:\OdontoceteClicks\clicks\2020\05\MARS_20200519_061219.wav_clicks.jld2,2020-05-19T06:12:19.0,2020-05-19,2020-05-26T23:02:48.427
X:\OdontoceteClicks\clicks\2020\05\MARS_20200519_062219.wav_clicks.jld2,2020-05-19T06:22:19.0,2020-05-19,2020-05-26T23:03:06.19
X:\OdontoceteClicks\clicks\2020\05\MARS_20200519_063219.wav_clicks.jld2,2020-05-19T06:32:19.0,2020-05-19,2020-05-26T23:03:08.77
X:\OdontoceteClicks\clicks\2020\05\MARS_20200519_064219.wav_clicks.jld2,2020-05-19T06:42:19.0,2020-05-19,2020-05-26T23:03:26.983
X:\OdontoceteClicks\clicks\2020\05\MARS_20200519_065219.wav_clicks.jld2,2020-05-19T06:52:19.0,2020-05-19,2020-05-26T23:03:28.581
X:\OdontoceteClicks\clicks\2020\05\MARS_20200519_070219.wav_clicks.jld2,2020-05-19T07:02:19.0,2020-05-19,2020-05-26T23:03:48.002
X:\OdontoceteClicks\clicks\2020\05\MARS_20200519_071219.wav_clicks.jld2,2020-05-19T07:12:19.0,2020-05-19,2020-05-26T23:03:49.278
X:\OdontoceteClicks\clicks\2020\05\MARS_20200519_072219.wav_clicks.jld2,2020-05-19T07:22:19.0,2020-05-19,2020-05-26T23:04:08.773
X:\OdontoceteClicks\clicks\2020\05\MARS_20200519_073219.wav_clicks.jld2,2020-05-19T07:32:19.0,2020-05-19,2020-05-26T23:04:09.49
X:\OdontoceteClicks\clicks\2020\05\MARS_20200519_074219.wav_clicks.jld2,2020-05-19T07:42:19.0,2020-05-19,2020-05-26T23:04:30.237
X:\OdontoceteClicks\clicks\2020\05\MARS_20200519_075219.wav_clicks.jld2,2020-05-19T07:52:19.0,2020-05-19,2020-05-26T23:04:30.757
X:\OdontoceteClicks\clicks\2020\05\MARS_20200519_080219.wav_clicks.jld2,2020-05-19T08:02:19.0,2020-05-19,2020-05-26T23:04:49.63
X:\OdontoceteClicks\clicks\2020\05\MARS_20200519_081219.wav_clicks.jld2,2020-05-19T08:12:19.0,2020-05-19,2020-05-26T23:04:51.086
X:\OdontoceteClicks\clicks\2020\05\MARS_20200519_082219.wav_clicks.jld2,2020-05-19T08:22:19.0,2020-05-19,2020-05-26T23:05:10.345
X:\OdontoceteClicks\clicks\2020\05\MARS_20200519_083219.wav_clicks.jld2,2020-05-19T08:32:19.0,2020-05-19,2020-05-26T23:05:11.168
X:\OdontoceteClicks\clicks\2020\05\MARS_20200519_084219.wav_clicks.jld2,2020-05-19T08:42:19.0,2020-05-19,2020-05-26T23:05:31.401
X:\OdontoceteClicks\clicks\2020\05\MARS_20200519_085219.wav_clicks.jld2,2020-05-19T08:52:19.0,2020-05-19,2020-05-26T23:05:32.252
X:\OdontoceteClicks\clicks\2020\05\MARS_20200519_090219.wav_clicks.jld2,2020-05-19T09:02:19.0,2020-05-19,2020-05-26T23:05:51.313
X:\OdontoceteClicks\clicks\2020\05\MARS_20200519_091219.wav_clicks.jld2,2020-05-19T09:12:19.0,2020-05-19,2020-05-26T23:05:52.753
X:\OdontoceteClicks\clicks\2020\05\MARS_20200519_092219.wav_clicks.jld2,2020-05-19T09:22:19.0,2020-05-19,2020-05-26T23:06:11.856
X:\OdontoceteClicks\clicks\2020\05\MARS_20200519_093219.wav_clicks.jld2,2020-05-19T09:32:19.0,2020-05-19,2020-05-26T23:06:12.51
X:\OdontoceteClicks\clicks\2020\05\MARS_20200519_094219.wav_clicks.jld2,2020-05-19T09:42:19.0,2020-05-19,2020-05-26T23:06:31.985
X:\OdontoceteClicks\clicks\2020\05\MARS_20200519_095219.wav_clicks.jld2,2020-05-19T09:52:19.0,2020-05-19,2020-05-26T23:06:32.876
X:\OdontoceteClicks\clicks\2020\05\MARS_20200519_100219.wav_clicks.jld2,2020-05-19T10:02:19.0,2020-05-19,2020-05-26T23:06:52.669
X:\OdontoceteClicks\clicks\2020\05\MARS_20200519_101219.wav_clicks.jld2,2020-05-19T10:12:19.0,2020-05-19,2020-05-26T23:06:53.94
X:\OdontoceteClicks\clicks\2020\05\MARS_20200519_102219.wav_clicks.jld2,2020-05-19T10:22:19.0,2020-05-19,2020-05-26T23:07:12.329
X:\OdontoceteClicks\clicks\2020\05\MARS_20200519_103219.wav_clicks.jld2,2020-05-19T10:32:19.0,2020-05-19,2020-05-26T23:07:13.643
X:\OdontoceteClicks\clicks\2020\05\MARS_20200519_104219.wav_clicks.jld2,2020-05-19T10:42:19.0,2020-05-19,2020-05-26T23:07:32.825
X:\OdontoceteClicks\clicks\2020\05\MARS_20200519_105219.wav_clicks.jld2,2020-05-19T10:52:19.0,2020-05-19,2020-05-26T23:07:33.656
X:\OdontoceteClicks\clicks\2020\05\MARS_20200519_110219.wav_clicks.jld2,2020-05-19T11:02:19.0,2020-05-19,2020-05-26T23:07:54.151
X:\OdontoceteClicks\clicks\2020\05\MARS_20200519_111219.wav_clicks.jld2,2020-05-19T11:12:19.0,2020-05-19,2020-05-26T23:07:54.382
X:\OdontoceteClicks\clicks\2020\05\MARS_20200519_112219.wav_clicks.jld2,2020-05-19T11:22:19.0,2020-05-19,2020-05-26T23:08:13.794
