file,processed,processed_time
\\atlas.shore.mbari.org\PAM_Archive\2020\05\MARS_20200501_000219.wav,true,2020-05-23T14:07:08.037
\\atlas.shore.mbari.org\PAM_Archive\2020\05\MARS_20200501_001219.wav,true,2020-05-23T14:07:07.987
\\atlas.shore.mbari.org\PAM_Archive\2020\05\MARS_20200501_002219.wav,true,2020-05-23T14:07:28.883
\\atlas.shore.mbari.org\PAM_Archive\2020\05\MARS_20200501_003219.wav,true,2020-05-23T14:07:32.398
\\atlas.shore.mbari.org\PAM_Archive\2020\05\MARS_20200501_004219.wav,true,2020-05-23T14:07:50.214
\\atlas.shore.mbari.org\PAM_Archive\2020\05\MARS_20200501_005219.wav,true,2020-05-23T14:07:53.021
\\atlas.shore.mbari.org\PAM_Archive\2020\05\MARS_20200501_010219.wav,true,2020-05-23T14:08:10.834
\\atlas.shore.mbari.org\PAM_Archive\2020\05\MARS_20200501_011219.wav,true,2020-05-23T14:08:14.815
\\atlas.shore.mbari.org\PAM_Archive\2020\05\MARS_20200501_012219.wav,true,2020-05-23T14:08:32.293
\\atlas.shore.mbari.org\PAM_Archive\2020\05\MARS_20200501_013219.wav,true,2020-05-23T14:08:35.448
\\atlas.shore.mbari.org\PAM_Archive\2020\05\MARS_20200501_014219.wav,true,2020-05-23T14:08:52.729
\\atlas.shore.mbari.org\PAM_Archive\2020\05\MARS_20200501_015219.wav,true,2020-05-23T14:08:58.236
\\atlas.shore.mbari.org\PAM_Archive\2020\05\MARS_20200501_020219.wav,true,2020-05-23T14:09:14.301
\\atlas.shore.mbari.org\PAM_Archive\2020\05\MARS_20200501_021219.wav,true,2020-05-23T14:09:21.593
\\atlas.shore.mbari.org\PAM_Archive\2020\05\MARS_20200501_022219.wav,true,2020-05-23T14:09:35.726
\\atlas.shore.mbari.org\PAM_Archive\2020\05\MARS_20200501_023219.wav,true,2020-05-23T14:09:45.787
\\atlas.shore.mbari.org\PAM_Archive\2020\05\MARS_20200501_024219.wav,true,2020-05-23T14:09:58.766
\\atlas.shore.mbari.org\PAM_Archive\2020\05\MARS_20200501_025219.wav,true,2020-05-23T14:10:06.539
\\atlas.shore.mbari.org\PAM_Archive\2020\05\MARS_20200501_030219.wav,true,2020-05-23T14:10:20.615
\\atlas.shore.mbari.org\PAM_Archive\2020\05\MARS_20200501_031219.wav,true,2020-05-23T14:10:27.269
\\atlas.shore.mbari.org\PAM_Archive\2020\05\MARS_20200501_032219.wav,true,2020-05-23T14:10:43.34
\\atlas.shore.mbari.org\PAM_Archive\2020\05\MARS_20200501_033219.wav,true,2020-05-23T14:10:52.271
\\atlas.shore.mbari.org\PAM_Archive\2020\05\MARS_20200501_034219.wav,true,2020-05-23T14:11:03.336
\\atlas.shore.mbari.org\PAM_Archive\2020\05\MARS_20200501_035219.wav,true,2020-05-23T14:11:12.852
\\atlas.shore.mbari.org\PAM_Archive\2020\05\MARS_20200501_040219.wav,true,2020-05-23T14:11:23.686
\\atlas.shore.mbari.org\PAM_Archive\2020\05\MARS_20200501_041219.wav,true,2020-05-23T14:11:33.748
\\atlas.shore.mbari.org\PAM_Archive\2020\05\MARS_20200501_042219.wav,true,2020-05-23T14:11:47.496
\\atlas.shore.mbari.org\PAM_Archive\2020\05\MARS_20200501_043219.wav,true,2020-05-23T14:11:54.727
\\atlas.shore.mbari.org\PAM_Archive\2020\05\MARS_20200501_044219.wav,true,2020-05-23T14:12:12.023
\\atlas.shore.mbari.org\PAM_Archive\2020\05\MARS_20200501_045219.wav,true,2020-05-23T14:12:15.476
\\atlas.shore.mbari.org\PAM_Archive\2020\05\MARS_20200501_050219.wav,true,2020-05-23T14:12:32.788
\\atlas.shore.mbari.org\PAM_Archive\2020\05\MARS_20200501_051219.wav,true,2020-05-23T14:12:36.874
\\atlas.shore.mbari.org\PAM_Archive\2020\05\MARS_20200501_052219.wav,true,2020-05-23T14:12:55.655
\\atlas.shore.mbari.org\PAM_Archive\2020\05\MARS_20200501_053219.wav,true,2020-05-23T14:12:58.758
\\atlas.shore.mbari.org\PAM_Archive\2020\05\MARS_20200501_054219.wav,true,2020-05-23T14:13:17.649
\\atlas.shore.mbari.org\PAM_Archive\2020\05\MARS_20200501_055219.wav,true,2020-05-23T14:13:23.376
\\atlas.shore.mbari.org\PAM_Archive\2020\05\MARS_20200501_060219.wav,true,2020-05-23T14:13:39.76
\\atlas.shore.mbari.org\PAM_Archive\2020\05\MARS_20200501_061219.wav,true,2020-05-23T14:13:44.671
\\atlas.shore.mbari.org\PAM_Archive\2020\05\MARS_20200501_062219.wav,true,2020-05-23T14:14:00.269
\\atlas.shore.mbari.org\PAM_Archive\2020\05\MARS_20200501_063219.wav,true,2020-05-23T14:14:05.9
\\atlas.shore.mbari.org\PAM_Archive\2020\05\MARS_20200501_064219.wav,true,2020-05-23T14:14:21.815
\\atlas.shore.mbari.org\PAM_Archive\2020\05\MARS_20200501_065219.wav,true,2020-05-23T14:14:28.782
\\atlas.shore.mbari.org\PAM_Archive\2020\05\MARS_20200501_070219.wav,true,2020-05-23T14:14:44.64
\\atlas.shore.mbari.org\PAM_Archive\2020\05\MARS_20200501_071219.wav,true,2020-05-23T14:14:50.572
\\atlas.shore.mbari.org\PAM_Archive\2020\05\MARS_20200501_072219.wav,true,2020-05-23T14:15:05.222
\\atlas.shore.mbari.org\PAM_Archive\2020\05\MARS_20200501_073219.wav,true,2020-05-23T14:15:14.033
\\atlas.shore.mbari.org\PAM_Archive\2020\05\MARS_20200501_074219.wav,true,2020-05-23T14:15:28.284
\\atlas.shore.mbari.org\PAM_Archive\2020\05\MARS_20200501_075219.wav,true,2020-05-23T14:15:37.139
\\atlas.shore.mbari.org\PAM_Archive\2020\05\MARS_20200501_080219.wav,true,2020-05-23T14:15:51.652
\\atlas.shore.mbari.org\PAM_Archive\2020\05\MARS_20200501_081219.wav,true,2020-05-23T14:15:58.687
\\atlas.shore.mbari.org\PAM_Archive\2020\05\MARS_20200501_082219.wav,true,2020-05-23T14:16:11.43
\\atlas.shore.mbari.org\PAM_Archive\2020\05\MARS_20200501_083219.wav,true,2020-05-23T14:16:19.658
\\atlas.shore.mbari.org\PAM_Archive\2020\05\MARS_20200501_084219.wav,true,2020-05-23T14:16:32.646
\\atlas.shore.mbari.org\PAM_Archive\2020\05\MARS_20200501_085219.wav,true,2020-05-23T14:16:40.973
\\atlas.shore.mbari.org\PAM_Archive\2020\05\MARS_20200501_090219.wav,true,2020-05-23T14:16:53.021
\\atlas.shore.mbari.org\PAM_Archive\2020\05\MARS_20200501_091219.wav,true,2020-05-23T14:17:02.309
\\atlas.shore.mbari.org\PAM_Archive\2020\05\MARS_20200501_092219.wav,true,2020-05-23T14:17:18.402
\\atlas.shore.mbari.org\PAM_Archive\2020\05\MARS_20200501_093219.wav,true,2020-05-23T14:17:23.98
\\atlas.shore.mbari.org\PAM_Archive\2020\05\MARS_20200501_094219.wav,true,2020-05-23T14:17:38.664
\\atlas.shore.mbari.org\PAM_Archive\2020\05\MARS_20200501_095219.wav,true,2020-05-23T14:17:44.179
\\atlas.shore.mbari.org\PAM_Archive\2020\05\MARS_20200501_100219.wav,true,2020-05-23T14:17:59.04
\\atlas.shore.mbari.org\PAM_Archive\2020\05\MARS_20200501_101219.wav,true,2020-05-23T14:18:05.884
\\atlas.shore.mbari.org\PAM_Archive\2020\05\MARS_20200501_102219.wav,true,2020-05-23T14:18:21.959
\\atlas.shore.mbari.org\PAM_Archive\2020\05\MARS_20200501_103219.wav,true,2020-05-23T14:18:27.806
\\atlas.shore.mbari.org\PAM_Archive\2020\05\MARS_20200501_104219.wav,true,2020-05-23T14:18:44.552
\\atlas.shore.mbari.org\PAM_Archive\2020\05\MARS_20200501_105219.wav,true,2020-05-23T14:18:48.51
\\atlas.shore.mbari.org\PAM_Archive\2020\05\MARS_20200501_110219.wav,true,2020-05-23T14:19:06.017
\\atlas.shore.mbari.org\PAM_Archive\2020\05\MARS_20200501_111219.wav,true,2020-05-23T14:19:10.658
\\atlas.shore.mbari.org\PAM_Archive\2020\05\MARS_20200501_112219.wav,true,2020-05-23T14:19:27.283
\\atlas.shore.mbari.org\PAM_Archive\2020\05\MARS_20200501_113219.wav,true,2020-05-23T14:19:32.578
\\atlas.shore.mbari.org\PAM_Archive\2020\05\MARS_20200501_114219.wav,true,2020-05-23T14:19:48.999
\\atlas.shore.mbari.org\PAM_Archive\2020\05\MARS_20200501_115219.wav,true,2020-05-23T14:19:52.843
\\atlas.shore.mbari.org\PAM_Archive\2020\05\MARS_20200501_120219.wav,true,2020-05-23T14:20:09.124
\\atlas.shore.mbari.org\PAM_Archive\2020\05\MARS_20200501_121219.wav,true,2020-05-23T14:20:13.247
\\atlas.shore.mbari.org\PAM_Archive\2020\05\MARS_20200501_122219.wav,true,2020-05-23T14:20:29.814
\\atlas.shore.mbari.org\PAM_Archive\2020\05\MARS_20200501_123219.wav,true,2020-05-23T14:20:33.837
\\atlas.shore.mbari.org\PAM_Archive\2020\05\MARS_20200501_124219.wav,true,2020-05-23T14:20:51.995
\\atlas.shore.mbari.org\PAM_Archive\2020\05\MARS_20200501_125219.wav,true,2020-05-23T14:20:59.055
\\atlas.shore.mbari.org\PAM_Archive\2020\05\MARS_20200501_130219.wav,true,2020-05-23T14:21:13.337
\\atlas.shore.mbari.org\PAM_Archive\2020\05\MARS_20200501_131219.wav,true,2020-05-23T14:21:19.927
\\atlas.shore.mbari.org\PAM_Archive\2020\05\MARS_20200501_132219.wav,true,2020-05-23T14:21:33.517
\\atlas.shore.mbari.org\PAM_Archive\2020\05\MARS_20200501_133219.wav,true,2020-05-23T14:21:40.235
\\atlas.shore.mbari.org\PAM_Archive\2020\05\MARS_20200501_134219.wav,true,2020-05-23T14:21:55.138
\\atlas.shore.mbari.org\PAM_Archive\2020\05\MARS_20200501_135219.wav,true,2020-05-23T14:22:02.718
\\atlas.shore.mbari.org\PAM_Archive\2020\05\MARS_20200501_140219.wav,true,2020-05-23T14:22:16.383
\\atlas.shore.mbari.org\PAM_Archive\2020\05\MARS_20200501_141219.wav,true,2020-05-23T14:22:28.705
\\atlas.shore.mbari.org\PAM_Archive\2020\05\MARS_20200501_142219.wav,true,2020-05-23T14:22:39.207
\\atlas.shore.mbari.org\PAM_Archive\2020\05\MARS_20200501_143219.wav,true,2020-05-23T14:22:50.634
\\atlas.shore.mbari.org\PAM_Archive\2020\05\MARS_20200501_144219.wav,true,2020-05-23T14:23:01.658
\\atlas.shore.mbari.org\PAM_Archive\2020\05\MARS_20200501_145219.wav,true,2020-05-23T14:23:11.42
\\atlas.shore.mbari.org\PAM_Archive\2020\05\MARS_20200501_150219.wav,true,2020-05-23T14:23:22.139
\\atlas.shore.mbari.org\PAM_Archive\2020\05\MARS_20200501_151219.wav,true,2020-05-23T14:23:33.882
\\atlas.shore.mbari.org\PAM_Archive\2020\05\MARS_20200501_152219.wav,true,2020-05-23T14:23:44.63
\\atlas.shore.mbari.org\PAM_Archive\2020\05\MARS_20200501_153219.wav,true,2020-05-23T14:23:53.945
\\atlas.shore.mbari.org\PAM_Archive\2020\05\MARS_20200501_154219.wav,true,2020-05-23T14:24:05.348
\\atlas.shore.mbari.org\PAM_Archive\2020\05\MARS_20200501_155219.wav,true,2020-05-23T14:24:14.702
\\atlas.shore.mbari.org\PAM_Archive\2020\05\MARS_20200501_160219.wav,true,2020-05-23T14:24:26.026
\\atlas.shore.mbari.org\PAM_Archive\2020\05\MARS_20200501_161219.wav,true,2020-05-23T14:24:36.061
\\atlas.shore.mbari.org\PAM_Archive\2020\05\MARS_20200501_162219.wav,true,2020-05-23T14:24:48.014
\\atlas.shore.mbari.org\PAM_Archive\2020\05\MARS_20200501_163219.wav,true,2020-05-23T14:24:56.975
\\atlas.shore.mbari.org\PAM_Archive\2020\05\MARS_20200501_164219.wav,true,2020-05-23T14:25:09.673
\\atlas.shore.mbari.org\PAM_Archive\2020\05\MARS_20200501_165219.wav,true,2020-05-23T14:25:19.033
\\atlas.shore.mbari.org\PAM_Archive\2020\05\MARS_20200501_170219.wav,true,2020-05-23T14:25:30.403
\\atlas.shore.mbari.org\PAM_Archive\2020\05\MARS_20200501_171219.wav,true,2020-05-23T14:25:39.757
\\atlas.shore.mbari.org\PAM_Archive\2020\05\MARS_20200501_172219.wav,true,2020-05-23T14:25:49.996
\\atlas.shore.mbari.org\PAM_Archive\2020\05\MARS_20200501_173219.wav,true,2020-05-23T14:26:00.071
\\atlas.shore.mbari.org\PAM_Archive\2020\05\MARS_20200501_174219.wav,true,2020-05-23T14:26:10.793
\\atlas.shore.mbari.org\PAM_Archive\2020\05\MARS_20200501_175219.wav,true,2020-05-23T14:26:20.653
\\atlas.shore.mbari.org\PAM_Archive\2020\05\MARS_20200501_180219.wav,true,2020-05-23T14:26:32.728
\\atlas.shore.mbari.org\PAM_Archive\2020\05\MARS_20200501_181219.wav,true,2020-05-23T14:26:42.687
\\atlas.shore.mbari.org\PAM_Archive\2020\05\MARS_20200501_182219.wav,true,2020-05-23T14:26:55.485
\\atlas.shore.mbari.org\PAM_Archive\2020\05\MARS_20200501_183219.wav,true,2020-05-23T14:27:04.575
\\atlas.shore.mbari.org\PAM_Archive\2020\05\MARS_20200501_184219.wav,true,2020-05-23T14:27:15.817
\\atlas.shore.mbari.org\PAM_Archive\2020\05\MARS_20200501_185219.wav,true,2020-05-23T14:27:25.607
\\atlas.shore.mbari.org\PAM_Archive\2020\05\MARS_20200501_190219.wav,true,2020-05-23T14:27:36.405
\\atlas.shore.mbari.org\PAM_Archive\2020\05\MARS_20200501_191219.wav,true,2020-05-23T14:27:46.727
\\atlas.shore.mbari.org\PAM_Archive\2020\05\MARS_20200501_192219.wav,true,2020-05-23T14:27:57.872
\\atlas.shore.mbari.org\PAM_Archive\2020\05\MARS_20200501_193219.wav,true,2020-05-23T14:28:06.725
\\atlas.shore.mbari.org\PAM_Archive\2020\05\MARS_20200501_194219.wav,true,2020-05-23T14:28:17.879
\\atlas.shore.mbari.org\PAM_Archive\2020\05\MARS_20200501_195219.wav,true,2020-05-23T14:28:28.246
\\atlas.shore.mbari.org\PAM_Archive\2020\05\MARS_20200501_200219.wav,true,2020-05-23T14:28:39.686
\\atlas.shore.mbari.org\PAM_Archive\2020\05\MARS_20200501_201219.wav,true,2020-05-23T14:28:50.771
\\atlas.shore.mbari.org\PAM_Archive\2020\05\MARS_20200501_202219.wav,true,2020-05-23T14:29:00.383
\\atlas.shore.mbari.org\PAM_Archive\2020\05\MARS_20200501_203219.wav,true,2020-05-23T14:29:12.385
\\atlas.shore.mbari.org\PAM_Archive\2020\05\MARS_20200501_204219.wav,true,2020-05-23T14:29:23.421
\\atlas.shore.mbari.org\PAM_Archive\2020\05\MARS_20200501_205219.wav,true,2020-05-23T14:29:33.609
\\atlas.shore.mbari.org\PAM_Archive\2020\05\MARS_20200501_210219.wav,true,2020-05-23T14:29:43.43
\\atlas.shore.mbari.org\PAM_Archive\2020\05\MARS_20200501_211219.wav,true,2020-05-23T14:29:54.659
\\atlas.shore.mbari.org\PAM_Archive\2020\05\MARS_20200501_212219.wav,true,2020-05-23T14:30:05.919
\\atlas.shore.mbari.org\PAM_Archive\2020\05\MARS_20200501_213219.wav,true,2020-05-23T14:30:17.985
\\atlas.shore.mbari.org\PAM_Archive\2020\05\MARS_20200501_214219.wav,true,2020-05-23T14:30:27.485
\\atlas.shore.mbari.org\PAM_Archive\2020\05\MARS_20200501_215219.wav,true,2020-05-23T14:30:40.19
\\atlas.shore.mbari.org\PAM_Archive\2020\05\MARS_20200501_220219.wav,true,2020-05-23T14:30:49.401
\\atlas.shore.mbari.org\PAM_Archive\2020\05\MARS_20200501_221219.wav,true,2020-05-23T14:30:59.812
\\atlas.shore.mbari.org\PAM_Archive\2020\05\MARS_20200501_222219.wav,true,2020-05-23T14:31:13.393
\\atlas.shore.mbari.org\PAM_Archive\2020\05\MARS_20200501_223219.wav,true,2020-05-23T14:31:20.659
\\atlas.shore.mbari.org\PAM_Archive\2020\05\MARS_20200501_224219.wav,true,2020-05-23T14:31:34.771
\\atlas.shore.mbari.org\PAM_Archive\2020\05\MARS_20200501_225219.wav,true,2020-05-23T14:31:43.172
\\atlas.shore.mbari.org\PAM_Archive\2020\05\MARS_20200501_230219.wav,true,2020-05-23T14:31:57.295
\\atlas.shore.mbari.org\PAM_Archive\2020\05\MARS_20200501_231219.wav,true,2020-05-23T14:32:04.863
\\atlas.shore.mbari.org\PAM_Archive\2020\05\MARS_20200501_232219.wav,true,2020-05-23T14:32:20.613
\\atlas.shore.mbari.org\PAM_Archive\2020\05\MARS_20200501_233219.wav,true,2020-05-23T14:32:24.367
\\atlas.shore.mbari.org\PAM_Archive\2020\05\MARS_20200501_234219.wav,true,2020-05-23T14:32:42.949
\\atlas.shore.mbari.org\PAM_Archive\2020\05\MARS_20200501_235219.wav,true,2020-05-23T14:32:45.544
\\atlas.shore.mbari.org\PAM_Archive\2020\05\MARS_20200502_000219.wav,true,2020-05-23T14:33:05.956
\\atlas.shore.mbari.org\PAM_Archive\2020\05\MARS_20200502_001219.wav,true,2020-05-23T14:33:07.012
\\atlas.shore.mbari.org\PAM_Archive\2020\05\MARS_20200502_002219.wav,true,2020-05-23T14:33:26.133
\\atlas.shore.mbari.org\PAM_Archive\2020\05\MARS_20200502_003219.wav,true,2020-05-23T14:33:30.338
\\atlas.shore.mbari.org\PAM_Archive\2020\05\MARS_20200502_004219.wav,true,2020-05-23T14:33:47.528
\\atlas.shore.mbari.org\PAM_Archive\2020\05\MARS_20200502_005219.wav,true,2020-05-23T14:33:51.918
\\atlas.shore.mbari.org\PAM_Archive\2020\05\MARS_20200502_010219.wav,true,2020-05-23T14:34:09.44
\\atlas.shore.mbari.org\PAM_Archive\2020\05\MARS_20200502_011219.wav,true,2020-05-23T14:34:12.122
\\atlas.shore.mbari.org\PAM_Archive\2020\05\MARS_20200502_012219.wav,true,2020-05-23T14:34:31.42
\\atlas.shore.mbari.org\PAM_Archive\2020\05\MARS_20200502_013219.wav,true,2020-05-23T14:34:33.508
\\atlas.shore.mbari.org\PAM_Archive\2020\05\MARS_20200502_014219.wav,true,2020-05-23T14:34:53.694
\\atlas.shore.mbari.org\PAM_Archive\2020\05\MARS_20200502_015219.wav,true,2020-05-23T14:34:55.529
\\atlas.shore.mbari.org\PAM_Archive\2020\05\MARS_20200502_020219.wav,true,2020-05-23T14:35:17.534
\\atlas.shore.mbari.org\PAM_Archive\2020\05\MARS_20200502_021219.wav,true,2020-05-23T14:35:18.342
\\atlas.shore.mbari.org\PAM_Archive\2020\05\MARS_20200502_022219.wav,true,2020-05-23T14:35:38.709
\\atlas.shore.mbari.org\PAM_Archive\2020\05\MARS_20200502_023219.wav,true,2020-05-23T14:35:39.409
\\atlas.shore.mbari.org\PAM_Archive\2020\05\MARS_20200502_024219.wav,true,2020-05-23T14:35:59.569
\\atlas.shore.mbari.org\PAM_Archive\2020\05\MARS_20200502_025219.wav,true,2020-05-23T14:36:00.075
\\atlas.shore.mbari.org\PAM_Archive\2020\05\MARS_20200502_030219.wav,true,2020-05-23T14:36:20.525
\\atlas.shore.mbari.org\PAM_Archive\2020\05\MARS_20200502_031219.wav,true,2020-05-23T14:36:21.001
\\atlas.shore.mbari.org\PAM_Archive\2020\05\MARS_20200502_032219.wav,true,2020-05-23T14:36:42.151
\\atlas.shore.mbari.org\PAM_Archive\2020\05\MARS_20200502_033219.wav,true,2020-05-23T14:36:41.245
\\atlas.shore.mbari.org\PAM_Archive\2020\05\MARS_20200502_034219.wav,true,2020-05-23T14:37:01.014
\\atlas.shore.mbari.org\PAM_Archive\2020\05\MARS_20200502_035219.wav,true,2020-05-23T14:37:02.279
\\atlas.shore.mbari.org\PAM_Archive\2020\05\MARS_20200502_040219.wav,true,2020-05-23T14:37:22.212
\\atlas.shore.mbari.org\PAM_Archive\2020\05\MARS_20200502_041219.wav,true,2020-05-23T14:37:27.67
\\atlas.shore.mbari.org\PAM_Archive\2020\05\MARS_20200502_042219.wav,true,2020-05-23T14:37:42.795
\\atlas.shore.mbari.org\PAM_Archive\2020\05\MARS_20200502_043219.wav,true,2020-05-23T14:37:48.279
\\atlas.shore.mbari.org\PAM_Archive\2020\05\MARS_20200502_044219.wav,true,2020-05-23T14:38:04.018
\\atlas.shore.mbari.org\PAM_Archive\2020\05\MARS_20200502_045219.wav,true,2020-05-23T14:38:09.461
\\atlas.shore.mbari.org\PAM_Archive\2020\05\MARS_20200502_050219.wav,true,2020-05-23T14:38:23.537
\\atlas.shore.mbari.org\PAM_Archive\2020\05\MARS_20200502_051219.wav,true,2020-05-23T14:38:32.663
\\atlas.shore.mbari.org\PAM_Archive\2020\05\MARS_20200502_052219.wav,true,2020-05-23T14:38:44.987
\\atlas.shore.mbari.org\PAM_Archive\2020\05\MARS_20200502_053219.wav,true,2020-05-23T14:38:53.335
\\atlas.shore.mbari.org\PAM_Archive\2020\05\MARS_20200502_054219.wav,true,2020-05-23T14:39:06.567
\\atlas.shore.mbari.org\PAM_Archive\2020\05\MARS_20200502_055219.wav,true,2020-05-23T14:39:15.392
\\atlas.shore.mbari.org\PAM_Archive\2020\05\MARS_20200502_060219.wav,true,2020-05-23T14:39:26.871
\\atlas.shore.mbari.org\PAM_Archive\2020\05\MARS_20200502_061219.wav,true,2020-05-23T14:39:34.354
\\atlas.shore.mbari.org\PAM_Archive\2020\05\MARS_20200502_062219.wav,true,2020-05-23T14:39:48.004
\\atlas.shore.mbari.org\PAM_Archive\2020\05\MARS_20200502_063219.wav,true,2020-05-23T14:39:58.052
\\atlas.shore.mbari.org\PAM_Archive\2020\05\MARS_20200502_064219.wav,true,2020-05-23T14:40:09.551
\\atlas.shore.mbari.org\PAM_Archive\2020\05\MARS_20200502_065219.wav,true,2020-05-23T14:40:20.43
\\atlas.shore.mbari.org\PAM_Archive\2020\05\MARS_20200502_070219.wav,true,2020-05-23T14:40:30.508
\\atlas.shore.mbari.org\PAM_Archive\2020\05\MARS_20200502_071219.wav,true,2020-05-23T14:40:42.646
\\atlas.shore.mbari.org\PAM_Archive\2020\05\MARS_20200502_072219.wav,true,2020-05-23T14:40:52.634
\\atlas.shore.mbari.org\PAM_Archive\2020\05\MARS_20200502_073219.wav,true,2020-05-23T14:41:03.026
\\atlas.shore.mbari.org\PAM_Archive\2020\05\MARS_20200502_074219.wav,true,2020-05-23T14:41:14.17
\\atlas.shore.mbari.org\PAM_Archive\2020\05\MARS_20200502_075219.wav,true,2020-05-23T14:41:25.08
\\atlas.shore.mbari.org\PAM_Archive\2020\05\MARS_20200502_080219.wav,true,2020-05-23T14:41:34.837
\\atlas.shore.mbari.org\PAM_Archive\2020\05\MARS_20200502_081219.wav,true,2020-05-23T14:41:46.822
\\atlas.shore.mbari.org\PAM_Archive\2020\05\MARS_20200502_082219.wav,true,2020-05-23T14:41:55.54
\\atlas.shore.mbari.org\PAM_Archive\2020\05\MARS_20200502_083219.wav,true,2020-05-23T14:42:08.992
\\atlas.shore.mbari.org\PAM_Archive\2020\05\MARS_20200502_084219.wav,true,2020-05-23T14:42:15.937
\\atlas.shore.mbari.org\PAM_Archive\2020\05\MARS_20200502_085219.wav,true,2020-05-23T14:42:31.844
\\atlas.shore.mbari.org\PAM_Archive\2020\05\MARS_20200502_090219.wav,true,2020-05-23T14:42:37.539
\\atlas.shore.mbari.org\PAM_Archive\2020\05\MARS_20200502_091219.wav,true,2020-05-23T14:42:52.185
\\atlas.shore.mbari.org\PAM_Archive\2020\05\MARS_20200502_092219.wav,true,2020-05-23T14:42:57.391
\\atlas.shore.mbari.org\PAM_Archive\2020\05\MARS_20200502_093219.wav,true,2020-05-23T14:43:12.58
\\atlas.shore.mbari.org\PAM_Archive\2020\05\MARS_20200502_094219.wav,true,2020-05-23T14:43:18.245
\\atlas.shore.mbari.org\PAM_Archive\2020\05\MARS_20200502_095219.wav,true,2020-05-23T14:43:33.394
\\atlas.shore.mbari.org\PAM_Archive\2020\05\MARS_20200502_100219.wav,true,2020-05-23T14:43:49.603
\\atlas.shore.mbari.org\PAM_Archive\2020\05\MARS_20200502_101219.wav,true,2020-05-23T14:43:53.816
\\atlas.shore.mbari.org\PAM_Archive\2020\05\MARS_20200502_102219.wav,true,2020-05-23T14:44:10.829
\\atlas.shore.mbari.org\PAM_Archive\2020\05\MARS_20200502_103219.wav,true,2020-05-23T14:44:14.816
\\atlas.shore.mbari.org\PAM_Archive\2020\05\MARS_20200502_104219.wav,true,2020-05-23T14:44:31.475
\\atlas.shore.mbari.org\PAM_Archive\2020\05\MARS_20200502_105219.wav,true,2020-05-23T14:44:35.331
\\atlas.shore.mbari.org\PAM_Archive\2020\05\MARS_20200502_110218.wav,true,2020-05-23T14:44:53.843
\\atlas.shore.mbari.org\PAM_Archive\2020\05\MARS_20200502_111218.wav,true,2020-05-23T14:44:59.254
\\atlas.shore.mbari.org\PAM_Archive\2020\05\MARS_20200502_112218.wav,true,2020-05-23T14:45:14.931
\\atlas.shore.mbari.org\PAM_Archive\2020\05\MARS_20200502_113218.wav,true,2020-05-23T14:45:26.66
\\atlas.shore.mbari.org\PAM_Archive\2020\05\MARS_20200502_114218.wav,true,2020-05-23T14:45:36.048
\\atlas.shore.mbari.org\PAM_Archive\2020\05\MARS_20200502_115218.wav,true,2020-05-23T14:45:46.767
\\atlas.shore.mbari.org\PAM_Archive\2020\05\MARS_20200502_120218.wav,true,2020-05-23T14:45:58.058
\\atlas.shore.mbari.org\PAM_Archive\2020\05\MARS_20200502_121218.wav,true,2020-05-23T14:46:06.714
\\atlas.shore.mbari.org\PAM_Archive\2020\05\MARS_20200502_122218.wav,true,2020-05-23T14:46:17.482
\\atlas.shore.mbari.org\PAM_Archive\2020\05\MARS_20200502_123218.wav,true,2020-05-23T14:46:27.787
\\atlas.shore.mbari.org\PAM_Archive\2020\05\MARS_20200502_124218.wav,true,2020-05-23T14:46:37.88
\\atlas.shore.mbari.org\PAM_Archive\2020\05\MARS_20200502_125218.wav,true,2020-05-23T14:46:47.948
\\atlas.shore.mbari.org\PAM_Archive\2020\05\MARS_20200502_130218.wav,true,2020-05-23T14:46:58.341
\\atlas.shore.mbari.org\PAM_Archive\2020\05\MARS_20200502_131218.wav,true,2020-05-23T14:47:13.067
\\atlas.shore.mbari.org\PAM_Archive\2020\05\MARS_20200502_132218.wav,true,2020-05-23T14:47:18.911
\\atlas.shore.mbari.org\PAM_Archive\2020\05\MARS_20200502_133218.wav,true,2020-05-23T14:47:36.214
\\atlas.shore.mbari.org\PAM_Archive\2020\05\MARS_20200502_134218.wav,true,2020-05-23T14:47:40.45
\\atlas.shore.mbari.org\PAM_Archive\2020\05\MARS_20200502_135218.wav,true,2020-05-23T14:47:57.84
\\atlas.shore.mbari.org\PAM_Archive\2020\05\MARS_20200502_140218.wav,true,2020-05-23T14:48:06.926
\\atlas.shore.mbari.org\PAM_Archive\2020\05\MARS_20200502_141218.wav,true,2020-05-23T14:48:18.404
\\atlas.shore.mbari.org\PAM_Archive\2020\05\MARS_20200502_142218.wav,true,2020-05-23T14:48:29.211
\\atlas.shore.mbari.org\PAM_Archive\2020\05\MARS_20200502_143218.wav,true,2020-05-23T14:48:39.155
\\atlas.shore.mbari.org\PAM_Archive\2020\05\MARS_20200502_144218.wav,true,2020-05-23T14:48:49.175
\\atlas.shore.mbari.org\PAM_Archive\2020\05\MARS_20200502_145218.wav,true,2020-05-23T14:48:59.575
\\atlas.shore.mbari.org\PAM_Archive\2020\05\MARS_20200502_150218.wav,true,2020-05-23T14:49:09.66
\\atlas.shore.mbari.org\PAM_Archive\2020\05\MARS_20200502_151218.wav,true,2020-05-23T14:49:20.471
\\atlas.shore.mbari.org\PAM_Archive\2020\05\MARS_20200502_152218.wav,true,2020-05-23T14:49:33.163
\\atlas.shore.mbari.org\PAM_Archive\2020\05\MARS_20200502_153218.wav,true,2020-05-23T14:49:44.39
\\atlas.shore.mbari.org\PAM_Archive\2020\05\MARS_20200502_154218.wav,true,2020-05-23T14:49:54.232
\\atlas.shore.mbari.org\PAM_Archive\2020\05\MARS_20200502_155218.wav,true,2020-05-23T14:50:05.922
\\atlas.shore.mbari.org\PAM_Archive\2020\05\MARS_20200502_160218.wav,true,2020-05-23T14:50:18.485
\\atlas.shore.mbari.org\PAM_Archive\2020\05\MARS_20200502_161218.wav,true,2020-05-23T14:50:28.611
\\atlas.shore.mbari.org\PAM_Archive\2020\05\MARS_20200502_162218.wav,true,2020-05-23T14:50:39.617
\\atlas.shore.mbari.org\PAM_Archive\2020\05\MARS_20200502_163218.wav,true,2020-05-23T14:50:54.356
\\atlas.shore.mbari.org\PAM_Archive\2020\05\MARS_20200502_164218.wav,true,2020-05-23T14:50:59.575
\\atlas.shore.mbari.org\PAM_Archive\2020\05\MARS_20200502_165218.wav,true,2020-05-23T14:51:14.686
\\atlas.shore.mbari.org\PAM_Archive\2020\05\MARS_20200502_170218.wav,true,2020-05-23T14:51:20.22
\\atlas.shore.mbari.org\PAM_Archive\2020\05\MARS_20200502_171218.wav,true,2020-05-23T14:51:42.828
\\atlas.shore.mbari.org\PAM_Archive\2020\05\MARS_20200502_172218.wav,true,2020-05-23T14:51:42.146
\\atlas.shore.mbari.org\PAM_Archive\2020\05\MARS_20200502_173218.wav,true,2020-05-23T14:52:04.337
\\atlas.shore.mbari.org\PAM_Archive\2020\05\MARS_20200502_174218.wav,true,2020-05-23T14:52:06.605
\\atlas.shore.mbari.org\PAM_Archive\2020\05\MARS_20200502_175218.wav,true,2020-05-23T14:52:25.874
\\atlas.shore.mbari.org\PAM_Archive\2020\05\MARS_20200502_180218.wav,true,2020-05-23T14:52:33.519
\\atlas.shore.mbari.org\PAM_Archive\2020\05\MARS_20200502_181218.wav,true,2020-05-23T14:52:48.711
\\atlas.shore.mbari.org\PAM_Archive\2020\05\MARS_20200502_182218.wav,true,2020-05-23T14:52:55.298
\\atlas.shore.mbari.org\PAM_Archive\2020\05\MARS_20200502_183218.wav,true,2020-05-23T14:53:10.243
\\atlas.shore.mbari.org\PAM_Archive\2020\05\MARS_20200502_184218.wav,true,2020-05-23T14:53:16.292
\\atlas.shore.mbari.org\PAM_Archive\2020\05\MARS_20200502_185218.wav,true,2020-05-23T14:53:32.075
\\atlas.shore.mbari.org\PAM_Archive\2020\05\MARS_20200502_190218.wav,true,2020-05-23T14:53:36.199
\\atlas.shore.mbari.org\PAM_Archive\2020\05\MARS_20200502_191218.wav,true,2020-05-23T14:53:53.389
\\atlas.shore.mbari.org\PAM_Archive\2020\05\MARS_20200502_192218.wav,true,2020-05-23T14:53:56.833
\\atlas.shore.mbari.org\PAM_Archive\2020\05\MARS_20200502_193218.wav,true,2020-05-23T14:54:15.546
\\atlas.shore.mbari.org\PAM_Archive\2020\05\MARS_20200502_194218.wav,true,2020-05-23T14:54:17.47
\\atlas.shore.mbari.org\PAM_Archive\2020\05\MARS_20200502_195218.wav,true,2020-05-23T14:54:35.444
\\atlas.shore.mbari.org\PAM_Archive\2020\05\MARS_20200502_200218.wav,true,2020-05-23T14:54:41.182
\\atlas.shore.mbari.org\PAM_Archive\2020\05\MARS_20200502_201218.wav,true,2020-05-23T14:54:56.82
\\atlas.shore.mbari.org\PAM_Archive\2020\05\MARS_20200502_202218.wav,true,2020-05-23T14:55:04.194
\\atlas.shore.mbari.org\PAM_Archive\2020\05\MARS_20200502_203218.wav,true,2020-05-23T14:55:18.14
\\atlas.shore.mbari.org\PAM_Archive\2020\05\MARS_20200502_204218.wav,true,2020-05-23T14:55:26.497
\\atlas.shore.mbari.org\PAM_Archive\2020\05\MARS_20200502_205218.wav,true,2020-05-23T14:55:38.725
\\atlas.shore.mbari.org\PAM_Archive\2020\05\MARS_20200502_210218.wav,true,2020-05-23T14:55:48.334
\\atlas.shore.mbari.org\PAM_Archive\2020\05\MARS_20200502_211218.wav,true,2020-05-23T14:56:00.329
\\atlas.shore.mbari.org\PAM_Archive\2020\05\MARS_20200502_212218.wav,true,2020-05-23T14:56:10.112
\\atlas.shore.mbari.org\PAM_Archive\2020\05\MARS_20200502_213218.wav,true,2020-05-23T14:56:21.564
\\atlas.shore.mbari.org\PAM_Archive\2020\05\MARS_20200502_214218.wav,true,2020-05-23T14:56:31.965
\\atlas.shore.mbari.org\PAM_Archive\2020\05\MARS_20200502_215218.wav,true,2020-05-23T14:56:41.45
\\atlas.shore.mbari.org\PAM_Archive\2020\05\MARS_20200502_220218.wav,true,2020-05-23T14:56:54.158
\\atlas.shore.mbari.org\PAM_Archive\2020\05\MARS_20200502_221218.wav,true,2020-05-23T14:57:02.376
\\atlas.shore.mbari.org\PAM_Archive\2020\05\MARS_20200502_222218.wav,true,2020-05-23T14:57:17.238
\\atlas.shore.mbari.org\PAM_Archive\2020\05\MARS_20200502_223218.wav,true,2020-05-23T14:57:24.301
\\atlas.shore.mbari.org\PAM_Archive\2020\05\MARS_20200502_224218.wav,true,2020-05-23T14:57:37.618
\\atlas.shore.mbari.org\PAM_Archive\2020\05\MARS_20200502_225218.wav,true,2020-05-23T14:57:44.595
\\atlas.shore.mbari.org\PAM_Archive\2020\05\MARS_20200502_230218.wav,true,2020-05-23T14:57:59.372
\\atlas.shore.mbari.org\PAM_Archive\2020\05\MARS_20200502_231218.wav,true,2020-05-23T14:58:05.277
\\atlas.shore.mbari.org\PAM_Archive\2020\05\MARS_20200502_232218.wav,true,2020-05-23T14:58:20.271
\\atlas.shore.mbari.org\PAM_Archive\2020\05\MARS_20200502_233218.wav,true,2020-05-23T14:58:25.559
\\atlas.shore.mbari.org\PAM_Archive\2020\05\MARS_20200502_234218.wav,true,2020-05-23T14:58:42.154
\\atlas.shore.mbari.org\PAM_Archive\2020\05\MARS_20200502_235218.wav,true,2020-05-23T14:58:48.817
\\atlas.shore.mbari.org\PAM_Archive\2020\05\MARS_20200503_000218.wav,true,2020-05-23T14:59:02.8
\\atlas.shore.mbari.org\PAM_Archive\2020\05\MARS_20200503_001218.wav,true,2020-05-23T14:59:10.041
\\atlas.shore.mbari.org\PAM_Archive\2020\05\MARS_20200503_002218.wav,true,2020-05-23T14:59:24.66
\\atlas.shore.mbari.org\PAM_Archive\2020\05\MARS_20200503_003218.wav,true,2020-05-23T14:59:30.635
\\atlas.shore.mbari.org\PAM_Archive\2020\05\MARS_20200503_004218.wav,true,2020-05-23T14:59:43.955
\\atlas.shore.mbari.org\PAM_Archive\2020\05\MARS_20200503_005218.wav,true,2020-05-23T14:59:52.136
\\atlas.shore.mbari.org\PAM_Archive\2020\05\MARS_20200503_010218.wav,true,2020-05-23T15:00:08.22
\\atlas.shore.mbari.org\PAM_Archive\2020\05\MARS_20200503_011218.wav,true,2020-05-23T15:00:13.496
\\atlas.shore.mbari.org\PAM_Archive\2020\05\MARS_20200503_012218.wav,true,2020-05-23T15:00:30.904
\\atlas.shore.mbari.org\PAM_Archive\2020\05\MARS_20200503_013218.wav,true,2020-05-23T15:00:39.416
\\atlas.shore.mbari.org\PAM_Archive\2020\05\MARS_20200503_014218.wav,true,2020-05-23T15:00:53.762
\\atlas.shore.mbari.org\PAM_Archive\2020\05\MARS_20200503_015218.wav,true,2020-05-23T15:01:02.102
\\atlas.shore.mbari.org\PAM_Archive\2020\05\MARS_20200503_020218.wav,true,2020-05-23T15:01:15.9
\\atlas.shore.mbari.org\PAM_Archive\2020\05\MARS_20200503_021218.wav,true,2020-05-23T15:01:23.961
\\atlas.shore.mbari.org\PAM_Archive\2020\05\MARS_20200503_022218.wav,true,2020-05-23T15:01:37.855
\\atlas.shore.mbari.org\PAM_Archive\2020\05\MARS_20200503_023218.wav,true,2020-05-23T15:01:45.274
\\atlas.shore.mbari.org\PAM_Archive\2020\05\MARS_20200503_024218.wav,true,2020-05-23T15:02:00.573
\\atlas.shore.mbari.org\PAM_Archive\2020\05\MARS_20200503_025218.wav,true,2020-05-23T15:02:06.181
\\atlas.shore.mbari.org\PAM_Archive\2020\05\MARS_20200503_030218.wav,true,2020-05-23T15:02:21.908
\\atlas.shore.mbari.org\PAM_Archive\2020\05\MARS_20200503_031218.wav,true,2020-05-23T15:02:28.367
\\atlas.shore.mbari.org\PAM_Archive\2020\05\MARS_20200503_032218.wav,true,2020-05-23T15:02:43.927
\\atlas.shore.mbari.org\PAM_Archive\2020\05\MARS_20200503_033218.wav,true,2020-05-23T15:02:49.944
\\atlas.shore.mbari.org\PAM_Archive\2020\05\MARS_20200503_034218.wav,true,2020-05-23T15:03:08.525
\\atlas.shore.mbari.org\PAM_Archive\2020\05\MARS_20200503_035218.wav,true,2020-05-23T15:03:10.386
\\atlas.shore.mbari.org\PAM_Archive\2020\05\MARS_20200503_040218.wav,true,2020-05-23T15:03:29.289
\\atlas.shore.mbari.org\PAM_Archive\2020\05\MARS_20200503_041218.wav,true,2020-05-23T15:03:32.094
\\atlas.shore.mbari.org\PAM_Archive\2020\05\MARS_20200503_042218.wav,true,2020-05-23T15:03:49.949
\\atlas.shore.mbari.org\PAM_Archive\2020\05\MARS_20200503_043218.wav,true,2020-05-23T15:03:55.601
\\atlas.shore.mbari.org\PAM_Archive\2020\05\MARS_20200503_044218.wav,true,2020-05-23T15:04:11.862
\\atlas.shore.mbari.org\PAM_Archive\2020\05\MARS_20200503_045218.wav,true,2020-05-23T15:04:17.405
\\atlas.shore.mbari.org\PAM_Archive\2020\05\MARS_20200503_050218.wav,true,2020-05-23T15:04:33.092
\\atlas.shore.mbari.org\PAM_Archive\2020\05\MARS_20200503_051218.wav,true,2020-05-23T15:04:40.022
\\atlas.shore.mbari.org\PAM_Archive\2020\05\MARS_20200503_052218.wav,true,2020-05-23T15:04:53.251
\\atlas.shore.mbari.org\PAM_Archive\2020\05\MARS_20200503_053218.wav,true,2020-05-23T15:05:00.959
\\atlas.shore.mbari.org\PAM_Archive\2020\05\MARS_20200503_054218.wav,true,2020-05-23T15:05:13.721
\\atlas.shore.mbari.org\PAM_Archive\2020\05\MARS_20200503_055218.wav,true,2020-05-23T15:05:23.099
\\atlas.shore.mbari.org\PAM_Archive\2020\05\MARS_20200503_060218.wav,true,2020-05-23T15:05:36.095
\\atlas.shore.mbari.org\PAM_Archive\2020\05\MARS_20200503_061218.wav,true,2020-05-23T15:05:45.066
\\atlas.shore.mbari.org\PAM_Archive\2020\05\MARS_20200503_062218.wav,true,2020-05-23T15:05:57.554
\\atlas.shore.mbari.org\PAM_Archive\2020\05\MARS_20200503_063218.wav,true,2020-05-23T15:06:10.076
\\atlas.shore.mbari.org\PAM_Archive\2020\05\MARS_20200503_064218.wav,true,2020-05-23T15:06:19.008
\\atlas.shore.mbari.org\PAM_Archive\2020\05\MARS_20200503_065218.wav,true,2020-05-23T15:06:31.388
\\atlas.shore.mbari.org\PAM_Archive\2020\05\MARS_20200503_070218.wav,true,2020-05-23T15:06:40.501
\\atlas.shore.mbari.org\PAM_Archive\2020\05\MARS_20200503_071218.wav,true,2020-05-23T15:06:51.741
\\atlas.shore.mbari.org\PAM_Archive\2020\05\MARS_20200503_072218.wav,true,2020-05-23T15:07:01.534
\\atlas.shore.mbari.org\PAM_Archive\2020\05\MARS_20200503_073218.wav,true,2020-05-23T15:07:14.489
\\atlas.shore.mbari.org\PAM_Archive\2020\05\MARS_20200503_074218.wav,true,2020-05-23T15:07:23.929
\\atlas.shore.mbari.org\PAM_Archive\2020\05\MARS_20200503_075218.wav,true,2020-05-23T15:07:35.455
\\atlas.shore.mbari.org\PAM_Archive\2020\05\MARS_20200503_080218.wav,true,2020-05-23T15:07:43.613
\\atlas.shore.mbari.org\PAM_Archive\2020\05\MARS_20200503_081218.wav,true,2020-05-23T15:08:00.853
\\atlas.shore.mbari.org\PAM_Archive\2020\05\MARS_20200503_082218.wav,true,2020-05-23T15:08:04.148
\\atlas.shore.mbari.org\PAM_Archive\2020\05\MARS_20200503_083218.wav,true,2020-05-23T15:08:22.399
\\atlas.shore.mbari.org\PAM_Archive\2020\05\MARS_20200503_084218.wav,true,2020-05-23T15:08:23.891
\\atlas.shore.mbari.org\PAM_Archive\2020\05\MARS_20200503_085218.wav,true,2020-05-23T15:08:42.386
\\atlas.shore.mbari.org\PAM_Archive\2020\05\MARS_20200503_090218.wav,true,2020-05-23T15:08:46.361
\\atlas.shore.mbari.org\PAM_Archive\2020\05\MARS_20200503_091218.wav,true,2020-05-23T15:09:03.918
\\atlas.shore.mbari.org\PAM_Archive\2020\05\MARS_20200503_092218.wav,true,2020-05-23T15:09:08.685
\\atlas.shore.mbari.org\PAM_Archive\2020\05\MARS_20200503_093218.wav,true,2020-05-23T15:09:26.76
\\atlas.shore.mbari.org\PAM_Archive\2020\05\MARS_20200503_094218.wav,true,2020-05-23T15:09:31.955
\\atlas.shore.mbari.org\PAM_Archive\2020\05\MARS_20200503_095218.wav,true,2020-05-23T15:09:47.698
\\atlas.shore.mbari.org\PAM_Archive\2020\05\MARS_20200503_100218.wav,true,2020-05-23T15:09:54.459
\\atlas.shore.mbari.org\PAM_Archive\2020\05\MARS_20200503_101218.wav,true,2020-05-23T15:10:08.316
\\atlas.shore.mbari.org\PAM_Archive\2020\05\MARS_20200503_102218.wav,true,2020-05-23T15:10:17.659
\\atlas.shore.mbari.org\PAM_Archive\2020\05\MARS_20200503_103218.wav,true,2020-05-23T15:10:29.578
\\atlas.shore.mbari.org\PAM_Archive\2020\05\MARS_20200503_104218.wav,true,2020-05-23T15:10:38.388
\\atlas.shore.mbari.org\PAM_Archive\2020\05\MARS_20200503_105218.wav,true,2020-05-23T15:10:50.817
\\atlas.shore.mbari.org\PAM_Archive\2020\05\MARS_20200503_110218.wav,true,2020-05-23T15:11:02.541
\\atlas.shore.mbari.org\PAM_Archive\2020\05\MARS_20200503_111218.wav,true,2020-05-23T15:11:11.57
\\atlas.shore.mbari.org\PAM_Archive\2020\05\MARS_20200503_112218.wav,true,2020-05-23T15:11:22.305
\\atlas.shore.mbari.org\PAM_Archive\2020\05\MARS_20200503_113218.wav,true,2020-05-23T15:11:33.125
\\atlas.shore.mbari.org\PAM_Archive\2020\05\MARS_20200503_114218.wav,true,2020-05-23T15:11:43.826
\\atlas.shore.mbari.org\PAM_Archive\2020\05\MARS_20200503_115218.wav,true,2020-05-23T15:11:55.501
\\atlas.shore.mbari.org\PAM_Archive\2020\05\MARS_20200503_120218.wav,true,2020-05-23T15:12:07.141
\\atlas.shore.mbari.org\PAM_Archive\2020\05\MARS_20200503_121218.wav,true,2020-05-23T15:12:16.861
\\atlas.shore.mbari.org\PAM_Archive\2020\05\MARS_20200503_122218.wav,true,2020-05-23T15:12:30.487
\\atlas.shore.mbari.org\PAM_Archive\2020\05\MARS_20200503_123218.wav,true,2020-05-23T15:12:37.053
\\atlas.shore.mbari.org\PAM_Archive\2020\05\MARS_20200503_124218.wav,true,2020-05-23T15:12:54.202
\\atlas.shore.mbari.org\PAM_Archive\2020\05\MARS_20200503_125218.wav,true,2020-05-23T15:12:57.574
\\atlas.shore.mbari.org\PAM_Archive\2020\05\MARS_20200503_130218.wav,true,2020-05-23T15:13:15.204
\\atlas.shore.mbari.org\PAM_Archive\2020\05\MARS_20200503_131218.wav,true,2020-05-23T15:13:22.186
\\atlas.shore.mbari.org\PAM_Archive\2020\05\MARS_20200503_132218.wav,true,2020-05-23T15:13:44.744
\\atlas.shore.mbari.org\PAM_Archive\2020\05\MARS_20200503_133218.wav,true,2020-05-23T15:13:43.943
\\atlas.shore.mbari.org\PAM_Archive\2020\05\MARS_20200503_134218.wav,true,2020-05-23T15:14:07.934
\\atlas.shore.mbari.org\PAM_Archive\2020\05\MARS_20200503_135218.wav,true,2020-05-23T15:14:06.36
\\atlas.shore.mbari.org\PAM_Archive\2020\05\MARS_20200503_140218.wav,true,2020-05-23T15:14:28.006
\\atlas.shore.mbari.org\PAM_Archive\2020\05\MARS_20200503_141218.wav,true,2020-05-23T15:14:30.108
\\atlas.shore.mbari.org\PAM_Archive\2020\05\MARS_20200503_142218.wav,true,2020-05-23T15:14:51.292
\\atlas.shore.mbari.org\PAM_Archive\2020\05\MARS_20200503_143218.wav,true,2020-05-23T15:14:53.418
\\atlas.shore.mbari.org\PAM_Archive\2020\05\MARS_20200503_144218.wav,true,2020-05-23T15:15:13.141
\\atlas.shore.mbari.org\PAM_Archive\2020\05\MARS_20200503_145218.wav,true,2020-05-23T15:15:13.949
\\atlas.shore.mbari.org\PAM_Archive\2020\05\MARS_20200503_150218.wav,true,2020-05-23T15:15:32.767
\\atlas.shore.mbari.org\PAM_Archive\2020\05\MARS_20200503_151218.wav,true,2020-05-23T15:15:38.162
\\atlas.shore.mbari.org\PAM_Archive\2020\05\MARS_20200503_152218.wav,true,2020-05-23T15:15:55.036
\\atlas.shore.mbari.org\PAM_Archive\2020\05\MARS_20200503_153218.wav,true,2020-05-23T15:15:58.026
\\atlas.shore.mbari.org\PAM_Archive\2020\05\MARS_20200503_154218.wav,true,2020-05-23T15:16:16.598
\\atlas.shore.mbari.org\PAM_Archive\2020\05\MARS_20200503_155218.wav,true,2020-05-23T15:16:18.39
\\atlas.shore.mbari.org\PAM_Archive\2020\05\MARS_20200503_160218.wav,true,2020-05-23T15:16:36.693
\\atlas.shore.mbari.org\PAM_Archive\2020\05\MARS_20200503_161218.wav,true,2020-05-23T15:16:38.764
\\atlas.shore.mbari.org\PAM_Archive\2020\05\MARS_20200503_162218.wav,true,2020-05-23T15:16:57.16
\\atlas.shore.mbari.org\PAM_Archive\2020\05\MARS_20200503_163218.wav,true,2020-05-23T15:17:00.121
\\atlas.shore.mbari.org\PAM_Archive\2020\05\MARS_20200503_164218.wav,true,2020-05-23T15:17:18.872
\\atlas.shore.mbari.org\PAM_Archive\2020\05\MARS_20200503_165218.wav,true,2020-05-23T15:17:21.498
\\atlas.shore.mbari.org\PAM_Archive\2020\05\MARS_20200503_170218.wav,true,2020-05-23T15:17:40.108
\\atlas.shore.mbari.org\PAM_Archive\2020\05\MARS_20200503_171218.wav,true,2020-05-23T15:17:42.158
\\atlas.shore.mbari.org\PAM_Archive\2020\05\MARS_20200503_172218.wav,true,2020-05-23T15:18:02.716
\\atlas.shore.mbari.org\PAM_Archive\2020\05\MARS_20200503_173218.wav,true,2020-05-23T15:18:03.658
\\atlas.shore.mbari.org\PAM_Archive\2020\05\MARS_20200503_174218.wav,true,2020-05-23T15:18:24.31
\\atlas.shore.mbari.org\PAM_Archive\2020\05\MARS_20200503_175218.wav,true,2020-05-23T15:18:26.611
\\atlas.shore.mbari.org\PAM_Archive\2020\05\MARS_20200503_180218.wav,true,2020-05-23T15:18:45.959
\\atlas.shore.mbari.org\PAM_Archive\2020\05\MARS_20200503_181218.wav,true,2020-05-23T15:18:48.037
\\atlas.shore.mbari.org\PAM_Archive\2020\05\MARS_20200503_182218.wav,true,2020-05-23T15:19:07.415
\\atlas.shore.mbari.org\PAM_Archive\2020\05\MARS_20200503_183218.wav,true,2020-05-23T15:19:09.772
\\atlas.shore.mbari.org\PAM_Archive\2020\05\MARS_20200503_184218.wav,true,2020-05-23T15:19:28.954
\\atlas.shore.mbari.org\PAM_Archive\2020\05\MARS_20200503_185218.wav,true,2020-05-23T15:19:31.388
\\atlas.shore.mbari.org\PAM_Archive\2020\05\MARS_20200503_190218.wav,true,2020-05-23T15:19:50.078
\\atlas.shore.mbari.org\PAM_Archive\2020\05\MARS_20200503_191218.wav,true,2020-05-23T15:19:51.934
\\atlas.shore.mbari.org\PAM_Archive\2020\05\MARS_20200503_192218.wav,true,2020-05-23T15:20:12.919
\\atlas.shore.mbari.org\PAM_Archive\2020\05\MARS_20200503_193218.wav,true,2020-05-23T15:20:12.0
\\atlas.shore.mbari.org\PAM_Archive\2020\05\MARS_20200503_194218.wav,true,2020-05-23T15:20:33.262
\\atlas.shore.mbari.org\PAM_Archive\2020\05\MARS_20200503_195218.wav,true,2020-05-23T15:20:33.202
\\atlas.shore.mbari.org\PAM_Archive\2020\05\MARS_20200503_200218.wav,true,2020-05-23T15:20:54.708
\\atlas.shore.mbari.org\PAM_Archive\2020\05\MARS_20200503_201218.wav,true,2020-05-23T15:20:54.152
\\atlas.shore.mbari.org\PAM_Archive\2020\05\MARS_20200503_202218.wav,true,2020-05-23T15:21:16.432
\\atlas.shore.mbari.org\PAM_Archive\2020\05\MARS_20200503_203218.wav,true,2020-05-23T15:21:16.371
\\atlas.shore.mbari.org\PAM_Archive\2020\05\MARS_20200503_204218.wav,true,2020-05-23T15:21:36.91
\\atlas.shore.mbari.org\PAM_Archive\2020\05\MARS_20200503_205218.wav,true,2020-05-23T15:21:37.257
\\atlas.shore.mbari.org\PAM_Archive\2020\05\MARS_20200503_210218.wav,true,2020-05-23T15:21:57.481
\\atlas.shore.mbari.org\PAM_Archive\2020\05\MARS_20200503_211218.wav,true,2020-05-23T15:21:57.796
\\atlas.shore.mbari.org\PAM_Archive\2020\05\MARS_20200503_212218.wav,true,2020-05-23T15:22:17.588
\\atlas.shore.mbari.org\PAM_Archive\2020\05\MARS_20200503_213218.wav,true,2020-05-23T15:22:18.268
\\atlas.shore.mbari.org\PAM_Archive\2020\05\MARS_20200503_214218.wav,true,2020-05-23T15:22:39.615
\\atlas.shore.mbari.org\PAM_Archive\2020\05\MARS_20200503_215218.wav,true,2020-05-23T15:22:37.145
\\atlas.shore.mbari.org\PAM_Archive\2020\05\MARS_20200503_220218.wav,true,2020-05-23T15:22:56.725
\\atlas.shore.mbari.org\PAM_Archive\2020\05\MARS_20200503_221218.wav,true,2020-05-23T15:22:59.99
\\atlas.shore.mbari.org\PAM_Archive\2020\05\MARS_20200503_222218.wav,true,2020-05-23T15:23:17.325
\\atlas.shore.mbari.org\PAM_Archive\2020\05\MARS_20200503_223218.wav,true,2020-05-23T15:23:21.484
\\atlas.shore.mbari.org\PAM_Archive\2020\05\MARS_20200503_224218.wav,true,2020-05-23T15:23:38.099
\\atlas.shore.mbari.org\PAM_Archive\2020\05\MARS_20200503_225218.wav,true,2020-05-23T15:23:44.992
\\atlas.shore.mbari.org\PAM_Archive\2020\05\MARS_20200503_230218.wav,true,2020-05-23T15:23:58.347
\\atlas.shore.mbari.org\PAM_Archive\2020\05\MARS_20200503_231218.wav,true,2020-05-23T15:24:05.491
\\atlas.shore.mbari.org\PAM_Archive\2020\05\MARS_20200503_232218.wav,true,2020-05-23T15:24:22.886
\\atlas.shore.mbari.org\PAM_Archive\2020\05\MARS_20200503_233218.wav,true,2020-05-23T15:24:25.373
\\atlas.shore.mbari.org\PAM_Archive\2020\05\MARS_20200503_234218.wav,true,2020-05-23T15:24:44.201
\\atlas.shore.mbari.org\PAM_Archive\2020\05\MARS_20200503_235218.wav,true,2020-05-23T15:24:47.831
\\atlas.shore.mbari.org\PAM_Archive\2020\05\MARS_20200504_000218.wav,true,2020-05-23T15:25:04.023
\\atlas.shore.mbari.org\PAM_Archive\2020\05\MARS_20200504_001218.wav,true,2020-05-23T15:25:08.857
\\atlas.shore.mbari.org\PAM_Archive\2020\05\MARS_20200504_002218.wav,true,2020-05-23T15:25:24.511
\\atlas.shore.mbari.org\PAM_Archive\2020\05\MARS_20200504_003218.wav,true,2020-05-23T15:25:29.279
\\atlas.shore.mbari.org\PAM_Archive\2020\05\MARS_20200504_004218.wav,true,2020-05-23T15:25:46.812
\\atlas.shore.mbari.org\PAM_Archive\2020\05\MARS_20200504_005218.wav,true,2020-05-23T15:25:50.307
\\atlas.shore.mbari.org\PAM_Archive\2020\05\MARS_20200504_010218.wav,true,2020-05-23T15:26:06.805
\\atlas.shore.mbari.org\PAM_Archive\2020\05\MARS_20200504_011218.wav,true,2020-05-23T15:26:12.767
\\atlas.shore.mbari.org\PAM_Archive\2020\05\MARS_20200504_012218.wav,true,2020-05-23T15:26:29.394
\\atlas.shore.mbari.org\PAM_Archive\2020\05\MARS_20200504_013218.wav,true,2020-05-23T15:26:32.766
\\atlas.shore.mbari.org\PAM_Archive\2020\05\MARS_20200504_014218.wav,true,2020-05-23T15:26:49.309
\\atlas.shore.mbari.org\PAM_Archive\2020\05\MARS_20200504_015218.wav,true,2020-05-23T15:26:56.748
\\atlas.shore.mbari.org\PAM_Archive\2020\05\MARS_20200504_020218.wav,true,2020-05-23T15:27:09.778
\\atlas.shore.mbari.org\PAM_Archive\2020\05\MARS_20200504_021218.wav,true,2020-05-23T15:27:16.136
\\atlas.shore.mbari.org\PAM_Archive\2020\05\MARS_20200504_022218.wav,true,2020-05-23T15:27:30.149
\\atlas.shore.mbari.org\PAM_Archive\2020\05\MARS_20200504_023218.wav,true,2020-05-23T15:27:35.794
\\atlas.shore.mbari.org\PAM_Archive\2020\05\MARS_20200504_024218.wav,true,2020-05-23T15:27:51.136
\\atlas.shore.mbari.org\PAM_Archive\2020\05\MARS_20200504_025218.wav,true,2020-05-23T15:27:58.891
\\atlas.shore.mbari.org\PAM_Archive\2020\05\MARS_20200504_030218.wav,true,2020-05-23T15:28:13.154
\\atlas.shore.mbari.org\PAM_Archive\2020\05\MARS_20200504_031218.wav,true,2020-05-23T15:28:21.259
\\atlas.shore.mbari.org\PAM_Archive\2020\05\MARS_20200504_032218.wav,true,2020-05-23T15:28:34.411
\\atlas.shore.mbari.org\PAM_Archive\2020\05\MARS_20200504_033218.wav,true,2020-05-23T15:28:40.867
\\atlas.shore.mbari.org\PAM_Archive\2020\05\MARS_20200504_034218.wav,true,2020-05-23T15:28:55.972
\\atlas.shore.mbari.org\PAM_Archive\2020\05\MARS_20200504_035218.wav,true,2020-05-23T15:29:06.17
\\atlas.shore.mbari.org\PAM_Archive\2020\05\MARS_20200504_040218.wav,true,2020-05-23T15:29:19.124
\\atlas.shore.mbari.org\PAM_Archive\2020\05\MARS_20200504_041218.wav,true,2020-05-23T15:29:27.605
\\atlas.shore.mbari.org\PAM_Archive\2020\05\MARS_20200504_042218.wav,true,2020-05-23T15:29:39.991
\\atlas.shore.mbari.org\PAM_Archive\2020\05\MARS_20200504_043219.wav,true,2020-05-23T15:29:49.635
\\atlas.shore.mbari.org\PAM_Archive\2020\05\MARS_20200504_044218.wav,true,2020-05-23T15:30:01.052
\\atlas.shore.mbari.org\PAM_Archive\2020\05\MARS_20200504_045218.wav,true,2020-05-23T15:30:09.763
\\atlas.shore.mbari.org\PAM_Archive\2020\05\MARS_20200504_050218.wav,true,2020-05-23T15:30:21.579
\\atlas.shore.mbari.org\PAM_Archive\2020\05\MARS_20200504_051218.wav,true,2020-05-23T15:30:34.639
\\atlas.shore.mbari.org\PAM_Archive\2020\05\MARS_20200504_052218.wav,true,2020-05-23T15:30:46.439
\\atlas.shore.mbari.org\PAM_Archive\2020\05\MARS_20200504_053219.wav,true,2020-05-23T15:30:55.076
\\atlas.shore.mbari.org\PAM_Archive\2020\05\MARS_20200504_054218.wav,true,2020-05-23T15:31:08.002
\\atlas.shore.mbari.org\PAM_Archive\2020\05\MARS_20200504_055218.wav,true,2020-05-23T15:31:15.553
\\atlas.shore.mbari.org\PAM_Archive\2020\05\MARS_20200504_060219.wav,true,2020-05-23T15:31:32.094
\\atlas.shore.mbari.org\PAM_Archive\2020\05\MARS_20200504_061219.wav,true,2020-05-23T15:31:37.371
\\atlas.shore.mbari.org\PAM_Archive\2020\05\MARS_20200504_062219.wav,true,2020-05-23T15:31:51.941
\\atlas.shore.mbari.org\PAM_Archive\2020\05\MARS_20200504_063219.wav,true,2020-05-23T15:31:57.81
\\atlas.shore.mbari.org\PAM_Archive\2020\05\MARS_20200504_064219.wav,true,2020-05-23T15:32:11.89
\\atlas.shore.mbari.org\PAM_Archive\2020\05\MARS_20200504_065218.wav,true,2020-05-23T15:32:21.917
\\atlas.shore.mbari.org\PAM_Archive\2020\05\MARS_20200504_070219.wav,true,2020-05-23T15:32:33.133
\\atlas.shore.mbari.org\PAM_Archive\2020\05\MARS_20200504_071219.wav,true,2020-05-23T15:32:42.525
\\atlas.shore.mbari.org\PAM_Archive\2020\05\MARS_20200504_072219.wav,true,2020-05-23T15:32:53.847
\\atlas.shore.mbari.org\PAM_Archive\2020\05\MARS_20200504_073218.wav,true,2020-05-23T15:33:05.667
\\atlas.shore.mbari.org\PAM_Archive\2020\05\MARS_20200504_074218.wav,true,2020-05-23T15:33:14.939
\\atlas.shore.mbari.org\PAM_Archive\2020\05\MARS_20200504_075219.wav,true,2020-05-23T15:33:26.208
\\atlas.shore.mbari.org\PAM_Archive\2020\05\MARS_20200504_080219.wav,true,2020-05-23T15:33:34.984
\\atlas.shore.mbari.org\PAM_Archive\2020\05\MARS_20200504_081219.wav,true,2020-05-23T15:33:47.068
\\atlas.shore.mbari.org\PAM_Archive\2020\05\MARS_20200504_082219.wav,true,2020-05-23T15:33:56.232
\\atlas.shore.mbari.org\PAM_Archive\2020\05\MARS_20200504_083219.wav,true,2020-05-23T15:34:07.226
\\atlas.shore.mbari.org\PAM_Archive\2020\05\MARS_20200504_084219.wav,true,2020-05-23T15:34:17.074
\\atlas.shore.mbari.org\PAM_Archive\2020\05\MARS_20200504_085219.wav,true,2020-05-23T15:34:28.412
\\atlas.shore.mbari.org\PAM_Archive\2020\05\MARS_20200504_090218.wav,true,2020-05-23T15:34:42.348
\\atlas.shore.mbari.org\PAM_Archive\2020\05\MARS_20200504_091219.wav,true,2020-05-23T15:34:51.335
\\atlas.shore.mbari.org\PAM_Archive\2020\05\MARS_20200504_092219.wav,true,2020-05-23T15:35:02.803
\\atlas.shore.mbari.org\PAM_Archive\2020\05\MARS_20200504_093219.wav,true,2020-05-23T15:35:12.119
\\atlas.shore.mbari.org\PAM_Archive\2020\05\MARS_20200504_094219.wav,true,2020-05-23T15:35:23.891
\\atlas.shore.mbari.org\PAM_Archive\2020\05\MARS_20200504_095219.wav,true,2020-05-23T15:35:34.583
\\atlas.shore.mbari.org\PAM_Archive\2020\05\MARS_20200504_100219.wav,true,2020-05-23T15:35:44.613
\\atlas.shore.mbari.org\PAM_Archive\2020\05\MARS_20200504_101219.wav,true,2020-05-23T15:35:54.748
\\atlas.shore.mbari.org\PAM_Archive\2020\05\MARS_20200504_102219.wav,true,2020-05-23T15:36:05.67
\\atlas.shore.mbari.org\PAM_Archive\2020\05\MARS_20200504_103219.wav,true,2020-05-23T15:36:15.31
\\atlas.shore.mbari.org\PAM_Archive\2020\05\MARS_20200504_104219.wav,true,2020-05-23T15:36:26.373
\\atlas.shore.mbari.org\PAM_Archive\2020\05\MARS_20200504_105219.wav,true,2020-05-23T15:36:36.639
\\atlas.shore.mbari.org\PAM_Archive\2020\05\MARS_20200504_110219.wav,true,2020-05-23T15:36:47.242
\\atlas.shore.mbari.org\PAM_Archive\2020\05\MARS_20200504_111219.wav,true,2020-05-23T15:37:02.054
\\atlas.shore.mbari.org\PAM_Archive\2020\05\MARS_20200504_112219.wav,true,2020-05-23T15:37:09.236
\\atlas.shore.mbari.org\PAM_Archive\2020\05\MARS_20200504_113219.wav,true,2020-05-23T15:37:22.225
\\atlas.shore.mbari.org\PAM_Archive\2020\05\MARS_20200504_114219.wav,true,2020-05-23T15:37:29.778
\\atlas.shore.mbari.org\PAM_Archive\2020\05\MARS_20200504_115219.wav,true,2020-05-23T15:37:44.111
\\atlas.shore.mbari.org\PAM_Archive\2020\05\MARS_20200504_120219.wav,true,2020-05-23T15:37:56.4
\\atlas.shore.mbari.org\PAM_Archive\2020\05\MARS_20200504_121219.wav,true,2020-05-23T15:38:06.178
\\atlas.shore.mbari.org\PAM_Archive\2020\05\MARS_20200504_122219.wav,true,2020-05-23T15:38:18.707
\\atlas.shore.mbari.org\PAM_Archive\2020\05\MARS_20200504_123219.wav,true,2020-05-23T15:38:28.212
\\atlas.shore.mbari.org\PAM_Archive\2020\05\MARS_20200504_124219.wav,true,2020-05-23T15:38:43.728
\\atlas.shore.mbari.org\PAM_Archive\2020\05\MARS_20200504_125219.wav,true,2020-05-23T15:38:49.832
\\atlas.shore.mbari.org\PAM_Archive\2020\05\MARS_20200504_130219.wav,true,2020-05-23T15:39:05.112
\\atlas.shore.mbari.org\PAM_Archive\2020\05\MARS_20200504_131219.wav,true,2020-05-23T15:39:09.548
\\atlas.shore.mbari.org\PAM_Archive\2020\05\MARS_20200504_132219.wav,true,2020-05-23T15:39:28.958
\\atlas.shore.mbari.org\PAM_Archive\2020\05\MARS_20200504_133219.wav,true,2020-05-23T15:39:30.396
\\atlas.shore.mbari.org\PAM_Archive\2020\05\MARS_20200504_134219.wav,true,2020-05-23T15:39:52.313
\\atlas.shore.mbari.org\PAM_Archive\2020\05\MARS_20200504_135219.wav,true,2020-05-23T15:39:52.624
\\atlas.shore.mbari.org\PAM_Archive\2020\05\MARS_20200504_140219.wav,true,2020-05-23T15:40:17.073
\\atlas.shore.mbari.org\PAM_Archive\2020\05\MARS_20200504_141219.wav,true,2020-05-23T15:40:14.362
\\atlas.shore.mbari.org\PAM_Archive\2020\05\MARS_20200504_142219.wav,true,2020-05-23T15:40:35.889
\\atlas.shore.mbari.org\PAM_Archive\2020\05\MARS_20200504_143219.wav,true,2020-05-23T15:40:38.683
\\atlas.shore.mbari.org\PAM_Archive\2020\05\MARS_20200504_144219.wav,true,2020-05-23T15:40:56.326
\\atlas.shore.mbari.org\PAM_Archive\2020\05\MARS_20200504_145219.wav,true,2020-05-23T15:41:00.589
\\atlas.shore.mbari.org\PAM_Archive\2020\05\MARS_20200504_150219.wav,true,2020-05-23T15:41:17.43
\\atlas.shore.mbari.org\PAM_Archive\2020\05\MARS_20200504_151219.wav,true,2020-05-23T15:41:22.206
\\atlas.shore.mbari.org\PAM_Archive\2020\05\MARS_20200504_152219.wav,true,2020-05-23T15:41:39.821
\\atlas.shore.mbari.org\PAM_Archive\2020\05\MARS_20200504_153219.wav,true,2020-05-23T15:41:45.978
\\atlas.shore.mbari.org\PAM_Archive\2020\05\MARS_20200504_154219.wav,true,2020-05-23T15:42:01.576
\\atlas.shore.mbari.org\PAM_Archive\2020\05\MARS_20200504_155219.wav,true,2020-05-23T15:42:07.965
\\atlas.shore.mbari.org\PAM_Archive\2020\05\MARS_20200504_160219.wav,true,2020-05-23T15:42:23.567
\\atlas.shore.mbari.org\PAM_Archive\2020\05\MARS_20200504_161219.wav,true,2020-05-23T15:42:32.188
\\atlas.shore.mbari.org\PAM_Archive\2020\05\MARS_20200504_162219.wav,true,2020-05-23T15:42:45.542
\\atlas.shore.mbari.org\PAM_Archive\2020\05\MARS_20200504_163219.wav,true,2020-05-23T15:42:58.297
\\atlas.shore.mbari.org\PAM_Archive\2020\05\MARS_20200504_164219.wav,true,2020-05-23T15:43:06.516
\\atlas.shore.mbari.org\PAM_Archive\2020\05\MARS_20200504_165219.wav,true,2020-05-23T15:43:19.069
\\atlas.shore.mbari.org\PAM_Archive\2020\05\MARS_20200504_170219.wav,true,2020-05-23T15:43:28.521
\\atlas.shore.mbari.org\PAM_Archive\2020\05\MARS_20200504_171219.wav,true,2020-05-23T15:43:39.824
\\atlas.shore.mbari.org\PAM_Archive\2020\05\MARS_20200504_172219.wav,true,2020-05-23T15:43:50.568
\\atlas.shore.mbari.org\PAM_Archive\2020\05\MARS_20200504_173219.wav,true,2020-05-23T15:44:00.407
\\atlas.shore.mbari.org\PAM_Archive\2020\05\MARS_20200504_174219.wav,true,2020-05-23T15:44:11.215
\\atlas.shore.mbari.org\PAM_Archive\2020\05\MARS_20200504_175219.wav,true,2020-05-23T15:44:21.064
\\atlas.shore.mbari.org\PAM_Archive\2020\05\MARS_20200504_180219.wav,true,2020-05-23T15:44:32.439
\\atlas.shore.mbari.org\PAM_Archive\2020\05\MARS_20200504_181219.wav,true,2020-05-23T15:44:43.364
\\atlas.shore.mbari.org\PAM_Archive\2020\05\MARS_20200504_182219.wav,true,2020-05-23T15:44:56.973
\\atlas.shore.mbari.org\PAM_Archive\2020\05\MARS_20200504_183219.wav,true,2020-05-23T15:45:03.747
\\atlas.shore.mbari.org\PAM_Archive\2020\05\MARS_20200504_184219.wav,true,2020-05-23T15:45:24.945
\\atlas.shore.mbari.org\PAM_Archive\2020\05\MARS_20200504_185219.wav,true,2020-05-23T15:45:33.362
\\atlas.shore.mbari.org\PAM_Archive\2020\05\MARS_20200504_190219.wav,true,2020-05-23T15:45:45.917
\\atlas.shore.mbari.org\PAM_Archive\2020\05\MARS_20200504_191219.wav,true,2020-05-23T15:45:56.638
\\atlas.shore.mbari.org\PAM_Archive\2020\05\MARS_20200504_192219.wav,true,2020-05-23T15:46:10.903
\\atlas.shore.mbari.org\PAM_Archive\2020\05\MARS_20200504_193219.wav,true,2020-05-23T15:46:17.351
\\atlas.shore.mbari.org\PAM_Archive\2020\05\MARS_20200504_194219.wav,true,2020-05-23T15:46:34.713
\\atlas.shore.mbari.org\PAM_Archive\2020\05\MARS_20200504_195219.wav,true,2020-05-23T15:46:38.045
\\atlas.shore.mbari.org\PAM_Archive\2020\05\MARS_20200504_200219.wav,true,2020-05-23T15:46:55.375
\\atlas.shore.mbari.org\PAM_Archive\2020\05\MARS_20200504_201219.wav,true,2020-05-23T15:47:01.127
\\atlas.shore.mbari.org\PAM_Archive\2020\05\MARS_20200504_202219.wav,true,2020-05-23T15:47:16.227
\\atlas.shore.mbari.org\PAM_Archive\2020\05\MARS_20200504_203219.wav,true,2020-05-23T15:47:23.408
\\atlas.shore.mbari.org\PAM_Archive\2020\05\MARS_20200504_204219.wav,true,2020-05-23T15:47:36.781
\\atlas.shore.mbari.org\PAM_Archive\2020\05\MARS_20200504_205219.wav,true,2020-05-23T15:47:43.187
\\atlas.shore.mbari.org\PAM_Archive\2020\05\MARS_20200504_210219.wav,true,2020-05-23T15:47:59.077
\\atlas.shore.mbari.org\PAM_Archive\2020\05\MARS_20200504_211219.wav,true,2020-05-23T15:48:02.971
\\atlas.shore.mbari.org\PAM_Archive\2020\05\MARS_20200504_212219.wav,true,2020-05-23T15:48:21.021
\\atlas.shore.mbari.org\PAM_Archive\2020\05\MARS_20200504_213219.wav,true,2020-05-23T15:48:23.785
\\atlas.shore.mbari.org\PAM_Archive\2020\05\MARS_20200504_214219.wav,true,2020-05-23T15:48:41.502
\\atlas.shore.mbari.org\PAM_Archive\2020\05\MARS_20200504_215219.wav,true,2020-05-23T15:48:45.008
\\atlas.shore.mbari.org\PAM_Archive\2020\05\MARS_20200504_220219.wav,true,2020-05-23T15:49:03.267
\\atlas.shore.mbari.org\PAM_Archive\2020\05\MARS_20200504_221219.wav,true,2020-05-23T15:49:10.297
\\atlas.shore.mbari.org\PAM_Archive\2020\05\MARS_20200504_222219.wav,true,2020-05-23T15:49:24.165
\\atlas.shore.mbari.org\PAM_Archive\2020\05\MARS_20200504_223219.wav,true,2020-05-23T15:49:32.605
\\atlas.shore.mbari.org\PAM_Archive\2020\05\MARS_20200504_224219.wav,true,2020-05-23T15:49:43.696
\\atlas.shore.mbari.org\PAM_Archive\2020\05\MARS_20200504_225219.wav,true,2020-05-23T15:50:03.865
\\atlas.shore.mbari.org\PAM_Archive\2020\05\MARS_20200504_230219.wav,true,2020-05-23T15:50:05.178
\\atlas.shore.mbari.org\PAM_Archive\2020\05\MARS_20200504_231219.wav,true,2020-05-23T15:50:23.732
\\atlas.shore.mbari.org\PAM_Archive\2020\05\MARS_20200504_232219.wav,true,2020-05-23T15:50:26.238
\\atlas.shore.mbari.org\PAM_Archive\2020\05\MARS_20200504_233219.wav,true,2020-05-23T15:50:45.279
\\atlas.shore.mbari.org\PAM_Archive\2020\05\MARS_20200504_234219.wav,true,2020-05-23T15:50:46.816
\\atlas.shore.mbari.org\PAM_Archive\2020\05\MARS_20200504_235219.wav,true,2020-05-23T15:51:06.222
\\atlas.shore.mbari.org\PAM_Archive\2020\05\MARS_20200505_000219.wav,true,2020-05-23T15:51:13.457
\\atlas.shore.mbari.org\PAM_Archive\2020\05\MARS_20200505_001219.wav,true,2020-05-23T15:51:27.615
\\atlas.shore.mbari.org\PAM_Archive\2020\05\MARS_20200505_002219.wav,true,2020-05-23T15:51:34.378
\\atlas.shore.mbari.org\PAM_Archive\2020\05\MARS_20200505_003219.wav,true,2020-05-23T15:51:47.37
\\atlas.shore.mbari.org\PAM_Archive\2020\05\MARS_20200505_004219.wav,true,2020-05-23T15:51:54.524
\\atlas.shore.mbari.org\PAM_Archive\2020\05\MARS_20200505_005219.wav,true,2020-05-23T15:52:06.372
\\atlas.shore.mbari.org\PAM_Archive\2020\05\MARS_20200505_010219.wav,true,2020-05-23T15:52:17.339
\\atlas.shore.mbari.org\PAM_Archive\2020\05\MARS_20200505_011219.wav,true,2020-05-23T15:52:25.875
\\atlas.shore.mbari.org\PAM_Archive\2020\05\MARS_20200505_012219.wav,true,2020-05-23T15:52:40.366
\\atlas.shore.mbari.org\PAM_Archive\2020\05\MARS_20200505_013219.wav,true,2020-05-23T15:52:46.51
\\atlas.shore.mbari.org\PAM_Archive\2020\05\MARS_20200505_014219.wav,true,2020-05-23T15:53:01.527
\\atlas.shore.mbari.org\PAM_Archive\2020\05\MARS_20200505_015219.wav,true,2020-05-23T15:53:11.851
\\atlas.shore.mbari.org\PAM_Archive\2020\05\MARS_20200505_020219.wav,true,2020-05-23T15:53:23.133
\\atlas.shore.mbari.org\PAM_Archive\2020\05\MARS_20200505_021219.wav,true,2020-05-23T15:53:32.869
\\atlas.shore.mbari.org\PAM_Archive\2020\05\MARS_20200505_022219.wav,true,2020-05-23T15:53:50.933
\\atlas.shore.mbari.org\PAM_Archive\2020\05\MARS_20200505_023219.wav,true,2020-05-23T15:53:53.254
\\atlas.shore.mbari.org\PAM_Archive\2020\05\MARS_20200505_024219.wav,true,2020-05-23T15:54:11.358
\\atlas.shore.mbari.org\PAM_Archive\2020\05\MARS_20200505_025219.wav,true,2020-05-23T15:54:14.663
\\atlas.shore.mbari.org\PAM_Archive\2020\05\MARS_20200505_030219.wav,true,2020-05-23T15:54:32.697
\\atlas.shore.mbari.org\PAM_Archive\2020\05\MARS_20200505_031219.wav,true,2020-05-23T15:54:34.665
\\atlas.shore.mbari.org\PAM_Archive\2020\05\MARS_20200505_032219.wav,true,2020-05-23T15:54:53.982
\\atlas.shore.mbari.org\PAM_Archive\2020\05\MARS_20200505_033219.wav,true,2020-05-23T15:54:57.051
\\atlas.shore.mbari.org\PAM_Archive\2020\05\MARS_20200505_034219.wav,true,2020-05-23T15:55:15.626
\\atlas.shore.mbari.org\PAM_Archive\2020\05\MARS_20200505_035219.wav,true,2020-05-23T15:55:21.956
\\atlas.shore.mbari.org\PAM_Archive\2020\05\MARS_20200505_040219.wav,true,2020-05-23T15:55:36.637
\\atlas.shore.mbari.org\PAM_Archive\2020\05\MARS_20200505_041219.wav,true,2020-05-23T15:55:42.018
\\atlas.shore.mbari.org\PAM_Archive\2020\05\MARS_20200505_042219.wav,true,2020-05-23T15:56:03.141
\\atlas.shore.mbari.org\PAM_Archive\2020\05\MARS_20200505_043219.wav,true,2020-05-23T15:56:02.388
\\atlas.shore.mbari.org\PAM_Archive\2020\05\MARS_20200505_044219.wav,true,2020-05-23T15:56:22.388
\\atlas.shore.mbari.org\PAM_Archive\2020\05\MARS_20200505_045219.wav,true,2020-05-23T15:56:25.44
\\atlas.shore.mbari.org\PAM_Archive\2020\05\MARS_20200505_050219.wav,true,2020-05-23T15:56:43.54
\\atlas.shore.mbari.org\PAM_Archive\2020\05\MARS_20200505_051219.wav,true,2020-05-23T15:56:46.229
\\atlas.shore.mbari.org\PAM_Archive\2020\05\MARS_20200505_052219.wav,true,2020-05-23T15:57:04.598
\\atlas.shore.mbari.org\PAM_Archive\2020\05\MARS_20200505_053219.wav,true,2020-05-23T15:57:06.989
\\atlas.shore.mbari.org\PAM_Archive\2020\05\MARS_20200505_054219.wav,true,2020-05-23T15:57:26.331
\\atlas.shore.mbari.org\PAM_Archive\2020\05\MARS_20200505_055219.wav,true,2020-05-23T15:57:29.204
\\atlas.shore.mbari.org\PAM_Archive\2020\05\MARS_20200505_060219.wav,true,2020-05-23T15:57:47.431
\\atlas.shore.mbari.org\PAM_Archive\2020\05\MARS_20200505_061219.wav,true,2020-05-23T15:57:50.247
\\atlas.shore.mbari.org\PAM_Archive\2020\05\MARS_20200505_062219.wav,true,2020-05-23T15:58:08.813
\\atlas.shore.mbari.org\PAM_Archive\2020\05\MARS_20200505_063219.wav,true,2020-05-23T15:58:12.913
\\atlas.shore.mbari.org\PAM_Archive\2020\05\MARS_20200505_064219.wav,true,2020-05-23T15:58:30.195
\\atlas.shore.mbari.org\PAM_Archive\2020\05\MARS_20200505_065219.wav,true,2020-05-23T15:58:36.954
\\atlas.shore.mbari.org\PAM_Archive\2020\05\MARS_20200505_070219.wav,true,2020-05-23T15:58:52.234
\\atlas.shore.mbari.org\PAM_Archive\2020\05\MARS_20200505_071219.wav,true,2020-05-23T15:58:58.209
\\atlas.shore.mbari.org\PAM_Archive\2020\05\MARS_20200505_072219.wav,true,2020-05-23T15:59:14.604
\\atlas.shore.mbari.org\PAM_Archive\2020\05\MARS_20200505_073219.wav,true,2020-05-23T15:59:18.842
\\atlas.shore.mbari.org\PAM_Archive\2020\05\MARS_20200505_074219.wav,true,2020-05-23T15:59:41.658
\\atlas.shore.mbari.org\PAM_Archive\2020\05\MARS_20200505_075219.wav,true,2020-05-23T15:59:40.349
\\atlas.shore.mbari.org\PAM_Archive\2020\05\MARS_20200505_080219.wav,true,2020-05-23T16:00:02.113
\\atlas.shore.mbari.org\PAM_Archive\2020\05\MARS_20200505_081219.wav,true,2020-05-23T16:00:04.959
\\atlas.shore.mbari.org\PAM_Archive\2020\05\MARS_20200505_082219.wav,true,2020-05-23T16:00:22.592
\\atlas.shore.mbari.org\PAM_Archive\2020\05\MARS_20200505_083219.wav,true,2020-05-23T16:00:26.212
\\atlas.shore.mbari.org\PAM_Archive\2020\05\MARS_20200505_084219.wav,true,2020-05-23T16:00:43.118
\\atlas.shore.mbari.org\PAM_Archive\2020\05\MARS_20200505_085219.wav,true,2020-05-23T16:00:47.921
\\atlas.shore.mbari.org\PAM_Archive\2020\05\MARS_20200505_090219.wav,true,2020-05-23T16:01:03.789
\\atlas.shore.mbari.org\PAM_Archive\2020\05\MARS_20200505_091219.wav,true,2020-05-23T16:01:08.909
\\atlas.shore.mbari.org\PAM_Archive\2020\05\MARS_20200505_092219.wav,true,2020-05-23T16:01:25.024
\\atlas.shore.mbari.org\PAM_Archive\2020\05\MARS_20200505_093219.wav,true,2020-05-23T16:01:31.604
\\atlas.shore.mbari.org\PAM_Archive\2020\05\MARS_20200505_094219.wav,true,2020-05-23T16:01:48.06
\\atlas.shore.mbari.org\PAM_Archive\2020\05\MARS_20200505_095219.wav,true,2020-05-23T16:01:54.16
\\atlas.shore.mbari.org\PAM_Archive\2020\05\MARS_20200505_100219.wav,true,2020-05-23T16:02:08.584
\\atlas.shore.mbari.org\PAM_Archive\2020\05\MARS_20200505_101219.wav,true,2020-05-23T16:02:16.032
\\atlas.shore.mbari.org\PAM_Archive\2020\05\MARS_20200505_102219.wav,true,2020-05-23T16:02:33.779
\\atlas.shore.mbari.org\PAM_Archive\2020\05\MARS_20200505_103219.wav,true,2020-05-23T16:02:37.114
\\atlas.shore.mbari.org\PAM_Archive\2020\05\MARS_20200505_104219.wav,true,2020-05-23T16:02:54.539
\\atlas.shore.mbari.org\PAM_Archive\2020\05\MARS_20200505_105219.wav,true,2020-05-23T16:02:57.964
\\atlas.shore.mbari.org\PAM_Archive\2020\05\MARS_20200505_110219.wav,true,2020-05-23T16:03:16.086
\\atlas.shore.mbari.org\PAM_Archive\2020\05\MARS_20200505_111219.wav,true,2020-05-23T16:03:21.791
\\atlas.shore.mbari.org\PAM_Archive\2020\05\MARS_20200505_112219.wav,true,2020-05-23T16:03:37.951
\\atlas.shore.mbari.org\PAM_Archive\2020\05\MARS_20200505_113219.wav,true,2020-05-23T16:03:50.776
\\atlas.shore.mbari.org\PAM_Archive\2020\05\MARS_20200505_114219.wav,true,2020-05-23T16:03:59.807
\\atlas.shore.mbari.org\PAM_Archive\2020\05\MARS_20200505_115219.wav,true,2020-05-23T16:04:11.932
\\atlas.shore.mbari.org\PAM_Archive\2020\05\MARS_20200505_120219.wav,true,2020-05-23T16:04:23.083
\\atlas.shore.mbari.org\PAM_Archive\2020\05\MARS_20200505_121219.wav,true,2020-05-23T16:04:32.543
\\atlas.shore.mbari.org\PAM_Archive\2020\05\MARS_20200505_122219.wav,true,2020-05-23T16:04:46.477
\\atlas.shore.mbari.org\PAM_Archive\2020\05\MARS_20200505_123219.wav,true,2020-05-23T16:04:52.616
\\atlas.shore.mbari.org\PAM_Archive\2020\05\MARS_20200505_124219.wav,true,2020-05-23T16:05:14.555
\\atlas.shore.mbari.org\PAM_Archive\2020\05\MARS_20200505_125219.wav,true,2020-05-23T16:05:17.416
\\atlas.shore.mbari.org\PAM_Archive\2020\05\MARS_20200505_130219.wav,true,2020-05-23T16:05:35.81
\\atlas.shore.mbari.org\PAM_Archive\2020\05\MARS_20200505_131219.wav,true,2020-05-23T16:05:43.233
\\atlas.shore.mbari.org\PAM_Archive\2020\05\MARS_20200505_132219.wav,true,2020-05-23T16:05:56.405
\\atlas.shore.mbari.org\PAM_Archive\2020\05\MARS_20200505_133219.wav,true,2020-05-23T16:06:04.675
\\atlas.shore.mbari.org\PAM_Archive\2020\05\MARS_20200505_134219.wav,true,2020-05-23T16:06:21.03
\\atlas.shore.mbari.org\PAM_Archive\2020\05\MARS_20200505_135219.wav,true,2020-05-23T16:06:28.667
\\atlas.shore.mbari.org\PAM_Archive\2020\05\MARS_20200505_140219.wav,true,2020-05-23T16:06:43.236
\\atlas.shore.mbari.org\PAM_Archive\2020\05\MARS_20200505_141219.wav,true,2020-05-23T16:06:49.646
\\atlas.shore.mbari.org\PAM_Archive\2020\05\MARS_20200505_142219.wav,true,2020-05-23T16:07:04.155
\\atlas.shore.mbari.org\PAM_Archive\2020\05\MARS_20200505_143219.wav,true,2020-05-23T16:07:11.574
\\atlas.shore.mbari.org\PAM_Archive\2020\05\MARS_20200505_144219.wav,true,2020-05-23T16:07:24.961
\\atlas.shore.mbari.org\PAM_Archive\2020\05\MARS_20200505_145219.wav,true,2020-05-23T16:07:32.951
\\atlas.shore.mbari.org\PAM_Archive\2020\05\MARS_20200505_150219.wav,true,2020-05-23T16:07:47.879
\\atlas.shore.mbari.org\PAM_Archive\2020\05\MARS_20200505_151219.wav,true,2020-05-23T16:07:56.119
\\atlas.shore.mbari.org\PAM_Archive\2020\05\MARS_20200505_152219.wav,true,2020-05-23T16:08:09.021
\\atlas.shore.mbari.org\PAM_Archive\2020\05\MARS_20200505_153219.wav,true,2020-05-23T16:08:15.975
\\atlas.shore.mbari.org\PAM_Archive\2020\05\MARS_20200505_154219.wav,true,2020-05-23T16:08:31.752
\\atlas.shore.mbari.org\PAM_Archive\2020\05\MARS_20200505_155219.wav,true,2020-05-23T16:08:37.098
\\atlas.shore.mbari.org\PAM_Archive\2020\05\MARS_20200505_160219.wav,true,2020-05-23T16:08:53.451
\\atlas.shore.mbari.org\PAM_Archive\2020\05\MARS_20200505_161219.wav,true,2020-05-23T16:08:59.509
\\atlas.shore.mbari.org\PAM_Archive\2020\05\MARS_20200505_162219.wav,true,2020-05-23T16:09:15.894
\\atlas.shore.mbari.org\PAM_Archive\2020\05\MARS_20200505_163219.wav,true,2020-05-23T16:09:21.554
\\atlas.shore.mbari.org\PAM_Archive\2020\05\MARS_20200505_164219.wav,true,2020-05-23T16:09:38.096
\\atlas.shore.mbari.org\PAM_Archive\2020\05\MARS_20200505_165219.wav,true,2020-05-23T16:09:44.375
\\atlas.shore.mbari.org\PAM_Archive\2020\05\MARS_20200505_170219.wav,true,2020-05-23T16:10:01.304
\\atlas.shore.mbari.org\PAM_Archive\2020\05\MARS_20200505_171219.wav,true,2020-05-23T16:10:04.69
\\atlas.shore.mbari.org\PAM_Archive\2020\05\MARS_20200505_172219.wav,true,2020-05-23T16:10:23.405
\\atlas.shore.mbari.org\PAM_Archive\2020\05\MARS_20200505_173219.wav,true,2020-05-23T16:10:25.633
\\atlas.shore.mbari.org\PAM_Archive\2020\05\MARS_20200505_174219.wav,true,2020-05-23T16:10:44.347
\\atlas.shore.mbari.org\PAM_Archive\2020\05\MARS_20200505_175219.wav,true,2020-05-23T16:10:48.159
\\atlas.shore.mbari.org\PAM_Archive\2020\05\MARS_20200505_180219.wav,true,2020-05-23T16:11:08.95
\\atlas.shore.mbari.org\PAM_Archive\2020\05\MARS_20200505_181219.wav,true,2020-05-23T16:11:10.161
\\atlas.shore.mbari.org\PAM_Archive\2020\05\MARS_20200505_182219.wav,true,2020-05-23T16:11:30.267
\\atlas.shore.mbari.org\PAM_Archive\2020\05\MARS_20200505_183219.wav,true,2020-05-23T16:11:30.991
\\atlas.shore.mbari.org\PAM_Archive\2020\05\MARS_20200505_184219.wav,true,2020-05-23T16:11:52.346
\\atlas.shore.mbari.org\PAM_Archive\2020\05\MARS_20200505_185219.wav,true,2020-05-23T16:11:52.259
\\atlas.shore.mbari.org\PAM_Archive\2020\05\MARS_20200505_190219.wav,true,2020-05-23T16:12:12.572
\\atlas.shore.mbari.org\PAM_Archive\2020\05\MARS_20200505_191219.wav,true,2020-05-23T16:12:13.629
\\atlas.shore.mbari.org\PAM_Archive\2020\05\MARS_20200505_192219.wav,true,2020-05-23T16:12:33.233
\\atlas.shore.mbari.org\PAM_Archive\2020\05\MARS_20200505_193219.wav,true,2020-05-23T16:12:34.505
\\atlas.shore.mbari.org\PAM_Archive\2020\05\MARS_20200505_194219.wav,true,2020-05-23T16:12:55.952
\\atlas.shore.mbari.org\PAM_Archive\2020\05\MARS_20200505_195219.wav,true,2020-05-23T16:12:56.067
\\atlas.shore.mbari.org\PAM_Archive\2020\05\MARS_20200505_200219.wav,true,2020-05-23T16:13:18.366
\\atlas.shore.mbari.org\PAM_Archive\2020\05\MARS_20200505_201219.wav,true,2020-05-23T16:13:17.095
\\atlas.shore.mbari.org\PAM_Archive\2020\05\MARS_20200505_202219.wav,true,2020-05-23T16:13:38.487
\\atlas.shore.mbari.org\PAM_Archive\2020\05\MARS_20200505_203219.wav,true,2020-05-23T16:13:39.225
\\atlas.shore.mbari.org\PAM_Archive\2020\05\MARS_20200505_204219.wav,true,2020-05-23T16:14:00.051
\\atlas.shore.mbari.org\PAM_Archive\2020\05\MARS_20200505_205219.wav,true,2020-05-23T16:13:59.915
\\atlas.shore.mbari.org\PAM_Archive\2020\05\MARS_20200505_210219.wav,true,2020-05-23T16:14:25.174
\\atlas.shore.mbari.org\PAM_Archive\2020\05\MARS_20200505_211219.wav,true,2020-05-23T16:14:23.658
\\atlas.shore.mbari.org\PAM_Archive\2020\05\MARS_20200505_212219.wav,true,2020-05-23T16:14:44.962
\\atlas.shore.mbari.org\PAM_Archive\2020\05\MARS_20200505_213219.wav,true,2020-05-23T16:14:47.589
\\atlas.shore.mbari.org\PAM_Archive\2020\05\MARS_20200505_214219.wav,true,2020-05-23T16:15:05.734
\\atlas.shore.mbari.org\PAM_Archive\2020\05\MARS_20200505_215219.wav,true,2020-05-23T16:15:11.049
\\atlas.shore.mbari.org\PAM_Archive\2020\05\MARS_20200505_220219.wav,true,2020-05-23T16:15:26.701
\\atlas.shore.mbari.org\PAM_Archive\2020\05\MARS_20200505_221219.wav,true,2020-05-23T16:15:32.906
\\atlas.shore.mbari.org\PAM_Archive\2020\05\MARS_20200505_222219.wav,true,2020-05-23T16:15:47.96
\\atlas.shore.mbari.org\PAM_Archive\2020\05\MARS_20200505_223219.wav,true,2020-05-23T16:15:55.111
\\atlas.shore.mbari.org\PAM_Archive\2020\05\MARS_20200505_224219.wav,true,2020-05-23T16:16:09.24
\\atlas.shore.mbari.org\PAM_Archive\2020\05\MARS_20200505_225219.wav,true,2020-05-23T16:16:19.066
\\atlas.shore.mbari.org\PAM_Archive\2020\05\MARS_20200505_230219.wav,true,2020-05-23T16:16:30.092
\\atlas.shore.mbari.org\PAM_Archive\2020\05\MARS_20200505_231219.wav,true,2020-05-23T16:16:39.554
\\atlas.shore.mbari.org\PAM_Archive\2020\05\MARS_20200505_232219.wav,true,2020-05-23T16:16:51.147
\\atlas.shore.mbari.org\PAM_Archive\2020\05\MARS_20200505_233219.wav,true,2020-05-23T16:17:00.458
\\atlas.shore.mbari.org\PAM_Archive\2020\05\MARS_20200505_234219.wav,true,2020-05-23T16:17:11.078
\\atlas.shore.mbari.org\PAM_Archive\2020\05\MARS_20200505_235219.wav,true,2020-05-23T16:17:22.738
\\atlas.shore.mbari.org\PAM_Archive\2020\05\MARS_20200506_000219.wav,true,2020-05-23T16:17:33.242
\\atlas.shore.mbari.org\PAM_Archive\2020\05\MARS_20200506_001219.wav,true,2020-05-23T16:17:46.101
\\atlas.shore.mbari.org\PAM_Archive\2020\05\MARS_20200506_002219.wav,true,2020-05-23T16:17:53.309
\\atlas.shore.mbari.org\PAM_Archive\2020\05\MARS_20200506_003219.wav,true,2020-05-23T16:18:08.275
\\atlas.shore.mbari.org\PAM_Archive\2020\05\MARS_20200506_004219.wav,true,2020-05-23T16:18:14.083
\\atlas.shore.mbari.org\PAM_Archive\2020\05\MARS_20200506_005219.wav,true,2020-05-23T16:18:35.054
\\atlas.shore.mbari.org\PAM_Archive\2020\05\MARS_20200506_010219.wav,true,2020-05-23T16:18:35.912
\\atlas.shore.mbari.org\PAM_Archive\2020\05\MARS_20200506_011219.wav,true,2020-05-23T16:18:56.405
\\atlas.shore.mbari.org\PAM_Archive\2020\05\MARS_20200506_012219.wav,true,2020-05-23T16:18:58.103
\\atlas.shore.mbari.org\PAM_Archive\2020\05\MARS_20200506_013219.wav,true,2020-05-23T16:19:17.506
\\atlas.shore.mbari.org\PAM_Archive\2020\05\MARS_20200506_014219.wav,true,2020-05-23T16:19:18.271
\\atlas.shore.mbari.org\PAM_Archive\2020\05\MARS_20200506_015219.wav,true,2020-05-23T16:19:38.659
\\atlas.shore.mbari.org\PAM_Archive\2020\05\MARS_20200506_020219.wav,true,2020-05-23T16:19:40.099
\\atlas.shore.mbari.org\PAM_Archive\2020\05\MARS_20200506_021219.wav,true,2020-05-23T16:20:00.288
\\atlas.shore.mbari.org\PAM_Archive\2020\05\MARS_20200506_022219.wav,true,2020-05-23T16:20:00.655
\\atlas.shore.mbari.org\PAM_Archive\2020\05\MARS_20200506_023219.wav,true,2020-05-23T16:20:22.145
\\atlas.shore.mbari.org\PAM_Archive\2020\05\MARS_20200506_024219.wav,true,2020-05-23T16:20:23.733
\\atlas.shore.mbari.org\PAM_Archive\2020\05\MARS_20200506_025219.wav,true,2020-05-23T16:20:47.356
\\atlas.shore.mbari.org\PAM_Archive\2020\05\MARS_20200506_030219.wav,true,2020-05-23T16:20:44.387
\\atlas.shore.mbari.org\PAM_Archive\2020\05\MARS_20200506_031219.wav,true,2020-05-23T16:21:06.015
\\atlas.shore.mbari.org\PAM_Archive\2020\05\MARS_20200506_032219.wav,true,2020-05-23T16:21:06.871
\\atlas.shore.mbari.org\PAM_Archive\2020\05\MARS_20200506_033219.wav,true,2020-05-23T16:21:26.789
\\atlas.shore.mbari.org\PAM_Archive\2020\05\MARS_20200506_034219.wav,true,2020-05-23T16:21:27.904
\\atlas.shore.mbari.org\PAM_Archive\2020\05\MARS_20200506_035219.wav,true,2020-05-23T16:21:47.913
\\atlas.shore.mbari.org\PAM_Archive\2020\05\MARS_20200506_040219.wav,true,2020-05-23T16:21:50.883
\\atlas.shore.mbari.org\PAM_Archive\2020\05\MARS_20200506_041219.wav,true,2020-05-23T16:22:10.284
\\atlas.shore.mbari.org\PAM_Archive\2020\05\MARS_20200506_042219.wav,true,2020-05-23T16:22:12.615
\\atlas.shore.mbari.org\PAM_Archive\2020\05\MARS_20200506_043219.wav,true,2020-05-23T16:22:31.315
\\atlas.shore.mbari.org\PAM_Archive\2020\05\MARS_20200506_044219.wav,true,2020-05-23T16:22:34.908
\\atlas.shore.mbari.org\PAM_Archive\2020\05\MARS_20200506_045219.wav,true,2020-05-23T16:22:56.316
\\atlas.shore.mbari.org\PAM_Archive\2020\05\MARS_20200506_050219.wav,true,2020-05-23T16:22:58.457
\\atlas.shore.mbari.org\PAM_Archive\2020\05\MARS_20200506_051219.wav,true,2020-05-23T16:23:17.438
\\atlas.shore.mbari.org\PAM_Archive\2020\05\MARS_20200506_052219.wav,true,2020-05-23T16:23:19.804
\\atlas.shore.mbari.org\PAM_Archive\2020\05\MARS_20200506_053219.wav,true,2020-05-23T16:23:38.557
\\atlas.shore.mbari.org\PAM_Archive\2020\05\MARS_20200506_054219.wav,true,2020-05-23T16:23:40.126
\\atlas.shore.mbari.org\PAM_Archive\2020\05\MARS_20200506_055219.wav,true,2020-05-23T16:24:06.096
\\atlas.shore.mbari.org\PAM_Archive\2020\05\MARS_20200506_060219.wav,true,2020-05-23T16:24:00.485
\\atlas.shore.mbari.org\PAM_Archive\2020\05\MARS_20200506_061219.wav,true,2020-05-23T16:24:21.337
\\atlas.shore.mbari.org\PAM_Archive\2020\05\MARS_20200506_062219.wav,true,2020-05-23T16:24:26.962
\\atlas.shore.mbari.org\PAM_Archive\2020\05\MARS_20200506_063219.wav,true,2020-05-23T16:24:43.335
\\atlas.shore.mbari.org\PAM_Archive\2020\05\MARS_20200506_064219.wav,true,2020-05-23T16:24:47.958
\\atlas.shore.mbari.org\PAM_Archive\2020\05\MARS_20200506_065219.wav,true,2020-05-23T16:25:03.999
\\atlas.shore.mbari.org\PAM_Archive\2020\05\MARS_20200506_070219.wav,true,2020-05-23T16:25:08.873
\\atlas.shore.mbari.org\PAM_Archive\2020\05\MARS_20200506_071219.wav,true,2020-05-23T16:25:30.142
\\atlas.shore.mbari.org\PAM_Archive\2020\05\MARS_20200506_072219.wav,true,2020-05-23T16:25:33.365
\\atlas.shore.mbari.org\PAM_Archive\2020\05\MARS_20200506_073219.wav,true,2020-05-23T16:25:49.595
\\atlas.shore.mbari.org\PAM_Archive\2020\05\MARS_20200506_074219.wav,true,2020-05-23T16:25:54.182
\\atlas.shore.mbari.org\PAM_Archive\2020\05\MARS_20200506_075219.wav,true,2020-05-23T16:26:10.329
\\atlas.shore.mbari.org\PAM_Archive\2020\05\MARS_20200506_080219.wav,true,2020-05-23T16:26:15.478
\\atlas.shore.mbari.org\PAM_Archive\2020\05\MARS_20200506_081219.wav,true,2020-05-23T16:26:31.927
\\atlas.shore.mbari.org\PAM_Archive\2020\05\MARS_20200506_082219.wav,true,2020-05-23T16:26:36.938
\\atlas.shore.mbari.org\PAM_Archive\2020\05\MARS_20200506_083219.wav,true,2020-05-23T16:26:54.176
\\atlas.shore.mbari.org\PAM_Archive\2020\05\MARS_20200506_084219.wav,true,2020-05-23T16:26:57.177
\\atlas.shore.mbari.org\PAM_Archive\2020\05\MARS_20200506_085219.wav,true,2020-05-23T16:27:15.498
\\atlas.shore.mbari.org\PAM_Archive\2020\05\MARS_20200506_090219.wav,true,2020-05-23T16:27:18.853
\\atlas.shore.mbari.org\PAM_Archive\2020\05\MARS_20200506_091219.wav,true,2020-05-23T16:27:35.967
\\atlas.shore.mbari.org\PAM_Archive\2020\05\MARS_20200506_092219.wav,true,2020-05-23T16:27:38.735
\\atlas.shore.mbari.org\PAM_Archive\2020\05\MARS_20200506_093219.wav,true,2020-05-23T16:27:57.311
\\atlas.shore.mbari.org\PAM_Archive\2020\05\MARS_20200506_094219.wav,true,2020-05-23T16:27:59.97
\\atlas.shore.mbari.org\PAM_Archive\2020\05\MARS_20200506_095219.wav,true,2020-05-23T16:28:18.204
\\atlas.shore.mbari.org\PAM_Archive\2020\05\MARS_20200506_100219.wav,true,2020-05-23T16:28:21.795
\\atlas.shore.mbari.org\PAM_Archive\2020\05\MARS_20200506_101219.wav,true,2020-05-23T16:28:41.57
\\atlas.shore.mbari.org\PAM_Archive\2020\05\MARS_20200506_102219.wav,true,2020-05-23T16:28:43.001
\\atlas.shore.mbari.org\PAM_Archive\2020\05\MARS_20200506_103219.wav,true,2020-05-23T16:29:01.678
\\atlas.shore.mbari.org\PAM_Archive\2020\05\MARS_20200506_104219.wav,true,2020-05-23T16:29:04.358
\\atlas.shore.mbari.org\PAM_Archive\2020\05\MARS_20200506_105219.wav,true,2020-05-23T16:29:22.858
\\atlas.shore.mbari.org\PAM_Archive\2020\05\MARS_20200506_110219.wav,true,2020-05-23T16:29:28.457
\\atlas.shore.mbari.org\PAM_Archive\2020\05\MARS_20200506_111219.wav,true,2020-05-23T16:29:42.902
\\atlas.shore.mbari.org\PAM_Archive\2020\05\MARS_20200506_112219.wav,true,2020-05-23T16:29:50.547
\\atlas.shore.mbari.org\PAM_Archive\2020\05\MARS_20200506_113219.wav,true,2020-05-23T16:30:04.248
\\atlas.shore.mbari.org\PAM_Archive\2020\05\MARS_20200506_114219.wav,true,2020-05-23T16:30:11.297
\\atlas.shore.mbari.org\PAM_Archive\2020\05\MARS_20200506_115219.wav,true,2020-05-23T16:30:26.213
\\atlas.shore.mbari.org\PAM_Archive\2020\05\MARS_20200506_120219.wav,true,2020-05-23T16:30:32.115
\\atlas.shore.mbari.org\PAM_Archive\2020\05\MARS_20200506_121219.wav,true,2020-05-23T16:30:47.336
\\atlas.shore.mbari.org\PAM_Archive\2020\05\MARS_20200506_122219.wav,true,2020-05-23T16:30:52.352
\\atlas.shore.mbari.org\PAM_Archive\2020\05\MARS_20200506_123219.wav,true,2020-05-23T16:31:07.952
\\atlas.shore.mbari.org\PAM_Archive\2020\05\MARS_20200506_124219.wav,true,2020-05-23T16:31:14.246
\\atlas.shore.mbari.org\PAM_Archive\2020\05\MARS_20200506_125219.wav,true,2020-05-23T16:31:27.371
\\atlas.shore.mbari.org\PAM_Archive\2020\05\MARS_20200506_130219.wav,true,2020-05-23T16:31:36.371
\\atlas.shore.mbari.org\PAM_Archive\2020\05\MARS_20200506_131219.wav,true,2020-05-23T16:31:47.701
\\atlas.shore.mbari.org\PAM_Archive\2020\05\MARS_20200506_132219.wav,true,2020-05-23T16:32:01.643
\\atlas.shore.mbari.org\PAM_Archive\2020\05\MARS_20200506_133219.wav,true,2020-05-23T16:32:09.12
\\atlas.shore.mbari.org\PAM_Archive\2020\05\MARS_20200506_134219.wav,true,2020-05-23T16:32:21.71
\\atlas.shore.mbari.org\PAM_Archive\2020\05\MARS_20200506_135219.wav,true,2020-05-23T16:32:29.81
\\atlas.shore.mbari.org\PAM_Archive\2020\05\MARS_20200506_140219.wav,true,2020-05-23T16:32:41.754
\\atlas.shore.mbari.org\PAM_Archive\2020\05\MARS_20200506_141219.wav,true,2020-05-23T16:32:50.705
\\atlas.shore.mbari.org\PAM_Archive\2020\05\MARS_20200506_142219.wav,true,2020-05-23T16:33:02.142
\\atlas.shore.mbari.org\PAM_Archive\2020\05\MARS_20200506_143219.wav,true,2020-05-23T16:33:10.26
\\atlas.shore.mbari.org\PAM_Archive\2020\05\MARS_20200506_144219.wav,true,2020-05-23T16:33:24.631
\\atlas.shore.mbari.org\PAM_Archive\2020\05\MARS_20200506_145219.wav,true,2020-05-23T16:33:32.634
\\atlas.shore.mbari.org\PAM_Archive\2020\05\MARS_20200506_150219.wav,true,2020-05-23T16:33:45.386
\\atlas.shore.mbari.org\PAM_Archive\2020\05\MARS_20200506_151219.wav,true,2020-05-23T16:33:54.941
\\atlas.shore.mbari.org\PAM_Archive\2020\05\MARS_20200506_152219.wav,true,2020-05-23T16:34:07.33
\\atlas.shore.mbari.org\PAM_Archive\2020\05\MARS_20200506_153219.wav,true,2020-05-23T16:34:15.151
\\atlas.shore.mbari.org\PAM_Archive\2020\05\MARS_20200506_154219.wav,true,2020-05-23T16:34:28.983
\\atlas.shore.mbari.org\PAM_Archive\2020\05\MARS_20200506_155219.wav,true,2020-05-23T16:34:36.524
\\atlas.shore.mbari.org\PAM_Archive\2020\05\MARS_20200506_160219.wav,true,2020-05-23T16:34:51.633
\\atlas.shore.mbari.org\PAM_Archive\2020\05\MARS_20200506_161219.wav,true,2020-05-23T16:34:58.537
\\atlas.shore.mbari.org\PAM_Archive\2020\05\MARS_20200506_162219.wav,true,2020-05-23T16:35:11.977
\\atlas.shore.mbari.org\PAM_Archive\2020\05\MARS_20200506_163219.wav,true,2020-05-23T16:35:19.784
\\atlas.shore.mbari.org\PAM_Archive\2020\05\MARS_20200506_164219.wav,true,2020-05-23T16:35:33.433
\\atlas.shore.mbari.org\PAM_Archive\2020\05\MARS_20200506_165219.wav,true,2020-05-23T16:35:44.422
\\atlas.shore.mbari.org\PAM_Archive\2020\05\MARS_20200506_170219.wav,true,2020-05-23T16:35:55.856
\\atlas.shore.mbari.org\PAM_Archive\2020\05\MARS_20200506_171219.wav,true,2020-05-23T16:36:05.807
\\atlas.shore.mbari.org\PAM_Archive\2020\05\MARS_20200506_172219.wav,true,2020-05-23T16:36:16.505
\\atlas.shore.mbari.org\PAM_Archive\2020\05\MARS_20200506_173219.wav,true,2020-05-23T16:36:26.899
\\atlas.shore.mbari.org\PAM_Archive\2020\05\MARS_20200506_174219.wav,true,2020-05-23T16:36:37.181
\\atlas.shore.mbari.org\PAM_Archive\2020\05\MARS_20200506_175219.wav,true,2020-05-23T16:36:47.407
\\atlas.shore.mbari.org\PAM_Archive\2020\05\MARS_20200506_180219.wav,true,2020-05-23T16:36:57.808
\\atlas.shore.mbari.org\PAM_Archive\2020\05\MARS_20200506_181219.wav,true,2020-05-23T16:37:08.466
\\atlas.shore.mbari.org\PAM_Archive\2020\05\MARS_20200506_182219.wav,true,2020-05-23T16:37:18.435
\\atlas.shore.mbari.org\PAM_Archive\2020\05\MARS_20200506_183219.wav,true,2020-05-23T16:37:29.204
\\atlas.shore.mbari.org\PAM_Archive\2020\05\MARS_20200506_184219.wav,true,2020-05-23T16:37:42.95
\\atlas.shore.mbari.org\PAM_Archive\2020\05\MARS_20200506_185219.wav,true,2020-05-23T16:37:51.341
\\atlas.shore.mbari.org\PAM_Archive\2020\05\MARS_20200506_190219.wav,true,2020-05-23T16:38:02.967
\\atlas.shore.mbari.org\PAM_Archive\2020\05\MARS_20200506_191219.wav,true,2020-05-23T16:38:12.399
\\atlas.shore.mbari.org\PAM_Archive\2020\05\MARS_20200506_192219.wav,true,2020-05-23T16:38:24.255
\\atlas.shore.mbari.org\PAM_Archive\2020\05\MARS_20200506_193219.wav,true,2020-05-23T16:38:33.681
\\atlas.shore.mbari.org\PAM_Archive\2020\05\MARS_20200506_194219.wav,true,2020-05-23T16:38:45.911
\\atlas.shore.mbari.org\PAM_Archive\2020\05\MARS_20200506_195219.wav,true,2020-05-23T16:38:55.899
\\atlas.shore.mbari.org\PAM_Archive\2020\05\MARS_20200506_200219.wav,true,2020-05-23T16:39:06.713
\\atlas.shore.mbari.org\PAM_Archive\2020\05\MARS_20200506_201219.wav,true,2020-05-23T16:39:19.004
\\atlas.shore.mbari.org\PAM_Archive\2020\05\MARS_20200506_202219.wav,true,2020-05-23T16:39:28.161
\\atlas.shore.mbari.org\PAM_Archive\2020\05\MARS_20200506_203219.wav,true,2020-05-23T16:39:39.616
\\atlas.shore.mbari.org\PAM_Archive\2020\05\MARS_20200506_204219.wav,true,2020-05-23T16:39:49.859
\\atlas.shore.mbari.org\PAM_Archive\2020\05\MARS_20200506_205219.wav,true,2020-05-23T16:40:01.679
\\atlas.shore.mbari.org\PAM_Archive\2020\05\MARS_20200506_210219.wav,true,2020-05-23T16:40:10.328
\\atlas.shore.mbari.org\PAM_Archive\2020\05\MARS_20200506_211219.wav,true,2020-05-23T16:40:21.871
\\atlas.shore.mbari.org\PAM_Archive\2020\05\MARS_20200506_212219.wav,true,2020-05-23T16:40:32.176
\\atlas.shore.mbari.org\PAM_Archive\2020\05\MARS_20200506_213219.wav,true,2020-05-23T16:40:43.152
\\atlas.shore.mbari.org\PAM_Archive\2020\05\MARS_20200506_214219.wav,true,2020-05-23T16:40:52.655
\\atlas.shore.mbari.org\PAM_Archive\2020\05\MARS_20200506_215219.wav,true,2020-05-23T16:41:07.674
\\atlas.shore.mbari.org\PAM_Archive\2020\05\MARS_20200506_220219.wav,true,2020-05-23T16:41:14.231
\\atlas.shore.mbari.org\PAM_Archive\2020\05\MARS_20200506_221219.wav,true,2020-05-23T16:41:29.227
\\atlas.shore.mbari.org\PAM_Archive\2020\05\MARS_20200506_222219.wav,true,2020-05-23T16:41:34.69
\\atlas.shore.mbari.org\PAM_Archive\2020\05\MARS_20200506_223219.wav,true,2020-05-23T16:42:01.493
\\atlas.shore.mbari.org\PAM_Archive\2020\05\MARS_20200506_224219.wav,true,2020-05-23T16:41:55.284
\\atlas.shore.mbari.org\PAM_Archive\2020\05\MARS_20200506_225219.wav,true,2020-05-23T16:42:17.95
\\atlas.shore.mbari.org\PAM_Archive\2020\05\MARS_20200506_230219.wav,true,2020-05-23T16:42:25.257
\\atlas.shore.mbari.org\PAM_Archive\2020\05\MARS_20200506_231219.wav,true,2020-05-23T16:42:39.175
\\atlas.shore.mbari.org\PAM_Archive\2020\05\MARS_20200506_232219.wav,true,2020-05-23T16:42:49.198
\\atlas.shore.mbari.org\PAM_Archive\2020\05\MARS_20200506_233219.wav,true,2020-05-23T16:42:59.628
\\atlas.shore.mbari.org\PAM_Archive\2020\05\MARS_20200506_234219.wav,true,2020-05-23T16:43:08.52
\\atlas.shore.mbari.org\PAM_Archive\2020\05\MARS_20200506_235219.wav,true,2020-05-23T16:43:19.798
\\atlas.shore.mbari.org\PAM_Archive\2020\05\MARS_20200507_000219.wav,true,2020-05-23T16:43:32.566
\\atlas.shore.mbari.org\PAM_Archive\2020\05\MARS_20200507_001219.wav,true,2020-05-23T16:43:40.292
\\atlas.shore.mbari.org\PAM_Archive\2020\05\MARS_20200507_002219.wav,true,2020-05-23T16:43:53.522
\\atlas.shore.mbari.org\PAM_Archive\2020\05\MARS_20200507_003219.wav,true,2020-05-23T16:44:00.495
\\atlas.shore.mbari.org\PAM_Archive\2020\05\MARS_20200507_004219.wav,true,2020-05-23T16:44:15.948
\\atlas.shore.mbari.org\PAM_Archive\2020\05\MARS_20200507_005219.wav,true,2020-05-23T16:44:20.598
\\atlas.shore.mbari.org\PAM_Archive\2020\05\MARS_20200507_010219.wav,true,2020-05-23T16:44:38.805
\\atlas.shore.mbari.org\PAM_Archive\2020\05\MARS_20200507_011219.wav,true,2020-05-23T16:44:41.074
\\atlas.shore.mbari.org\PAM_Archive\2020\05\MARS_20200507_012219.wav,true,2020-05-23T16:44:59.628
\\atlas.shore.mbari.org\PAM_Archive\2020\05\MARS_20200507_013219.wav,true,2020-05-23T16:45:02.929
\\atlas.shore.mbari.org\PAM_Archive\2020\05\MARS_20200507_014219.wav,true,2020-05-23T16:45:20.284
\\atlas.shore.mbari.org\PAM_Archive\2020\05\MARS_20200507_015219.wav,true,2020-05-23T16:45:22.796
\\atlas.shore.mbari.org\PAM_Archive\2020\05\MARS_20200507_020219.wav,true,2020-05-23T16:45:40.464
\\atlas.shore.mbari.org\PAM_Archive\2020\05\MARS_20200507_021219.wav,true,2020-05-23T16:45:43.389
\\atlas.shore.mbari.org\PAM_Archive\2020\05\MARS_20200507_022219.wav,true,2020-05-23T16:46:00.692
\\atlas.shore.mbari.org\PAM_Archive\2020\05\MARS_20200507_023219.wav,true,2020-05-23T16:46:03.647
\\atlas.shore.mbari.org\PAM_Archive\2020\05\MARS_20200507_024219.wav,true,2020-05-23T16:46:22.121
\\atlas.shore.mbari.org\PAM_Archive\2020\05\MARS_20200507_025219.wav,true,2020-05-23T16:46:24.941
\\atlas.shore.mbari.org\PAM_Archive\2020\05\MARS_20200507_030219.wav,true,2020-05-23T16:46:42.803
\\atlas.shore.mbari.org\PAM_Archive\2020\05\MARS_20200507_031219.wav,true,2020-05-23T16:46:44.53
\\atlas.shore.mbari.org\PAM_Archive\2020\05\MARS_20200507_032219.wav,true,2020-05-23T16:47:02.937
\\atlas.shore.mbari.org\PAM_Archive\2020\05\MARS_20200507_033219.wav,true,2020-05-23T16:47:04.992
\\atlas.shore.mbari.org\PAM_Archive\2020\05\MARS_20200507_034219.wav,true,2020-05-23T16:47:24.178
\\atlas.shore.mbari.org\PAM_Archive\2020\05\MARS_20200507_035219.wav,true,2020-05-23T16:47:28.68
\\atlas.shore.mbari.org\PAM_Archive\2020\05\MARS_20200507_040219.wav,true,2020-05-23T16:47:44.569
\\atlas.shore.mbari.org\PAM_Archive\2020\05\MARS_20200507_041219.wav,true,2020-05-23T16:47:54.574
\\atlas.shore.mbari.org\PAM_Archive\2020\05\MARS_20200507_042219.wav,true,2020-05-23T16:48:04.606
\\atlas.shore.mbari.org\PAM_Archive\2020\05\MARS_20200507_043219.wav,true,2020-05-23T16:48:15.932
\\atlas.shore.mbari.org\PAM_Archive\2020\05\MARS_20200507_044219.wav,true,2020-05-23T16:48:24.607
\\atlas.shore.mbari.org\PAM_Archive\2020\05\MARS_20200507_045219.wav,true,2020-05-23T16:48:35.686
\\atlas.shore.mbari.org\PAM_Archive\2020\05\MARS_20200507_050219.wav,true,2020-05-23T16:48:45.977
\\atlas.shore.mbari.org\PAM_Archive\2020\05\MARS_20200507_051219.wav,true,2020-05-23T16:48:55.867
\\atlas.shore.mbari.org\PAM_Archive\2020\05\MARS_20200507_052219.wav,true,2020-05-23T16:49:05.977
\\atlas.shore.mbari.org\PAM_Archive\2020\05\MARS_20200507_053219.wav,true,2020-05-23T16:49:16.286
\\atlas.shore.mbari.org\PAM_Archive\2020\05\MARS_20200507_054219.wav,true,2020-05-23T16:49:31.771
\\atlas.shore.mbari.org\PAM_Archive\2020\05\MARS_20200507_055219.wav,true,2020-05-23T16:49:38.738
\\atlas.shore.mbari.org\PAM_Archive\2020\05\MARS_20200507_060219.wav,true,2020-05-23T16:49:53.166
\\atlas.shore.mbari.org\PAM_Archive\2020\05\MARS_20200507_061219.wav,true,2020-05-23T16:50:01.311
\\atlas.shore.mbari.org\PAM_Archive\2020\05\MARS_20200507_062219.wav,true,2020-05-23T16:50:15.284
\\atlas.shore.mbari.org\PAM_Archive\2020\05\MARS_20200507_063219.wav,true,2020-05-23T16:50:23.171
\\atlas.shore.mbari.org\PAM_Archive\2020\05\MARS_20200507_064219.wav,true,2020-05-23T16:50:36.429
\\atlas.shore.mbari.org\PAM_Archive\2020\05\MARS_20200507_065219.wav,true,2020-05-23T16:50:44.235
\\atlas.shore.mbari.org\PAM_Archive\2020\05\MARS_20200507_070219.wav,true,2020-05-23T16:50:57.703
\\atlas.shore.mbari.org\PAM_Archive\2020\05\MARS_20200507_071219.wav,true,2020-05-23T16:51:07.509
\\atlas.shore.mbari.org\PAM_Archive\2020\05\MARS_20200507_072219.wav,true,2020-05-23T16:51:18.404
\\atlas.shore.mbari.org\PAM_Archive\2020\05\MARS_20200507_073219.wav,true,2020-05-23T16:51:27.692
\\atlas.shore.mbari.org\PAM_Archive\2020\05\MARS_20200507_074219.wav,true,2020-05-23T16:51:39.502
\\atlas.shore.mbari.org\PAM_Archive\2020\05\MARS_20200507_075219.wav,true,2020-05-23T16:51:56.368
\\atlas.shore.mbari.org\PAM_Archive\2020\05\MARS_20200507_080219.wav,true,2020-05-23T16:51:59.94
\\atlas.shore.mbari.org\PAM_Archive\2020\05\MARS_20200507_081219.wav,true,2020-05-23T16:52:21.312
\\atlas.shore.mbari.org\PAM_Archive\2020\05\MARS_20200507_082219.wav,true,2020-05-23T16:52:21.086
\\atlas.shore.mbari.org\PAM_Archive\2020\05\MARS_20200507_083219.wav,true,2020-05-23T16:52:42.378
\\atlas.shore.mbari.org\PAM_Archive\2020\05\MARS_20200507_084219.wav,true,2020-05-23T16:52:43.106
\\atlas.shore.mbari.org\PAM_Archive\2020\05\MARS_20200507_085219.wav,true,2020-05-23T16:53:05.658
\\atlas.shore.mbari.org\PAM_Archive\2020\05\MARS_20200507_090219.wav,true,2020-05-23T16:53:05.583
\\atlas.shore.mbari.org\PAM_Archive\2020\05\MARS_20200507_091219.wav,true,2020-05-23T16:53:26.949
\\atlas.shore.mbari.org\PAM_Archive\2020\05\MARS_20200507_092219.wav,true,2020-05-23T16:53:26.506
\\atlas.shore.mbari.org\PAM_Archive\2020\05\MARS_20200507_093219.wav,true,2020-05-23T16:53:47.855
\\atlas.shore.mbari.org\PAM_Archive\2020\05\MARS_20200507_094219.wav,true,2020-05-23T16:53:48.989
\\atlas.shore.mbari.org\PAM_Archive\2020\05\MARS_20200507_095219.wav,true,2020-05-23T16:54:09.682
\\atlas.shore.mbari.org\PAM_Archive\2020\05\MARS_20200507_100219.wav,true,2020-05-23T16:54:09.695
\\atlas.shore.mbari.org\PAM_Archive\2020\05\MARS_20200507_101219.wav,true,2020-05-23T16:54:36.871
\\atlas.shore.mbari.org\PAM_Archive\2020\05\MARS_20200507_102219.wav,true,2020-05-23T16:54:31.625
\\atlas.shore.mbari.org\PAM_Archive\2020\05\MARS_20200507_103219.wav,true,2020-05-23T16:54:54.187
\\atlas.shore.mbari.org\PAM_Archive\2020\05\MARS_20200507_104219.wav,true,2020-05-23T16:55:00.881
\\atlas.shore.mbari.org\PAM_Archive\2020\05\MARS_20200507_105219.wav,true,2020-05-23T16:55:14.96
\\atlas.shore.mbari.org\PAM_Archive\2020\05\MARS_20200507_110219.wav,true,2020-05-23T16:55:23.557
\\atlas.shore.mbari.org\PAM_Archive\2020\05\MARS_20200507_111219.wav,true,2020-05-23T16:55:37.234
\\atlas.shore.mbari.org\PAM_Archive\2020\05\MARS_20200507_112219.wav,true,2020-05-23T16:55:45.225
\\atlas.shore.mbari.org\PAM_Archive\2020\05\MARS_20200507_113219.wav,true,2020-05-23T16:55:59.643
\\atlas.shore.mbari.org\PAM_Archive\2020\05\MARS_20200507_114219.wav,true,2020-05-23T16:56:05.696
\\atlas.shore.mbari.org\PAM_Archive\2020\05\MARS_20200507_115219.wav,true,2020-05-23T16:56:21.233
\\atlas.shore.mbari.org\PAM_Archive\2020\05\MARS_20200507_120219.wav,true,2020-05-23T16:56:26.488
\\atlas.shore.mbari.org\PAM_Archive\2020\05\MARS_20200507_121219.wav,true,2020-05-23T16:56:42.239
\\atlas.shore.mbari.org\PAM_Archive\2020\05\MARS_20200507_122219.wav,true,2020-05-23T16:56:46.547
\\atlas.shore.mbari.org\PAM_Archive\2020\05\MARS_20200507_123219.wav,true,2020-05-23T16:57:07.944
\\atlas.shore.mbari.org\PAM_Archive\2020\05\MARS_20200507_124219.wav,true,2020-05-23T16:57:07.612
\\atlas.shore.mbari.org\PAM_Archive\2020\05\MARS_20200507_125219.wav,true,2020-05-23T16:57:30.271
\\atlas.shore.mbari.org\PAM_Archive\2020\05\MARS_20200507_130219.wav,true,2020-05-23T16:57:29.062
\\atlas.shore.mbari.org\PAM_Archive\2020\05\MARS_20200507_131219.wav,true,2020-05-23T16:57:50.477
\\atlas.shore.mbari.org\PAM_Archive\2020\05\MARS_20200507_132219.wav,true,2020-05-23T16:57:52.091
\\atlas.shore.mbari.org\PAM_Archive\2020\05\MARS_20200507_133219.wav,true,2020-05-23T16:58:11.129
\\atlas.shore.mbari.org\PAM_Archive\2020\05\MARS_20200507_134219.wav,true,2020-05-23T16:58:14.021
\\atlas.shore.mbari.org\PAM_Archive\2020\05\MARS_20200507_135219.wav,true,2020-05-23T16:58:31.705
\\atlas.shore.mbari.org\PAM_Archive\2020\05\MARS_20200507_140219.wav,true,2020-05-23T16:58:34.557
\\atlas.shore.mbari.org\PAM_Archive\2020\05\MARS_20200507_141219.wav,true,2020-05-23T16:58:51.746
\\atlas.shore.mbari.org\PAM_Archive\2020\05\MARS_20200507_142219.wav,true,2020-05-23T16:58:55.772
\\atlas.shore.mbari.org\PAM_Archive\2020\05\MARS_20200507_143219.wav,true,2020-05-23T16:59:15.469
\\atlas.shore.mbari.org\PAM_Archive\2020\05\MARS_20200507_144219.wav,true,2020-05-23T16:59:19.782
\\atlas.shore.mbari.org\PAM_Archive\2020\05\MARS_20200507_145219.wav,true,2020-05-23T16:59:37.812
\\atlas.shore.mbari.org\PAM_Archive\2020\05\MARS_20200507_150219.wav,true,2020-05-23T16:59:40.73
\\atlas.shore.mbari.org\PAM_Archive\2020\05\MARS_20200507_151219.wav,true,2020-05-23T16:59:58.552
\\atlas.shore.mbari.org\PAM_Archive\2020\05\MARS_20200507_152219.wav,true,2020-05-23T17:00:01.08
\\atlas.shore.mbari.org\PAM_Archive\2020\05\MARS_20200507_153219.wav,true,2020-05-23T17:00:21.464
\\atlas.shore.mbari.org\PAM_Archive\2020\05\MARS_20200507_154219.wav,true,2020-05-23T17:00:23.034
\\atlas.shore.mbari.org\PAM_Archive\2020\05\MARS_20200507_155219.wav,true,2020-05-23T17:00:48.02
\\atlas.shore.mbari.org\PAM_Archive\2020\05\MARS_20200507_160219.wav,true,2020-05-23T17:00:44.205
\\atlas.shore.mbari.org\PAM_Archive\2020\05\MARS_20200507_161219.wav,true,2020-05-23T17:01:04.565
\\atlas.shore.mbari.org\PAM_Archive\2020\05\MARS_20200507_162219.wav,true,2020-05-23T17:01:09.25
\\atlas.shore.mbari.org\PAM_Archive\2020\05\MARS_20200507_163219.wav,true,2020-05-23T17:01:27.449
\\atlas.shore.mbari.org\PAM_Archive\2020\05\MARS_20200507_164219.wav,true,2020-05-23T17:01:32.626
\\atlas.shore.mbari.org\PAM_Archive\2020\05\MARS_20200507_165219.wav,true,2020-05-23T17:01:49.78
\\atlas.shore.mbari.org\PAM_Archive\2020\05\MARS_20200507_170219.wav,true,2020-05-23T17:01:53.63
\\atlas.shore.mbari.org\PAM_Archive\2020\05\MARS_20200507_171219.wav,true,2020-05-23T17:02:13.119
\\atlas.shore.mbari.org\PAM_Archive\2020\05\MARS_20200507_172219.wav,true,2020-05-23T17:02:14.336
\\atlas.shore.mbari.org\PAM_Archive\2020\05\MARS_20200507_173219.wav,true,2020-05-23T17:02:33.597
\\atlas.shore.mbari.org\PAM_Archive\2020\05\MARS_20200507_174219.wav,true,2020-05-23T17:02:37.318
\\atlas.shore.mbari.org\PAM_Archive\2020\05\MARS_20200507_175219.wav,true,2020-05-23T17:02:54.418
\\atlas.shore.mbari.org\PAM_Archive\2020\05\MARS_20200507_180219.wav,true,2020-05-23T17:02:58.137
\\atlas.shore.mbari.org\PAM_Archive\2020\05\MARS_20200507_181219.wav,true,2020-05-23T17:03:15.364
\\atlas.shore.mbari.org\PAM_Archive\2020\05\MARS_20200507_182219.wav,true,2020-05-23T17:03:18.153
\\atlas.shore.mbari.org\PAM_Archive\2020\05\MARS_20200507_183219.wav,true,2020-05-23T17:03:36.928
\\atlas.shore.mbari.org\PAM_Archive\2020\05\MARS_20200507_184219.wav,true,2020-05-23T17:03:39.015
\\atlas.shore.mbari.org\PAM_Archive\2020\05\MARS_20200507_185219.wav,true,2020-05-23T17:03:58.055
\\atlas.shore.mbari.org\PAM_Archive\2020\05\MARS_20200507_190219.wav,true,2020-05-23T17:04:00.017
\\atlas.shore.mbari.org\PAM_Archive\2020\05\MARS_20200507_191219.wav,true,2020-05-23T17:04:18.394
\\atlas.shore.mbari.org\PAM_Archive\2020\05\MARS_20200507_192219.wav,true,2020-05-23T17:04:22.955
\\atlas.shore.mbari.org\PAM_Archive\2020\05\MARS_20200507_193219.wav,true,2020-05-23T17:04:39.819
\\atlas.shore.mbari.org\PAM_Archive\2020\05\MARS_20200507_194219.wav,true,2020-05-23T17:04:43.524
\\atlas.shore.mbari.org\PAM_Archive\2020\05\MARS_20200507_195219.wav,true,2020-05-23T17:05:00.921
\\atlas.shore.mbari.org\PAM_Archive\2020\05\MARS_20200507_200219.wav,true,2020-05-23T17:05:05.338
\\atlas.shore.mbari.org\PAM_Archive\2020\05\MARS_20200507_201219.wav,true,2020-05-23T17:05:21.454
\\atlas.shore.mbari.org\PAM_Archive\2020\05\MARS_20200507_202219.wav,true,2020-05-23T17:05:26.054
\\atlas.shore.mbari.org\PAM_Archive\2020\05\MARS_20200507_203219.wav,true,2020-05-23T17:05:43.536
\\atlas.shore.mbari.org\PAM_Archive\2020\05\MARS_20200507_204219.wav,true,2020-05-23T17:05:47.26
\\atlas.shore.mbari.org\PAM_Archive\2020\05\MARS_20200507_205219.wav,true,2020-05-23T17:06:05.359
\\atlas.shore.mbari.org\PAM_Archive\2020\05\MARS_20200507_210219.wav,true,2020-05-23T17:06:10.129
\\atlas.shore.mbari.org\PAM_Archive\2020\05\MARS_20200507_211219.wav,true,2020-05-23T17:06:25.008
\\atlas.shore.mbari.org\PAM_Archive\2020\05\MARS_20200507_212219.wav,true,2020-05-23T17:06:30.482
\\atlas.shore.mbari.org\PAM_Archive\2020\05\MARS_20200507_213219.wav,true,2020-05-23T17:06:47.787
\\atlas.shore.mbari.org\PAM_Archive\2020\05\MARS_20200507_214219.wav,true,2020-05-23T17:06:52.189
\\atlas.shore.mbari.org\PAM_Archive\2020\05\MARS_20200507_215219.wav,true,2020-05-23T17:07:08.951
\\atlas.shore.mbari.org\PAM_Archive\2020\05\MARS_20200507_220219.wav,true,2020-05-23T17:07:14.887
\\atlas.shore.mbari.org\PAM_Archive\2020\05\MARS_20200507_221219.wav,true,2020-05-23T17:07:30.611
\\atlas.shore.mbari.org\PAM_Archive\2020\05\MARS_20200507_222219.wav,true,2020-05-23T17:07:35.881
\\atlas.shore.mbari.org\PAM_Archive\2020\05\MARS_20200507_223219.wav,true,2020-05-23T17:07:51.781
\\atlas.shore.mbari.org\PAM_Archive\2020\05\MARS_20200507_224219.wav,true,2020-05-23T17:07:57.802
\\atlas.shore.mbari.org\PAM_Archive\2020\05\MARS_20200507_225219.wav,true,2020-05-23T17:08:14.357
\\atlas.shore.mbari.org\PAM_Archive\2020\05\MARS_20200507_230219.wav,true,2020-05-23T17:08:18.215
\\atlas.shore.mbari.org\PAM_Archive\2020\05\MARS_20200507_231219.wav,true,2020-05-23T17:08:33.839
\\atlas.shore.mbari.org\PAM_Archive\2020\05\MARS_20200507_232219.wav,true,2020-05-23T17:08:40.881
\\atlas.shore.mbari.org\PAM_Archive\2020\05\MARS_20200507_233219.wav,true,2020-05-23T17:08:55.122
\\atlas.shore.mbari.org\PAM_Archive\2020\05\MARS_20200507_234219.wav,true,2020-05-23T17:09:02.595
\\atlas.shore.mbari.org\PAM_Archive\2020\05\MARS_20200507_235219.wav,true,2020-05-23T17:09:17.374
\\atlas.shore.mbari.org\PAM_Archive\2020\05\MARS_20200508_000219.wav,true,2020-05-23T17:09:30.104
\\atlas.shore.mbari.org\PAM_Archive\2020\05\MARS_20200508_001219.wav,true,2020-05-23T17:09:39.666
\\atlas.shore.mbari.org\PAM_Archive\2020\05\MARS_20200508_002219.wav,true,2020-05-23T17:09:52.451
\\atlas.shore.mbari.org\PAM_Archive\2020\05\MARS_20200508_003219.wav,true,2020-05-23T17:10:00.78
\\atlas.shore.mbari.org\PAM_Archive\2020\05\MARS_20200508_004219.wav,true,2020-05-23T17:10:14.246
\\atlas.shore.mbari.org\PAM_Archive\2020\05\MARS_20200508_005219.wav,true,2020-05-23T17:10:21.652
\\atlas.shore.mbari.org\PAM_Archive\2020\05\MARS_20200508_010219.wav,true,2020-05-23T17:10:35.985
\\atlas.shore.mbari.org\PAM_Archive\2020\05\MARS_20200508_011219.wav,true,2020-05-23T17:10:43.245
\\atlas.shore.mbari.org\PAM_Archive\2020\05\MARS_20200508_012219.wav,true,2020-05-23T17:10:57.516
\\atlas.shore.mbari.org\PAM_Archive\2020\05\MARS_20200508_013219.wav,true,2020-05-23T17:11:04.283
\\atlas.shore.mbari.org\PAM_Archive\2020\05\MARS_20200508_014219.wav,true,2020-05-23T17:11:17.073
\\atlas.shore.mbari.org\PAM_Archive\2020\05\MARS_20200508_015219.wav,true,2020-05-23T17:11:27.968
\\atlas.shore.mbari.org\PAM_Archive\2020\05\MARS_20200508_020219.wav,true,2020-05-23T17:11:39.124
\\atlas.shore.mbari.org\PAM_Archive\2020\05\MARS_20200508_021219.wav,true,2020-05-23T17:11:47.735
\\atlas.shore.mbari.org\PAM_Archive\2020\05\MARS_20200508_022219.wav,true,2020-05-23T17:11:59.503
\\atlas.shore.mbari.org\PAM_Archive\2020\05\MARS_20200508_023219.wav,true,2020-05-23T17:12:07.836
\\atlas.shore.mbari.org\PAM_Archive\2020\05\MARS_20200508_024219.wav,true,2020-05-23T17:12:20.337
\\atlas.shore.mbari.org\PAM_Archive\2020\05\MARS_20200508_025219.wav,true,2020-05-23T17:12:28.02
\\atlas.shore.mbari.org\PAM_Archive\2020\05\MARS_20200508_030219.wav,true,2020-05-23T17:12:40.781
\\atlas.shore.mbari.org\PAM_Archive\2020\05\MARS_20200508_031219.wav,true,2020-05-23T17:12:49.545
\\atlas.shore.mbari.org\PAM_Archive\2020\05\MARS_20200508_032219.wav,true,2020-05-23T17:13:00.731
\\atlas.shore.mbari.org\PAM_Archive\2020\05\MARS_20200508_033219.wav,true,2020-05-23T17:13:16.451
\\atlas.shore.mbari.org\PAM_Archive\2020\05\MARS_20200508_034219.wav,true,2020-05-23T17:13:23.391
\\atlas.shore.mbari.org\PAM_Archive\2020\05\MARS_20200508_035219.wav,true,2020-05-23T17:13:37.248
\\atlas.shore.mbari.org\PAM_Archive\2020\05\MARS_20200508_040219.wav,true,2020-05-23T17:13:44.345
\\atlas.shore.mbari.org\PAM_Archive\2020\05\MARS_20200508_041219.wav,true,2020-05-23T17:13:58.506
\\atlas.shore.mbari.org\PAM_Archive\2020\05\MARS_20200508_042219.wav,true,2020-05-23T17:14:05.897
\\atlas.shore.mbari.org\PAM_Archive\2020\05\MARS_20200508_043219.wav,true,2020-05-23T17:14:22.698
\\atlas.shore.mbari.org\PAM_Archive\2020\05\MARS_20200508_044219.wav,true,2020-05-23T17:14:30.236
\\atlas.shore.mbari.org\PAM_Archive\2020\05\MARS_20200508_045219.wav,true,2020-05-23T17:14:43.096
\\atlas.shore.mbari.org\PAM_Archive\2020\05\MARS_20200508_050219.wav,true,2020-05-23T17:14:50.38
\\atlas.shore.mbari.org\PAM_Archive\2020\05\MARS_20200508_051219.wav,true,2020-05-23T17:15:05.491
\\atlas.shore.mbari.org\PAM_Archive\2020\05\MARS_20200508_052219.wav,true,2020-05-23T17:15:12.123
\\atlas.shore.mbari.org\PAM_Archive\2020\05\MARS_20200508_053219.wav,true,2020-05-23T17:15:27.416
\\atlas.shore.mbari.org\PAM_Archive\2020\05\MARS_20200508_054219.wav,true,2020-05-23T17:15:33.245
\\atlas.shore.mbari.org\PAM_Archive\2020\05\MARS_20200508_055219.wav,true,2020-05-23T17:15:47.19
\\atlas.shore.mbari.org\PAM_Archive\2020\05\MARS_20200508_060219.wav,true,2020-05-23T17:15:55.07
\\atlas.shore.mbari.org\PAM_Archive\2020\05\MARS_20200508_061219.wav,true,2020-05-23T17:16:08.787
\\atlas.shore.mbari.org\PAM_Archive\2020\05\MARS_20200508_062219.wav,true,2020-05-23T17:16:15.242
\\atlas.shore.mbari.org\PAM_Archive\2020\05\MARS_20200508_063219.wav,true,2020-05-23T17:16:29.804
\\atlas.shore.mbari.org\PAM_Archive\2020\05\MARS_20200508_064219.wav,true,2020-05-23T17:16:35.981
\\atlas.shore.mbari.org\PAM_Archive\2020\05\MARS_20200508_065219.wav,true,2020-05-23T17:16:51.062
\\atlas.shore.mbari.org\PAM_Archive\2020\05\MARS_20200508_070219.wav,true,2020-05-23T17:16:56.54
\\atlas.shore.mbari.org\PAM_Archive\2020\05\MARS_20200508_071219.wav,true,2020-05-23T17:17:12.981
\\atlas.shore.mbari.org\PAM_Archive\2020\05\MARS_20200508_072219.wav,true,2020-05-23T17:17:17.574
\\atlas.shore.mbari.org\PAM_Archive\2020\05\MARS_20200508_073219.wav,true,2020-05-23T17:17:34.213
\\atlas.shore.mbari.org\PAM_Archive\2020\05\MARS_20200508_074219.wav,true,2020-05-23T17:17:39.253
\\atlas.shore.mbari.org\PAM_Archive\2020\05\MARS_20200508_075219.wav,true,2020-05-23T17:17:54.849
\\atlas.shore.mbari.org\PAM_Archive\2020\05\MARS_20200508_080219.wav,true,2020-05-23T17:18:01.398
\\atlas.shore.mbari.org\PAM_Archive\2020\05\MARS_20200508_081219.wav,true,2020-05-23T17:18:17.666
\\atlas.shore.mbari.org\PAM_Archive\2020\05\MARS_20200508_082219.wav,true,2020-05-23T17:18:23.339
\\atlas.shore.mbari.org\PAM_Archive\2020\05\MARS_20200508_083219.wav,true,2020-05-23T17:18:38.738
\\atlas.shore.mbari.org\PAM_Archive\2020\05\MARS_20200508_084219.wav,true,2020-05-23T17:18:44.148
\\atlas.shore.mbari.org\PAM_Archive\2020\05\MARS_20200508_085219.wav,true,2020-05-23T17:18:59.085
\\atlas.shore.mbari.org\PAM_Archive\2020\05\MARS_20200508_090219.wav,true,2020-05-23T17:19:07.868
\\atlas.shore.mbari.org\PAM_Archive\2020\05\MARS_20200508_091219.wav,true,2020-05-23T17:19:20.398
\\atlas.shore.mbari.org\PAM_Archive\2020\05\MARS_20200508_092219.wav,true,2020-05-23T17:19:30.121
\\atlas.shore.mbari.org\PAM_Archive\2020\05\MARS_20200508_093219.wav,true,2020-05-23T17:19:41.539
\\atlas.shore.mbari.org\PAM_Archive\2020\05\MARS_20200508_094219.wav,true,2020-05-23T17:19:51.638
\\atlas.shore.mbari.org\PAM_Archive\2020\05\MARS_20200508_095219.wav,true,2020-05-23T17:20:01.82
\\atlas.shore.mbari.org\PAM_Archive\2020\05\MARS_20200508_100219.wav,true,2020-05-23T17:20:11.793
\\atlas.shore.mbari.org\PAM_Archive\2020\05\MARS_20200508_101219.wav,true,2020-05-23T17:20:22.474
\\atlas.shore.mbari.org\PAM_Archive\2020\05\MARS_20200508_102219.wav,true,2020-05-23T17:20:37.852
\\atlas.shore.mbari.org\PAM_Archive\2020\05\MARS_20200508_103219.wav,true,2020-05-23T17:20:45.901
\\atlas.shore.mbari.org\PAM_Archive\2020\05\MARS_20200508_104219.wav,true,2020-05-23T17:20:58.458
\\atlas.shore.mbari.org\PAM_Archive\2020\05\MARS_20200508_105219.wav,true,2020-05-23T17:21:07.094
\\atlas.shore.mbari.org\PAM_Archive\2020\05\MARS_20200508_110219.wav,true,2020-05-23T17:21:25.538
\\atlas.shore.mbari.org\PAM_Archive\2020\05\MARS_20200508_111219.wav,true,2020-05-23T17:21:27.962
\\atlas.shore.mbari.org\PAM_Archive\2020\05\MARS_20200508_112219.wav,true,2020-05-23T17:21:47.713
\\atlas.shore.mbari.org\PAM_Archive\2020\05\MARS_20200508_113219.wav,true,2020-05-23T17:21:49.353
\\atlas.shore.mbari.org\PAM_Archive\2020\05\MARS_20200508_114219.wav,true,2020-05-23T17:22:08.438
\\atlas.shore.mbari.org\PAM_Archive\2020\05\MARS_20200508_115219.wav,true,2020-05-23T17:22:13.038
\\atlas.shore.mbari.org\PAM_Archive\2020\05\MARS_20200508_120219.wav,true,2020-05-23T17:22:28.957
\\atlas.shore.mbari.org\PAM_Archive\2020\05\MARS_20200508_121219.wav,true,2020-05-23T17:22:36.05
\\atlas.shore.mbari.org\PAM_Archive\2020\05\MARS_20200508_122219.wav,true,2020-05-23T17:22:51.249
\\atlas.shore.mbari.org\PAM_Archive\2020\05\MARS_20200508_123219.wav,true,2020-05-23T17:22:56.447
\\atlas.shore.mbari.org\PAM_Archive\2020\05\MARS_20200508_124219.wav,true,2020-05-23T17:23:13.61
\\atlas.shore.mbari.org\PAM_Archive\2020\05\MARS_20200508_125219.wav,true,2020-05-23T17:23:16.427
\\atlas.shore.mbari.org\PAM_Archive\2020\05\MARS_20200508_130219.wav,true,2020-05-23T17:23:34.841
\\atlas.shore.mbari.org\PAM_Archive\2020\05\MARS_20200508_131219.wav,true,2020-05-23T17:23:41.116
\\atlas.shore.mbari.org\PAM_Archive\2020\05\MARS_20200508_132219.wav,true,2020-05-23T17:23:59.232
\\atlas.shore.mbari.org\PAM_Archive\2020\05\MARS_20200508_133219.wav,true,2020-05-23T17:24:01.278
\\atlas.shore.mbari.org\PAM_Archive\2020\05\MARS_20200508_134219.wav,true,2020-05-23T17:24:21.151
\\atlas.shore.mbari.org\PAM_Archive\2020\05\MARS_20200508_135219.wav,true,2020-05-23T17:24:22.021
\\atlas.shore.mbari.org\PAM_Archive\2020\05\MARS_20200508_140219.wav,true,2020-05-23T17:24:42.677
\\atlas.shore.mbari.org\PAM_Archive\2020\05\MARS_20200508_141219.wav,true,2020-05-23T17:24:43.465
\\atlas.shore.mbari.org\PAM_Archive\2020\05\MARS_20200508_142219.wav,true,2020-05-23T17:25:06.649
\\atlas.shore.mbari.org\PAM_Archive\2020\05\MARS_20200508_143219.wav,true,2020-05-23T17:25:06.018
\\atlas.shore.mbari.org\PAM_Archive\2020\05\MARS_20200508_144219.wav,true,2020-05-23T17:25:26.639
\\atlas.shore.mbari.org\PAM_Archive\2020\05\MARS_20200508_145219.wav,true,2020-05-23T17:25:29.748
\\atlas.shore.mbari.org\PAM_Archive\2020\05\MARS_20200508_150219.wav,true,2020-05-23T17:25:47.604
\\atlas.shore.mbari.org\PAM_Archive\2020\05\MARS_20200508_151219.wav,true,2020-05-23T17:25:51.396
\\atlas.shore.mbari.org\PAM_Archive\2020\05\MARS_20200508_152219.wav,true,2020-05-23T17:26:07.901
\\atlas.shore.mbari.org\PAM_Archive\2020\05\MARS_20200508_153219.wav,true,2020-05-23T17:26:11.462
\\atlas.shore.mbari.org\PAM_Archive\2020\05\MARS_20200508_154219.wav,true,2020-05-23T17:26:29.497
\\atlas.shore.mbari.org\PAM_Archive\2020\05\MARS_20200508_155219.wav,true,2020-05-23T17:26:35.173
\\atlas.shore.mbari.org\PAM_Archive\2020\05\MARS_20200508_160219.wav,true,2020-05-23T17:26:49.838
\\atlas.shore.mbari.org\PAM_Archive\2020\05\MARS_20200508_161219.wav,true,2020-05-23T17:26:59.015
\\atlas.shore.mbari.org\PAM_Archive\2020\05\MARS_20200508_162219.wav,true,2020-05-23T17:27:10.603
\\atlas.shore.mbari.org\PAM_Archive\2020\05\MARS_20200508_163219.wav,true,2020-05-23T17:27:21.475
\\atlas.shore.mbari.org\PAM_Archive\2020\05\MARS_20200508_164219.wav,true,2020-05-23T17:27:31.938
\\atlas.shore.mbari.org\PAM_Archive\2020\05\MARS_20200508_165219.wav,true,2020-05-23T17:27:41.972
\\atlas.shore.mbari.org\PAM_Archive\2020\05\MARS_20200508_170219.wav,true,2020-05-23T17:27:54.256
\\atlas.shore.mbari.org\PAM_Archive\2020\05\MARS_20200508_171219.wav,true,2020-05-23T17:28:05.791
\\atlas.shore.mbari.org\PAM_Archive\2020\05\MARS_20200508_172219.wav,true,2020-05-23T17:28:14.836
\\atlas.shore.mbari.org\PAM_Archive\2020\05\MARS_20200508_173219.wav,true,2020-05-23T17:28:30.833
\\atlas.shore.mbari.org\PAM_Archive\2020\05\MARS_20200508_174219.wav,true,2020-05-23T17:28:37.907
\\atlas.shore.mbari.org\PAM_Archive\2020\05\MARS_20200508_175219.wav,true,2020-05-23T17:28:52.155
\\atlas.shore.mbari.org\PAM_Archive\2020\05\MARS_20200508_180219.wav,true,2020-05-23T17:28:59.265
\\atlas.shore.mbari.org\PAM_Archive\2020\05\MARS_20200508_181219.wav,true,2020-05-23T17:29:13.601
\\atlas.shore.mbari.org\PAM_Archive\2020\05\MARS_20200508_182219.wav,true,2020-05-23T17:29:20.405
\\atlas.shore.mbari.org\PAM_Archive\2020\05\MARS_20200508_183219.wav,true,2020-05-23T17:29:35.538
\\atlas.shore.mbari.org\PAM_Archive\2020\05\MARS_20200508_184219.wav,true,2020-05-23T17:29:41.772
\\atlas.shore.mbari.org\PAM_Archive\2020\05\MARS_20200508_185219.wav,true,2020-05-23T17:29:56.519
\\atlas.shore.mbari.org\PAM_Archive\2020\05\MARS_20200508_190219.wav,true,2020-05-23T17:30:05.553
\\atlas.shore.mbari.org\PAM_Archive\2020\05\MARS_20200508_191219.wav,true,2020-05-23T17:30:16.348
\\atlas.shore.mbari.org\PAM_Archive\2020\05\MARS_20200508_192219.wav,true,2020-05-23T17:30:27.063
\\atlas.shore.mbari.org\PAM_Archive\2020\05\MARS_20200508_193219.wav,true,2020-05-23T17:30:36.689
\\atlas.shore.mbari.org\PAM_Archive\2020\05\MARS_20200508_194219.wav,true,2020-05-23T17:30:49.845
\\atlas.shore.mbari.org\PAM_Archive\2020\05\MARS_20200508_195219.wav,true,2020-05-23T17:31:02.838
\\atlas.shore.mbari.org\PAM_Archive\2020\05\MARS_20200508_200219.wav,true,2020-05-23T17:31:09.856
\\atlas.shore.mbari.org\PAM_Archive\2020\05\MARS_20200508_201219.wav,true,2020-05-23T17:31:23.069
\\atlas.shore.mbari.org\PAM_Archive\2020\05\MARS_20200508_202219.wav,true,2020-05-23T17:31:30.488
\\atlas.shore.mbari.org\PAM_Archive\2020\05\MARS_20200508_203219.wav,true,2020-05-23T17:31:45.962
\\atlas.shore.mbari.org\PAM_Archive\2020\05\MARS_20200508_204219.wav,true,2020-05-23T17:31:53.178
\\atlas.shore.mbari.org\PAM_Archive\2020\05\MARS_20200508_205219.wav,true,2020-05-23T17:32:07.154
\\atlas.shore.mbari.org\PAM_Archive\2020\05\MARS_20200508_210219.wav,true,2020-05-23T17:32:22.849
\\atlas.shore.mbari.org\PAM_Archive\2020\05\MARS_20200508_211219.wav,true,2020-05-23T17:32:34.15
\\atlas.shore.mbari.org\PAM_Archive\2020\05\MARS_20200508_212219.wav,true,2020-05-23T17:32:43.438
\\atlas.shore.mbari.org\PAM_Archive\2020\05\MARS_20200508_213219.wav,true,2020-05-23T17:32:53.985
\\atlas.shore.mbari.org\PAM_Archive\2020\05\MARS_20200508_214219.wav,true,2020-05-23T17:33:03.052
\\atlas.shore.mbari.org\PAM_Archive\2020\05\MARS_20200508_215219.wav,true,2020-05-23T17:33:16.189
\\atlas.shore.mbari.org\PAM_Archive\2020\05\MARS_20200508_220219.wav,true,2020-05-23T17:33:25.634
\\atlas.shore.mbari.org\PAM_Archive\2020\05\MARS_20200508_221219.wav,true,2020-05-23T17:33:37.907
\\atlas.shore.mbari.org\PAM_Archive\2020\05\MARS_20200508_222219.wav,true,2020-05-23T17:33:46.053
\\atlas.shore.mbari.org\PAM_Archive\2020\05\MARS_20200508_223219.wav,true,2020-05-23T17:33:58.594
\\atlas.shore.mbari.org\PAM_Archive\2020\05\MARS_20200508_224219.wav,true,2020-05-23T17:34:06.601
\\atlas.shore.mbari.org\PAM_Archive\2020\05\MARS_20200508_225219.wav,true,2020-05-23T17:34:20.188
\\atlas.shore.mbari.org\PAM_Archive\2020\05\MARS_20200508_230219.wav,true,2020-05-23T17:34:27.775
\\atlas.shore.mbari.org\PAM_Archive\2020\05\MARS_20200508_231219.wav,true,2020-05-23T17:34:41.534
\\atlas.shore.mbari.org\PAM_Archive\2020\05\MARS_20200508_232219.wav,true,2020-05-23T17:34:50.687
\\atlas.shore.mbari.org\PAM_Archive\2020\05\MARS_20200508_233219.wav,true,2020-05-23T17:35:07.151
\\atlas.shore.mbari.org\PAM_Archive\2020\05\MARS_20200508_234219.wav,true,2020-05-23T17:35:11.206
\\atlas.shore.mbari.org\PAM_Archive\2020\05\MARS_20200508_235219.wav,true,2020-05-23T17:35:28.918
\\atlas.shore.mbari.org\PAM_Archive\2020\05\MARS_20200509_000219.wav,true,2020-05-23T17:35:33.14
\\atlas.shore.mbari.org\PAM_Archive\2020\05\MARS_20200509_001219.wav,true,2020-05-23T17:35:59.632
\\atlas.shore.mbari.org\PAM_Archive\2020\05\MARS_20200509_002219.wav,true,2020-05-23T17:35:53.767
\\atlas.shore.mbari.org\PAM_Archive\2020\05\MARS_20200509_003219.wav,true,2020-05-23T17:36:14.993
\\atlas.shore.mbari.org\PAM_Archive\2020\05\MARS_20200509_004219.wav,true,2020-05-23T17:36:20.895
\\atlas.shore.mbari.org\PAM_Archive\2020\05\MARS_20200509_005219.wav,true,2020-05-23T17:36:35.197
\\atlas.shore.mbari.org\PAM_Archive\2020\05\MARS_20200509_010219.wav,true,2020-05-23T17:36:40.863
\\atlas.shore.mbari.org\PAM_Archive\2020\05\MARS_20200509_011219.wav,true,2020-05-23T17:36:55.802
\\atlas.shore.mbari.org\PAM_Archive\2020\05\MARS_20200509_012219.wav,true,2020-05-23T17:37:01.905
\\atlas.shore.mbari.org\PAM_Archive\2020\05\MARS_20200509_013219.wav,true,2020-05-23T17:37:17.517
\\atlas.shore.mbari.org\PAM_Archive\2020\05\MARS_20200509_014219.wav,true,2020-05-23T17:37:23.593
\\atlas.shore.mbari.org\PAM_Archive\2020\05\MARS_20200509_015219.wav,true,2020-05-23T17:37:40.869
\\atlas.shore.mbari.org\PAM_Archive\2020\05\MARS_20200509_020219.wav,true,2020-05-23T17:37:44.346
\\atlas.shore.mbari.org\PAM_Archive\2020\05\MARS_20200509_021219.wav,true,2020-05-23T17:38:03.312
\\atlas.shore.mbari.org\PAM_Archive\2020\05\MARS_20200509_022219.wav,true,2020-05-23T17:38:05.102
\\atlas.shore.mbari.org\PAM_Archive\2020\05\MARS_20200509_023219.wav,true,2020-05-23T17:38:26.057
\\atlas.shore.mbari.org\PAM_Archive\2020\05\MARS_20200509_024219.wav,true,2020-05-23T17:38:26.982
\\atlas.shore.mbari.org\PAM_Archive\2020\05\MARS_20200509_025219.wav,true,2020-05-23T17:38:50.921
\\atlas.shore.mbari.org\PAM_Archive\2020\05\MARS_20200509_030219.wav,true,2020-05-23T17:38:49.517
\\atlas.shore.mbari.org\PAM_Archive\2020\05\MARS_20200509_031219.wav,true,2020-05-23T17:39:10.074
\\atlas.shore.mbari.org\PAM_Archive\2020\05\MARS_20200509_032219.wav,true,2020-05-23T17:39:12.472
\\atlas.shore.mbari.org\PAM_Archive\2020\05\MARS_20200509_033219.wav,true,2020-05-23T17:39:31.055
\\atlas.shore.mbari.org\PAM_Archive\2020\05\MARS_20200509_034219.wav,true,2020-05-23T17:39:35.695
\\atlas.shore.mbari.org\PAM_Archive\2020\05\MARS_20200509_035219.wav,true,2020-05-23T17:39:52.136
\\atlas.shore.mbari.org\PAM_Archive\2020\05\MARS_20200509_040219.wav,true,2020-05-23T17:39:57.223
\\atlas.shore.mbari.org\PAM_Archive\2020\05\MARS_20200509_041219.wav,true,2020-05-23T17:40:13.42
\\atlas.shore.mbari.org\PAM_Archive\2020\05\MARS_20200509_042219.wav,true,2020-05-23T17:40:19.467
\\atlas.shore.mbari.org\PAM_Archive\2020\05\MARS_20200509_043219.wav,true,2020-05-23T17:40:34.336
\\atlas.shore.mbari.org\PAM_Archive\2020\05\MARS_20200509_044219.wav,true,2020-05-23T17:40:40.56
\\atlas.shore.mbari.org\PAM_Archive\2020\05\MARS_20200509_045219.wav,true,2020-05-23T17:40:54.034
\\atlas.shore.mbari.org\PAM_Archive\2020\05\MARS_20200509_050219.wav,true,2020-05-23T17:41:01.088
\\atlas.shore.mbari.org\PAM_Archive\2020\05\MARS_20200509_051219.wav,true,2020-05-23T17:41:18.384
\\atlas.shore.mbari.org\PAM_Archive\2020\05\MARS_20200509_052219.wav,true,2020-05-23T17:41:22.358
\\atlas.shore.mbari.org\PAM_Archive\2020\05\MARS_20200509_053219.wav,true,2020-05-23T17:41:39.8
\\atlas.shore.mbari.org\PAM_Archive\2020\05\MARS_20200509_054219.wav,true,2020-05-23T17:41:45.198
\\atlas.shore.mbari.org\PAM_Archive\2020\05\MARS_20200509_055219.wav,true,2020-05-23T17:41:59.674
\\atlas.shore.mbari.org\PAM_Archive\2020\05\MARS_20200509_060219.wav,true,2020-05-23T17:42:05.503
\\atlas.shore.mbari.org\PAM_Archive\2020\05\MARS_20200509_061219.wav,true,2020-05-23T17:42:23.737
\\atlas.shore.mbari.org\PAM_Archive\2020\05\MARS_20200509_062219.wav,true,2020-05-23T17:42:29.927
\\atlas.shore.mbari.org\PAM_Archive\2020\05\MARS_20200509_063219.wav,true,2020-05-23T17:42:45.84
\\atlas.shore.mbari.org\PAM_Archive\2020\05\MARS_20200509_064219.wav,true,2020-05-23T17:42:51.618
\\atlas.shore.mbari.org\PAM_Archive\2020\05\MARS_20200509_065219.wav,true,2020-05-23T17:43:08.567
\\atlas.shore.mbari.org\PAM_Archive\2020\05\MARS_20200509_070219.wav,true,2020-05-23T17:43:12.999
\\atlas.shore.mbari.org\PAM_Archive\2020\05\MARS_20200509_071219.wav,true,2020-05-23T17:43:29.582
\\atlas.shore.mbari.org\PAM_Archive\2020\05\MARS_20200509_072219.wav,true,2020-05-23T17:43:36.532
\\atlas.shore.mbari.org\PAM_Archive\2020\05\MARS_20200509_073219.wav,true,2020-05-23T17:43:51.181
\\atlas.shore.mbari.org\PAM_Archive\2020\05\MARS_20200509_074219.wav,true,2020-05-23T17:43:59.309
\\atlas.shore.mbari.org\PAM_Archive\2020\05\MARS_20200509_075219.wav,true,2020-05-23T17:44:13.27
\\atlas.shore.mbari.org\PAM_Archive\2020\05\MARS_20200509_080219.wav,true,2020-05-23T17:44:20.772
\\atlas.shore.mbari.org\PAM_Archive\2020\05\MARS_20200509_081219.wav,true,2020-05-23T17:44:35.061
\\atlas.shore.mbari.org\PAM_Archive\2020\05\MARS_20200509_082219.wav,true,2020-05-23T17:44:43.286
\\atlas.shore.mbari.org\PAM_Archive\2020\05\MARS_20200509_083219.wav,true,2020-05-23T17:44:55.995
\\atlas.shore.mbari.org\PAM_Archive\2020\05\MARS_20200509_084219.wav,true,2020-05-23T17:45:04.633
\\atlas.shore.mbari.org\PAM_Archive\2020\05\MARS_20200509_085219.wav,true,2020-05-23T17:45:17.673
\\atlas.shore.mbari.org\PAM_Archive\2020\05\MARS_20200509_090219.wav,true,2020-05-23T17:45:25.9
\\atlas.shore.mbari.org\PAM_Archive\2020\05\MARS_20200509_091219.wav,true,2020-05-23T17:45:38.512
\\atlas.shore.mbari.org\PAM_Archive\2020\05\MARS_20200509_092219.wav,true,2020-05-23T17:45:47.048
\\atlas.shore.mbari.org\PAM_Archive\2020\05\MARS_20200509_093219.wav,true,2020-05-23T17:46:01.767
\\atlas.shore.mbari.org\PAM_Archive\2020\05\MARS_20200509_094219.wav,true,2020-05-23T17:46:08.647
\\atlas.shore.mbari.org\PAM_Archive\2020\05\MARS_20200509_095219.wav,true,2020-05-23T17:46:22.743
\\atlas.shore.mbari.org\PAM_Archive\2020\05\MARS_20200509_100219.wav,true,2020-05-23T17:46:34.264
\\atlas.shore.mbari.org\PAM_Archive\2020\05\MARS_20200509_101219.wav,true,2020-05-23T17:46:46.895
\\atlas.shore.mbari.org\PAM_Archive\2020\05\MARS_20200509_102219.wav,true,2020-05-23T17:46:56.778
\\atlas.shore.mbari.org\PAM_Archive\2020\05\MARS_20200509_103219.wav,true,2020-05-23T17:47:06.326
\\atlas.shore.mbari.org\PAM_Archive\2020\05\MARS_20200509_104219.wav,true,2020-05-23T17:47:16.583
\\atlas.shore.mbari.org\PAM_Archive\2020\05\MARS_20200509_105219.wav,true,2020-05-23T17:47:27.605
\\atlas.shore.mbari.org\PAM_Archive\2020\05\MARS_20200509_110219.wav,true,2020-05-23T17:47:38.074
\\atlas.shore.mbari.org\PAM_Archive\2020\05\MARS_20200509_111219.wav,true,2020-05-23T17:47:49.246
\\atlas.shore.mbari.org\PAM_Archive\2020\05\MARS_20200509_112219.wav,true,2020-05-23T17:47:59.292
\\atlas.shore.mbari.org\PAM_Archive\2020\05\MARS_20200509_113219.wav,true,2020-05-23T17:48:09.309
\\atlas.shore.mbari.org\PAM_Archive\2020\05\MARS_20200509_114219.wav,true,2020-05-23T17:48:22.643
\\atlas.shore.mbari.org\PAM_Archive\2020\05\MARS_20200509_115219.wav,true,2020-05-23T17:48:32.287
\\atlas.shore.mbari.org\PAM_Archive\2020\05\MARS_20200509_120219.wav,true,2020-05-23T17:48:44.855
\\atlas.shore.mbari.org\PAM_Archive\2020\05\MARS_20200509_121219.wav,true,2020-05-23T17:48:53.977
\\atlas.shore.mbari.org\PAM_Archive\2020\05\MARS_20200509_122219.wav,true,2020-05-23T17:49:07.539
\\atlas.shore.mbari.org\PAM_Archive\2020\05\MARS_20200509_123219.wav,true,2020-05-23T17:49:15.722
\\atlas.shore.mbari.org\PAM_Archive\2020\05\MARS_20200509_124219.wav,true,2020-05-23T17:49:29.711
\\atlas.shore.mbari.org\PAM_Archive\2020\05\MARS_20200509_125219.wav,true,2020-05-23T17:49:37.474
\\atlas.shore.mbari.org\PAM_Archive\2020\05\MARS_20200509_130219.wav,true,2020-05-23T17:49:53.201
\\atlas.shore.mbari.org\PAM_Archive\2020\05\MARS_20200509_131219.wav,true,2020-05-23T17:49:58.47
\\atlas.shore.mbari.org\PAM_Archive\2020\05\MARS_20200509_132219.wav,true,2020-05-23T17:50:14.007
\\atlas.shore.mbari.org\PAM_Archive\2020\05\MARS_20200509_133219.wav,true,2020-05-23T17:50:19.676
\\atlas.shore.mbari.org\PAM_Archive\2020\05\MARS_20200509_134219.wav,true,2020-05-23T17:50:34.378
\\atlas.shore.mbari.org\PAM_Archive\2020\05\MARS_20200509_135219.wav,true,2020-05-23T17:50:43.415
\\atlas.shore.mbari.org\PAM_Archive\2020\05\MARS_20200509_140219.wav,true,2020-05-23T17:50:59.099
\\atlas.shore.mbari.org\PAM_Archive\2020\05\MARS_20200509_141219.wav,true,2020-05-23T17:51:06.579
\\atlas.shore.mbari.org\PAM_Archive\2020\05\MARS_20200509_142219.wav,true,2020-05-23T17:51:20.599
\\atlas.shore.mbari.org\PAM_Archive\2020\05\MARS_20200509_143219.wav,true,2020-05-23T17:51:29.28
\\atlas.shore.mbari.org\PAM_Archive\2020\05\MARS_20200509_144219.wav,true,2020-05-23T17:51:40.49
\\atlas.shore.mbari.org\PAM_Archive\2020\05\MARS_20200509_145219.wav,true,2020-05-23T17:51:49.933
\\atlas.shore.mbari.org\PAM_Archive\2020\05\MARS_20200509_150219.wav,true,2020-05-23T17:52:00.909
\\atlas.shore.mbari.org\PAM_Archive\2020\05\MARS_20200509_151219.wav,true,2020-05-23T17:52:12.201
\\atlas.shore.mbari.org\PAM_Archive\2020\05\MARS_20200509_152219.wav,true,2020-05-23T17:52:21.337
\\atlas.shore.mbari.org\PAM_Archive\2020\05\MARS_20200509_153219.wav,true,2020-05-23T17:52:33.855
\\atlas.shore.mbari.org\PAM_Archive\2020\05\MARS_20200509_154219.wav,true,2020-05-23T17:52:46.499
\\atlas.shore.mbari.org\PAM_Archive\2020\05\MARS_20200509_155219.wav,true,2020-05-23T17:52:55.045
\\atlas.shore.mbari.org\PAM_Archive\2020\05\MARS_20200509_160219.wav,true,2020-05-23T17:53:07.433
\\atlas.shore.mbari.org\PAM_Archive\2020\05\MARS_20200509_161219.wav,true,2020-05-23T17:53:16.231
\\atlas.shore.mbari.org\PAM_Archive\2020\05\MARS_20200509_162219.wav,true,2020-05-23T17:53:30.084
\\atlas.shore.mbari.org\PAM_Archive\2020\05\MARS_20200509_163219.wav,true,2020-05-23T17:53:39.012
\\atlas.shore.mbari.org\PAM_Archive\2020\05\MARS_20200509_164219.wav,true,2020-05-23T17:53:51.582
\\atlas.shore.mbari.org\PAM_Archive\2020\05\MARS_20200509_165219.wav,true,2020-05-23T17:53:59.316
\\atlas.shore.mbari.org\PAM_Archive\2020\05\MARS_20200509_170219.wav,true,2020-05-23T17:54:14.712
\\atlas.shore.mbari.org\PAM_Archive\2020\05\MARS_20200509_171219.wav,true,2020-05-23T17:54:20.283
\\atlas.shore.mbari.org\PAM_Archive\2020\05\MARS_20200509_172219.wav,true,2020-05-23T17:54:35.25
\\atlas.shore.mbari.org\PAM_Archive\2020\05\MARS_20200509_173219.wav,true,2020-05-23T17:54:44.792
\\atlas.shore.mbari.org\PAM_Archive\2020\05\MARS_20200509_174219.wav,true,2020-05-23T17:54:56.751
\\atlas.shore.mbari.org\PAM_Archive\2020\05\MARS_20200509_175219.wav,true,2020-05-23T17:55:05.582
\\atlas.shore.mbari.org\PAM_Archive\2020\05\MARS_20200509_180219.wav,true,2020-05-23T17:55:17.713
\\atlas.shore.mbari.org\PAM_Archive\2020\05\MARS_20200509_181219.wav,true,2020-05-23T17:55:27.066
\\atlas.shore.mbari.org\PAM_Archive\2020\05\MARS_20200509_182219.wav,true,2020-05-23T17:55:39.957
\\atlas.shore.mbari.org\PAM_Archive\2020\05\MARS_20200509_183219.wav,true,2020-05-23T17:55:49.225
\\atlas.shore.mbari.org\PAM_Archive\2020\05\MARS_20200509_184219.wav,true,2020-05-23T17:56:02.262
\\atlas.shore.mbari.org\PAM_Archive\2020\05\MARS_20200509_185219.wav,true,2020-05-23T17:56:16.211
\\atlas.shore.mbari.org\PAM_Archive\2020\05\MARS_20200509_190219.wav,true,2020-05-23T17:56:23.384
\\atlas.shore.mbari.org\PAM_Archive\2020\05\MARS_20200509_191219.wav,true,2020-05-23T17:56:36.08
\\atlas.shore.mbari.org\PAM_Archive\2020\05\MARS_20200509_192219.wav,true,2020-05-23T17:56:43.107
\\atlas.shore.mbari.org\PAM_Archive\2020\05\MARS_20200509_193219.wav,true,2020-05-23T17:56:55.934
\\atlas.shore.mbari.org\PAM_Archive\2020\05\MARS_20200509_194219.wav,true,2020-05-23T17:57:08.279
\\atlas.shore.mbari.org\PAM_Archive\2020\05\MARS_20200509_195219.wav,true,2020-05-23T17:57:16.519
\\atlas.shore.mbari.org\PAM_Archive\2020\05\MARS_20200509_200219.wav,true,2020-05-23T17:57:27.82
\\atlas.shore.mbari.org\PAM_Archive\2020\05\MARS_20200509_201219.wav,true,2020-05-23T17:57:36.719
\\atlas.shore.mbari.org\PAM_Archive\2020\05\MARS_20200509_202219.wav,true,2020-05-23T17:57:49.97
\\atlas.shore.mbari.org\PAM_Archive\2020\05\MARS_20200509_203219.wav,true,2020-05-23T17:57:58.031
\\atlas.shore.mbari.org\PAM_Archive\2020\05\MARS_20200509_204219.wav,true,2020-05-23T17:58:10.269
\\atlas.shore.mbari.org\PAM_Archive\2020\05\MARS_20200509_205219.wav,true,2020-05-23T17:58:19.432
\\atlas.shore.mbari.org\PAM_Archive\2020\05\MARS_20200509_210219.wav,true,2020-05-23T17:58:31.247
\\atlas.shore.mbari.org\PAM_Archive\2020\05\MARS_20200509_211219.wav,true,2020-05-23T17:58:39.831
\\atlas.shore.mbari.org\PAM_Archive\2020\05\MARS_20200509_212219.wav,true,2020-05-23T17:58:52.615
\\atlas.shore.mbari.org\PAM_Archive\2020\05\MARS_20200509_213219.wav,true,2020-05-23T17:59:00.303
\\atlas.shore.mbari.org\PAM_Archive\2020\05\MARS_20200509_214219.wav,true,2020-05-23T17:59:13.558
\\atlas.shore.mbari.org\PAM_Archive\2020\05\MARS_20200509_215219.wav,true,2020-05-23T17:59:20.778
\\atlas.shore.mbari.org\PAM_Archive\2020\05\MARS_20200509_220219.wav,true,2020-05-23T17:59:34.75
\\atlas.shore.mbari.org\PAM_Archive\2020\05\MARS_20200509_221219.wav,true,2020-05-23T17:59:41.608
\\atlas.shore.mbari.org\PAM_Archive\2020\05\MARS_20200509_222219.wav,true,2020-05-23T17:59:56.016
\\atlas.shore.mbari.org\PAM_Archive\2020\05\MARS_20200509_223219.wav,true,2020-05-23T18:00:01.678
\\atlas.shore.mbari.org\PAM_Archive\2020\05\MARS_20200509_224219.wav,true,2020-05-23T18:00:18.004
\\atlas.shore.mbari.org\PAM_Archive\2020\05\MARS_20200509_225219.wav,true,2020-05-23T18:00:23.881
\\atlas.shore.mbari.org\PAM_Archive\2020\05\MARS_20200509_230219.wav,true,2020-05-23T18:00:37.737
\\atlas.shore.mbari.org\PAM_Archive\2020\05\MARS_20200509_231219.wav,true,2020-05-23T18:00:45.489
\\atlas.shore.mbari.org\PAM_Archive\2020\05\MARS_20200509_232219.wav,true,2020-05-23T18:01:02.717
\\atlas.shore.mbari.org\PAM_Archive\2020\05\MARS_20200509_233219.wav,true,2020-05-23T18:01:07.048
\\atlas.shore.mbari.org\PAM_Archive\2020\05\MARS_20200509_234219.wav,true,2020-05-23T18:01:24.582
\\atlas.shore.mbari.org\PAM_Archive\2020\05\MARS_20200509_235219.wav,true,2020-05-23T18:01:29.791
\\atlas.shore.mbari.org\PAM_Archive\2020\05\MARS_20200510_000219.wav,true,2020-05-23T18:01:48.186
\\atlas.shore.mbari.org\PAM_Archive\2020\05\MARS_20200510_001219.wav,true,2020-05-23T18:01:51.418
\\atlas.shore.mbari.org\PAM_Archive\2020\05\MARS_20200510_002219.wav,true,2020-05-23T18:02:07.733
\\atlas.shore.mbari.org\PAM_Archive\2020\05\MARS_20200510_003219.wav,true,2020-05-23T18:02:15.821
\\atlas.shore.mbari.org\PAM_Archive\2020\05\MARS_20200510_004219.wav,true,2020-05-23T18:02:28.843
\\atlas.shore.mbari.org\PAM_Archive\2020\05\MARS_20200510_005219.wav,true,2020-05-23T18:02:36.38
\\atlas.shore.mbari.org\PAM_Archive\2020\05\MARS_20200510_010219.wav,true,2020-05-23T18:02:49.806
\\atlas.shore.mbari.org\PAM_Archive\2020\05\MARS_20200510_011219.wav,true,2020-05-23T18:02:56.984
\\atlas.shore.mbari.org\PAM_Archive\2020\05\MARS_20200510_012219.wav,true,2020-05-23T18:03:13.872
\\atlas.shore.mbari.org\PAM_Archive\2020\05\MARS_20200510_013219.wav,true,2020-05-23T18:03:20.446
\\atlas.shore.mbari.org\PAM_Archive\2020\05\MARS_20200510_014219.wav,true,2020-05-23T18:03:38.404
\\atlas.shore.mbari.org\PAM_Archive\2020\05\MARS_20200510_015219.wav,true,2020-05-23T18:03:42.746
\\atlas.shore.mbari.org\PAM_Archive\2020\05\MARS_20200510_020219.wav,true,2020-05-23T18:03:57.717
\\atlas.shore.mbari.org\PAM_Archive\2020\05\MARS_20200510_021219.wav,true,2020-05-23T18:04:04.125
\\atlas.shore.mbari.org\PAM_Archive\2020\05\MARS_20200510_022219.wav,true,2020-05-23T18:04:18.284
\\atlas.shore.mbari.org\PAM_Archive\2020\05\MARS_20200510_023219.wav,true,2020-05-23T18:04:28.149
\\atlas.shore.mbari.org\PAM_Archive\2020\05\MARS_20200510_024219.wav,true,2020-05-23T18:04:41.516
\\atlas.shore.mbari.org\PAM_Archive\2020\05\MARS_20200510_025219.wav,true,2020-05-23T18:04:50.179
\\atlas.shore.mbari.org\PAM_Archive\2020\05\MARS_20200510_030219.wav,true,2020-05-23T18:05:04.498
\\atlas.shore.mbari.org\PAM_Archive\2020\05\MARS_20200510_031219.wav,true,2020-05-23T18:05:11.711
\\atlas.shore.mbari.org\PAM_Archive\2020\05\MARS_20200510_032219.wav,true,2020-05-23T18:05:29.44
\\atlas.shore.mbari.org\PAM_Archive\2020\05\MARS_20200510_033219.wav,true,2020-05-23T18:05:33.075
\\atlas.shore.mbari.org\PAM_Archive\2020\05\MARS_20200510_034219.wav,true,2020-05-23T18:05:50.575
\\atlas.shore.mbari.org\PAM_Archive\2020\05\MARS_20200510_035219.wav,true,2020-05-23T18:05:54.32
\\atlas.shore.mbari.org\PAM_Archive\2020\05\MARS_20200510_040219.wav,true,2020-05-23T18:06:25.628
\\atlas.shore.mbari.org\PAM_Archive\2020\05\MARS_20200510_041219.wav,true,2020-05-23T18:06:26.378
\\atlas.shore.mbari.org\PAM_Archive\2020\05\MARS_20200510_042219.wav,true,2020-05-23T18:06:47.441
\\atlas.shore.mbari.org\PAM_Archive\2020\05\MARS_20200510_043219.wav,true,2020-05-23T18:06:47.847
\\atlas.shore.mbari.org\PAM_Archive\2020\05\MARS_20200510_044219.wav,true,2020-05-23T18:07:09.878
\\atlas.shore.mbari.org\PAM_Archive\2020\05\MARS_20200510_045219.wav,true,2020-05-23T18:07:13.139
\\atlas.shore.mbari.org\PAM_Archive\2020\05\MARS_20200510_050219.wav,true,2020-05-23T18:07:32.127
\\atlas.shore.mbari.org\PAM_Archive\2020\05\MARS_20200510_051219.wav,true,2020-05-23T18:07:33.666
\\atlas.shore.mbari.org\PAM_Archive\2020\05\MARS_20200510_052219.wav,true,2020-05-23T18:07:52.539
\\atlas.shore.mbari.org\PAM_Archive\2020\05\MARS_20200510_053219.wav,true,2020-05-26T19:19:02.334
\\atlas.shore.mbari.org\PAM_Archive\2020\05\MARS_20200510_054219.wav,true,2020-05-26T19:19:01.754
\\atlas.shore.mbari.org\PAM_Archive\2020\05\MARS_20200510_055219.wav,true,2020-05-26T19:19:24.773
\\atlas.shore.mbari.org\PAM_Archive\2020\05\MARS_20200510_060219.wav,true,2020-05-26T19:19:25.035
\\atlas.shore.mbari.org\PAM_Archive\2020\05\MARS_20200510_061219.wav,true,2020-05-26T19:19:46.814
\\atlas.shore.mbari.org\PAM_Archive\2020\05\MARS_20200510_062219.wav,true,2020-05-26T19:19:49.768
\\atlas.shore.mbari.org\PAM_Archive\2020\05\MARS_20200510_063219.wav,true,2020-05-26T19:20:09.439
\\atlas.shore.mbari.org\PAM_Archive\2020\05\MARS_20200510_064219.wav,true,2020-05-26T19:20:12.845
\\atlas.shore.mbari.org\PAM_Archive\2020\05\MARS_20200510_065219.wav,true,2020-05-26T19:20:32.45
\\atlas.shore.mbari.org\PAM_Archive\2020\05\MARS_20200510_070219.wav,true,2020-05-26T19:20:35.963
\\atlas.shore.mbari.org\PAM_Archive\2020\05\MARS_20200510_071219.wav,true,2020-05-26T19:20:54.458
\\atlas.shore.mbari.org\PAM_Archive\2020\05\MARS_20200510_072219.wav,true,2020-05-26T19:20:58.138
\\atlas.shore.mbari.org\PAM_Archive\2020\05\MARS_20200510_073219.wav,true,2020-05-26T19:21:17.332
\\atlas.shore.mbari.org\PAM_Archive\2020\05\MARS_20200510_074219.wav,true,2020-05-26T19:21:20.246
\\atlas.shore.mbari.org\PAM_Archive\2020\05\MARS_20200510_075219.wav,true,2020-05-26T19:21:39.694
\\atlas.shore.mbari.org\PAM_Archive\2020\05\MARS_20200510_080219.wav,true,2020-05-26T19:21:42.124
\\atlas.shore.mbari.org\PAM_Archive\2020\05\MARS_20200510_081219.wav,true,2020-05-26T19:22:02.259
\\atlas.shore.mbari.org\PAM_Archive\2020\05\MARS_20200510_082219.wav,true,2020-05-26T19:22:04.99
\\atlas.shore.mbari.org\PAM_Archive\2020\05\MARS_20200510_083219.wav,true,2020-05-26T19:22:25.113
\\atlas.shore.mbari.org\PAM_Archive\2020\05\MARS_20200510_084219.wav,true,2020-05-26T19:22:27.036
\\atlas.shore.mbari.org\PAM_Archive\2020\05\MARS_20200510_085219.wav,true,2020-05-26T19:22:47.45
\\atlas.shore.mbari.org\PAM_Archive\2020\05\MARS_20200510_090219.wav,true,2020-05-26T19:22:50.247
\\atlas.shore.mbari.org\PAM_Archive\2020\05\MARS_20200510_091219.wav,true,2020-05-26T19:23:09.686
\\atlas.shore.mbari.org\PAM_Archive\2020\05\MARS_20200510_092219.wav,true,2020-05-26T19:23:12.879
\\atlas.shore.mbari.org\PAM_Archive\2020\05\MARS_20200510_093219.wav,true,2020-05-26T19:23:32.258
\\atlas.shore.mbari.org\PAM_Archive\2020\05\MARS_20200510_094219.wav,true,2020-05-26T19:23:33.999
\\atlas.shore.mbari.org\PAM_Archive\2020\05\MARS_20200510_095219.wav,true,2020-05-26T19:23:54.855
\\atlas.shore.mbari.org\PAM_Archive\2020\05\MARS_20200510_100219.wav,true,2020-05-26T19:23:57.142
\\atlas.shore.mbari.org\PAM_Archive\2020\05\MARS_20200510_101219.wav,true,2020-05-26T19:24:16.933
\\atlas.shore.mbari.org\PAM_Archive\2020\05\MARS_20200510_102219.wav,true,2020-05-26T19:24:18.589
\\atlas.shore.mbari.org\PAM_Archive\2020\05\MARS_20200510_103219.wav,true,2020-05-26T19:24:38.727
\\atlas.shore.mbari.org\PAM_Archive\2020\05\MARS_20200510_104219.wav,true,2020-05-26T19:24:41.018
\\atlas.shore.mbari.org\PAM_Archive\2020\05\MARS_20200510_105219.wav,true,2020-05-26T19:25:00.924
\\atlas.shore.mbari.org\PAM_Archive\2020\05\MARS_20200510_110219.wav,true,2020-05-26T19:25:01.938
\\atlas.shore.mbari.org\PAM_Archive\2020\05\MARS_20200510_111219.wav,true,2020-05-26T19:25:21.77
\\atlas.shore.mbari.org\PAM_Archive\2020\05\MARS_20200510_112219.wav,true,2020-05-26T19:25:24.746
\\atlas.shore.mbari.org\PAM_Archive\2020\05\MARS_20200510_113219.wav,true,2020-05-26T19:25:44.33
\\atlas.shore.mbari.org\PAM_Archive\2020\05\MARS_20200510_114219.wav,true,2020-05-26T19:25:45.397
\\atlas.shore.mbari.org\PAM_Archive\2020\05\MARS_20200510_115219.wav,true,2020-05-26T19:26:07.552
\\atlas.shore.mbari.org\PAM_Archive\2020\05\MARS_20200510_120219.wav,true,2020-05-26T19:26:06.965
\\atlas.shore.mbari.org\PAM_Archive\2020\05\MARS_20200510_121219.wav,true,2020-05-26T19:26:28.818
\\atlas.shore.mbari.org\PAM_Archive\2020\05\MARS_20200510_122219.wav,true,2020-05-26T19:26:27.871
\\atlas.shore.mbari.org\PAM_Archive\2020\05\MARS_20200510_123219.wav,true,2020-05-26T19:26:50.34
\\atlas.shore.mbari.org\PAM_Archive\2020\05\MARS_20200510_124219.wav,true,2020-05-26T19:26:50.923
\\atlas.shore.mbari.org\PAM_Archive\2020\05\MARS_20200510_125219.wav,true,2020-05-26T19:27:12.108
\\atlas.shore.mbari.org\PAM_Archive\2020\05\MARS_20200510_130219.wav,true,2020-05-26T19:27:12.427
\\atlas.shore.mbari.org\PAM_Archive\2020\05\MARS_20200510_131219.wav,true,2020-05-26T19:27:34.104
\\atlas.shore.mbari.org\PAM_Archive\2020\05\MARS_20200510_132219.wav,true,2020-05-26T19:27:34.143
\\atlas.shore.mbari.org\PAM_Archive\2020\05\MARS_20200510_133219.wav,true,2020-05-26T19:27:54.331
\\atlas.shore.mbari.org\PAM_Archive\2020\05\MARS_20200510_134219.wav,true,2020-05-26T19:27:57.301
\\atlas.shore.mbari.org\PAM_Archive\2020\05\MARS_20200510_135219.wav,true,2020-05-26T19:28:16.295
\\atlas.shore.mbari.org\PAM_Archive\2020\05\MARS_20200510_140219.wav,true,2020-05-26T19:28:18.23
\\atlas.shore.mbari.org\PAM_Archive\2020\05\MARS_20200510_141219.wav,true,2020-05-26T19:28:37.553
\\atlas.shore.mbari.org\PAM_Archive\2020\05\MARS_20200510_142219.wav,true,2020-05-26T19:28:39.965
\\atlas.shore.mbari.org\PAM_Archive\2020\05\MARS_20200510_143219.wav,true,2020-05-26T19:28:59.231
\\atlas.shore.mbari.org\PAM_Archive\2020\05\MARS_20200510_144219.wav,true,2020-05-26T19:29:02.6
\\atlas.shore.mbari.org\PAM_Archive\2020\05\MARS_20200510_145219.wav,true,2020-05-26T19:29:20.798
\\atlas.shore.mbari.org\PAM_Archive\2020\05\MARS_20200510_150219.wav,true,2020-05-26T19:29:26.251
\\atlas.shore.mbari.org\PAM_Archive\2020\05\MARS_20200510_151219.wav,true,2020-05-26T19:29:42.84
\\atlas.shore.mbari.org\PAM_Archive\2020\05\MARS_20200510_152219.wav,true,2020-05-26T19:29:47.878
\\atlas.shore.mbari.org\PAM_Archive\2020\05\MARS_20200510_153219.wav,true,2020-05-26T19:30:05.136
\\atlas.shore.mbari.org\PAM_Archive\2020\05\MARS_20200510_154219.wav,true,2020-05-26T19:30:10.676
\\atlas.shore.mbari.org\PAM_Archive\2020\05\MARS_20200510_155219.wav,true,2020-05-26T19:30:27.081
\\atlas.shore.mbari.org\PAM_Archive\2020\05\MARS_20200510_160219.wav,true,2020-05-26T19:30:31.838
\\atlas.shore.mbari.org\PAM_Archive\2020\05\MARS_20200510_161219.wav,true,2020-05-26T19:30:48.013
\\atlas.shore.mbari.org\PAM_Archive\2020\05\MARS_20200510_162219.wav,true,2020-05-26T19:30:52.568
\\atlas.shore.mbari.org\PAM_Archive\2020\05\MARS_20200510_163219.wav,true,2020-05-26T19:31:09.486
\\atlas.shore.mbari.org\PAM_Archive\2020\05\MARS_20200510_164219.wav,true,2020-05-26T19:31:14.064
\\atlas.shore.mbari.org\PAM_Archive\2020\05\MARS_20200510_165219.wav,true,2020-05-26T19:31:28.904
\\atlas.shore.mbari.org\PAM_Archive\2020\05\MARS_20200510_170219.wav,true,2020-05-26T19:31:34.213
\\atlas.shore.mbari.org\PAM_Archive\2020\05\MARS_20200510_171219.wav,true,2020-05-26T19:31:50.036
\\atlas.shore.mbari.org\PAM_Archive\2020\05\MARS_20200510_172219.wav,true,2020-05-26T19:31:54.518
\\atlas.shore.mbari.org\PAM_Archive\2020\05\MARS_20200510_173219.wav,true,2020-05-26T19:32:11.751
\\atlas.shore.mbari.org\PAM_Archive\2020\05\MARS_20200510_174219.wav,true,2020-05-26T19:32:16.41
\\atlas.shore.mbari.org\PAM_Archive\2020\05\MARS_20200510_175219.wav,true,2020-05-26T19:32:32.534
\\atlas.shore.mbari.org\PAM_Archive\2020\05\MARS_20200510_180219.wav,true,2020-05-26T19:32:35.425
\\atlas.shore.mbari.org\PAM_Archive\2020\05\MARS_20200510_181219.wav,true,2020-05-26T19:32:51.428
\\atlas.shore.mbari.org\PAM_Archive\2020\05\MARS_20200510_182219.wav,true,2020-05-26T19:32:55.807
\\atlas.shore.mbari.org\PAM_Archive\2020\05\MARS_20200510_183219.wav,true,2020-05-26T19:33:12.596
\\atlas.shore.mbari.org\PAM_Archive\2020\05\MARS_20200510_184219.wav,true,2020-05-26T19:33:15.724
\\atlas.shore.mbari.org\PAM_Archive\2020\05\MARS_20200510_185219.wav,true,2020-05-26T19:33:32.716
\\atlas.shore.mbari.org\PAM_Archive\2020\05\MARS_20200510_190219.wav,true,2020-05-26T19:33:36.726
\\atlas.shore.mbari.org\PAM_Archive\2020\05\MARS_20200510_191219.wav,true,2020-05-26T19:33:54.047
\\atlas.shore.mbari.org\PAM_Archive\2020\05\MARS_20200510_192219.wav,true,2020-05-26T19:33:57.535
\\atlas.shore.mbari.org\PAM_Archive\2020\05\MARS_20200510_193219.wav,true,2020-05-26T19:34:14.509
\\atlas.shore.mbari.org\PAM_Archive\2020\05\MARS_20200510_194219.wav,true,2020-05-26T19:34:18.409
\\atlas.shore.mbari.org\PAM_Archive\2020\05\MARS_20200510_195219.wav,true,2020-05-26T19:34:34.738
\\atlas.shore.mbari.org\PAM_Archive\2020\05\MARS_20200510_200219.wav,true,2020-05-26T19:34:40.001
\\atlas.shore.mbari.org\PAM_Archive\2020\05\MARS_20200510_201219.wav,true,2020-05-26T19:34:55.523
\\atlas.shore.mbari.org\PAM_Archive\2020\05\MARS_20200510_202219.wav,true,2020-05-26T19:34:59.88
\\atlas.shore.mbari.org\PAM_Archive\2020\05\MARS_20200510_203219.wav,true,2020-05-26T19:35:15.423
\\atlas.shore.mbari.org\PAM_Archive\2020\05\MARS_20200510_204219.wav,true,2020-05-26T19:35:20.614
\\atlas.shore.mbari.org\PAM_Archive\2020\05\MARS_20200510_205219.wav,true,2020-05-26T19:35:36.665
\\atlas.shore.mbari.org\PAM_Archive\2020\05\MARS_20200510_210219.wav,true,2020-05-26T19:35:41.2
\\atlas.shore.mbari.org\PAM_Archive\2020\05\MARS_20200510_211219.wav,true,2020-05-26T19:35:56.76
\\atlas.shore.mbari.org\PAM_Archive\2020\05\MARS_20200510_212219.wav,true,2020-05-26T19:36:01.089
\\atlas.shore.mbari.org\PAM_Archive\2020\05\MARS_20200510_213219.wav,true,2020-05-26T19:36:18.572
\\atlas.shore.mbari.org\PAM_Archive\2020\05\MARS_20200510_214219.wav,true,2020-05-26T19:36:23.015
\\atlas.shore.mbari.org\PAM_Archive\2020\05\MARS_20200510_215219.wav,true,2020-05-26T19:36:39.26
\\atlas.shore.mbari.org\PAM_Archive\2020\05\MARS_20200510_220219.wav,true,2020-05-26T19:36:43.353
\\atlas.shore.mbari.org\PAM_Archive\2020\05\MARS_20200510_221219.wav,true,2020-05-26T19:36:59.334
\\atlas.shore.mbari.org\PAM_Archive\2020\05\MARS_20200510_222219.wav,true,2020-05-26T19:37:03.885
\\atlas.shore.mbari.org\PAM_Archive\2020\05\MARS_20200510_223219.wav,true,2020-05-26T19:37:19.461
\\atlas.shore.mbari.org\PAM_Archive\2020\05\MARS_20200510_224219.wav,true,2020-05-26T19:37:23.706
\\atlas.shore.mbari.org\PAM_Archive\2020\05\MARS_20200510_225219.wav,true,2020-05-26T19:37:40.038
\\atlas.shore.mbari.org\PAM_Archive\2020\05\MARS_20200510_230219.wav,true,2020-05-26T19:37:44.438
\\atlas.shore.mbari.org\PAM_Archive\2020\05\MARS_20200510_231219.wav,true,2020-05-26T19:38:00.537
\\atlas.shore.mbari.org\PAM_Archive\2020\05\MARS_20200510_232219.wav,true,2020-05-26T19:38:03.751
\\atlas.shore.mbari.org\PAM_Archive\2020\05\MARS_20200510_233219.wav,true,2020-05-26T19:38:20.438
\\atlas.shore.mbari.org\PAM_Archive\2020\05\MARS_20200510_234219.wav,true,2020-05-26T19:38:23.703
\\atlas.shore.mbari.org\PAM_Archive\2020\05\MARS_20200510_235219.wav,true,2020-05-26T19:38:42.809
\\atlas.shore.mbari.org\PAM_Archive\2020\05\MARS_20200511_000219.wav,true,2020-05-26T19:38:44.012
\\atlas.shore.mbari.org\PAM_Archive\2020\05\MARS_20200511_001219.wav,true,2020-05-26T19:39:03.018
\\atlas.shore.mbari.org\PAM_Archive\2020\05\MARS_20200511_002219.wav,true,2020-05-26T19:39:04.599
\\atlas.shore.mbari.org\PAM_Archive\2020\05\MARS_20200511_003219.wav,true,2020-05-26T19:39:23.963
\\atlas.shore.mbari.org\PAM_Archive\2020\05\MARS_20200511_004220.wav,true,2020-05-26T19:39:25.063
\\atlas.shore.mbari.org\PAM_Archive\2020\05\MARS_20200511_005219.wav,true,2020-05-26T19:39:44.393
\\atlas.shore.mbari.org\PAM_Archive\2020\05\MARS_20200511_010218.wav,true,2020-05-26T19:39:45.858
\\atlas.shore.mbari.org\PAM_Archive\2020\05\MARS_20200511_011218.wav,true,2020-05-26T19:40:04.228
\\atlas.shore.mbari.org\PAM_Archive\2020\05\MARS_20200511_012218.wav,true,2020-05-26T19:40:06.665
\\atlas.shore.mbari.org\PAM_Archive\2020\05\MARS_20200511_013218.wav,true,2020-05-26T19:40:24.409
\\atlas.shore.mbari.org\PAM_Archive\2020\05\MARS_20200511_014218.wav,true,2020-05-26T19:40:26.138
\\atlas.shore.mbari.org\PAM_Archive\2020\05\MARS_20200511_015218.wav,true,2020-05-26T19:40:44.429
\\atlas.shore.mbari.org\PAM_Archive\2020\05\MARS_20200511_020218.wav,true,2020-05-26T19:40:46.717
\\atlas.shore.mbari.org\PAM_Archive\2020\05\MARS_20200511_021218.wav,true,2020-05-26T19:41:05.017
\\atlas.shore.mbari.org\PAM_Archive\2020\05\MARS_20200511_022218.wav,true,2020-05-26T19:41:07.149
\\atlas.shore.mbari.org\PAM_Archive\2020\05\MARS_20200511_023218.wav,true,2020-05-26T19:41:24.866
\\atlas.shore.mbari.org\PAM_Archive\2020\05\MARS_20200511_024218.wav,true,2020-05-26T19:41:27.052
\\atlas.shore.mbari.org\PAM_Archive\2020\05\MARS_20200511_025218.wav,true,2020-05-26T19:41:44.249
\\atlas.shore.mbari.org\PAM_Archive\2020\05\MARS_20200511_030218.wav,true,2020-05-26T19:41:47.81
\\atlas.shore.mbari.org\PAM_Archive\2020\05\MARS_20200511_031218.wav,true,2020-05-26T19:42:04.158
\\atlas.shore.mbari.org\PAM_Archive\2020\05\MARS_20200511_032218.wav,true,2020-05-26T19:42:08.158
\\atlas.shore.mbari.org\PAM_Archive\2020\05\MARS_20200511_033218.wav,true,2020-05-26T19:42:25.222
\\atlas.shore.mbari.org\PAM_Archive\2020\05\MARS_20200511_034218.wav,true,2020-05-26T19:42:28.492
\\atlas.shore.mbari.org\PAM_Archive\2020\05\MARS_20200511_035218.wav,true,2020-05-26T19:42:45.02
\\atlas.shore.mbari.org\PAM_Archive\2020\05\MARS_20200511_040218.wav,true,2020-05-26T19:42:49.94
\\atlas.shore.mbari.org\PAM_Archive\2020\05\MARS_20200511_041218.wav,true,2020-05-26T19:43:05.609
\\atlas.shore.mbari.org\PAM_Archive\2020\05\MARS_20200511_042218.wav,true,2020-05-26T19:43:10.358
\\atlas.shore.mbari.org\PAM_Archive\2020\05\MARS_20200511_043218.wav,true,2020-05-26T19:43:26.28
\\atlas.shore.mbari.org\PAM_Archive\2020\05\MARS_20200511_044218.wav,true,2020-05-26T19:43:31.19
\\atlas.shore.mbari.org\PAM_Archive\2020\05\MARS_20200511_045218.wav,true,2020-05-26T19:43:46.403
\\atlas.shore.mbari.org\PAM_Archive\2020\05\MARS_20200511_050218.wav,true,2020-05-26T19:43:51.231
\\atlas.shore.mbari.org\PAM_Archive\2020\05\MARS_20200511_051218.wav,true,2020-05-26T19:44:07.294
\\atlas.shore.mbari.org\PAM_Archive\2020\05\MARS_20200511_052218.wav,true,2020-05-26T19:44:11.711
\\atlas.shore.mbari.org\PAM_Archive\2020\05\MARS_20200511_053218.wav,true,2020-05-26T19:44:28.287
\\atlas.shore.mbari.org\PAM_Archive\2020\05\MARS_20200511_054218.wav,true,2020-05-26T19:44:32.047
\\atlas.shore.mbari.org\PAM_Archive\2020\05\MARS_20200511_055218.wav,true,2020-05-26T19:44:49.687
\\atlas.shore.mbari.org\PAM_Archive\2020\05\MARS_20200511_060218.wav,true,2020-05-26T19:44:52.049
\\atlas.shore.mbari.org\PAM_Archive\2020\05\MARS_20200511_061218.wav,true,2020-05-26T19:45:09.251
\\atlas.shore.mbari.org\PAM_Archive\2020\05\MARS_20200511_062218.wav,true,2020-05-26T19:45:12.352
\\atlas.shore.mbari.org\PAM_Archive\2020\05\MARS_20200511_063218.wav,true,2020-05-26T19:45:29.449
\\atlas.shore.mbari.org\PAM_Archive\2020\05\MARS_20200511_064218.wav,true,2020-05-26T19:45:32.257
\\atlas.shore.mbari.org\PAM_Archive\2020\05\MARS_20200511_065218.wav,true,2020-05-26T19:45:49.246
\\atlas.shore.mbari.org\PAM_Archive\2020\05\MARS_20200511_070218.wav,true,2020-05-26T19:45:52.676
\\atlas.shore.mbari.org\PAM_Archive\2020\05\MARS_20200511_071218.wav,true,2020-05-26T19:46:10.77
\\atlas.shore.mbari.org\PAM_Archive\2020\05\MARS_20200511_072218.wav,true,2020-05-26T19:46:12.528
\\atlas.shore.mbari.org\PAM_Archive\2020\05\MARS_20200511_073218.wav,true,2020-05-26T19:46:30.731
\\atlas.shore.mbari.org\PAM_Archive\2020\05\MARS_20200511_074218.wav,true,2020-05-26T19:46:33.585
\\atlas.shore.mbari.org\PAM_Archive\2020\05\MARS_20200511_075218.wav,true,2020-05-26T19:46:51.167
\\atlas.shore.mbari.org\PAM_Archive\2020\05\MARS_20200511_080218.wav,true,2020-05-26T19:46:53.572
\\atlas.shore.mbari.org\PAM_Archive\2020\05\MARS_20200511_081218.wav,true,2020-05-26T19:47:11.606
\\atlas.shore.mbari.org\PAM_Archive\2020\05\MARS_20200511_082218.wav,true,2020-05-26T19:47:14.301
\\atlas.shore.mbari.org\PAM_Archive\2020\05\MARS_20200511_083218.wav,true,2020-05-26T19:47:32.453
\\atlas.shore.mbari.org\PAM_Archive\2020\05\MARS_20200511_084218.wav,true,2020-05-26T19:47:34.074
\\atlas.shore.mbari.org\PAM_Archive\2020\05\MARS_20200511_085218.wav,true,2020-05-26T19:47:53.984
\\atlas.shore.mbari.org\PAM_Archive\2020\05\MARS_20200511_090218.wav,true,2020-05-26T19:47:54.555
\\atlas.shore.mbari.org\PAM_Archive\2020\05\MARS_20200511_091218.wav,true,2020-05-26T19:48:14.441
\\atlas.shore.mbari.org\PAM_Archive\2020\05\MARS_20200511_092218.wav,true,2020-05-26T19:48:16.363
\\atlas.shore.mbari.org\PAM_Archive\2020\05\MARS_20200511_093218.wav,true,2020-05-26T19:48:34.657
\\atlas.shore.mbari.org\PAM_Archive\2020\05\MARS_20200511_094218.wav,true,2020-05-26T19:48:36.381
\\atlas.shore.mbari.org\PAM_Archive\2020\05\MARS_20200511_095218.wav,true,2020-05-26T19:48:54.564
\\atlas.shore.mbari.org\PAM_Archive\2020\05\MARS_20200511_100218.wav,true,2020-05-26T19:48:56.951
\\atlas.shore.mbari.org\PAM_Archive\2020\05\MARS_20200511_101218.wav,true,2020-05-26T19:49:14.914
\\atlas.shore.mbari.org\PAM_Archive\2020\05\MARS_20200511_102218.wav,true,2020-05-26T19:49:16.655
\\atlas.shore.mbari.org\PAM_Archive\2020\05\MARS_20200511_103218.wav,true,2020-05-26T19:49:34.578
\\atlas.shore.mbari.org\PAM_Archive\2020\05\MARS_20200511_104218.wav,true,2020-05-26T19:49:39.573
\\atlas.shore.mbari.org\PAM_Archive\2020\05\MARS_20200511_105218.wav,true,2020-05-26T19:50:00.807
\\atlas.shore.mbari.org\PAM_Archive\2020\05\MARS_20200511_110218.wav,true,2020-05-26T19:50:00.686
\\atlas.shore.mbari.org\PAM_Archive\2020\05\MARS_20200511_111218.wav,true,2020-05-26T19:50:21.179
\\atlas.shore.mbari.org\PAM_Archive\2020\05\MARS_20200511_112218.wav,true,2020-05-26T19:50:21.338
\\atlas.shore.mbari.org\PAM_Archive\2020\05\MARS_20200511_113218.wav,true,2020-05-26T19:50:42.011
\\atlas.shore.mbari.org\PAM_Archive\2020\05\MARS_20200511_114218.wav,true,2020-05-26T19:50:41.086
\\atlas.shore.mbari.org\PAM_Archive\2020\05\MARS_20200511_115218.wav,true,2020-05-26T19:51:02.341
\\atlas.shore.mbari.org\PAM_Archive\2020\05\MARS_20200511_120218.wav,true,2020-05-26T19:51:02.914
\\atlas.shore.mbari.org\PAM_Archive\2020\05\MARS_20200511_121218.wav,true,2020-05-26T19:51:22.785
\\atlas.shore.mbari.org\PAM_Archive\2020\05\MARS_20200511_122218.wav,true,2020-05-26T19:51:24.063
\\atlas.shore.mbari.org\PAM_Archive\2020\05\MARS_20200511_123218.wav,true,2020-05-26T19:51:43.159
\\atlas.shore.mbari.org\PAM_Archive\2020\05\MARS_20200511_124218.wav,true,2020-05-26T19:51:45.029
\\atlas.shore.mbari.org\PAM_Archive\2020\05\MARS_20200511_125218.wav,true,2020-05-26T19:52:03.074
\\atlas.shore.mbari.org\PAM_Archive\2020\05\MARS_20200511_130218.wav,true,2020-05-26T19:52:05.193
\\atlas.shore.mbari.org\PAM_Archive\2020\05\MARS_20200511_131218.wav,true,2020-05-26T19:52:22.688
\\atlas.shore.mbari.org\PAM_Archive\2020\05\MARS_20200511_132218.wav,true,2020-05-26T19:52:25.822
\\atlas.shore.mbari.org\PAM_Archive\2020\05\MARS_20200511_133218.wav,true,2020-05-26T19:52:43.228
\\atlas.shore.mbari.org\PAM_Archive\2020\05\MARS_20200511_134218.wav,true,2020-05-26T19:52:45.964
\\atlas.shore.mbari.org\PAM_Archive\2020\05\MARS_20200511_135218.wav,true,2020-05-26T19:53:03.46
\\atlas.shore.mbari.org\PAM_Archive\2020\05\MARS_20200511_140218.wav,true,2020-05-26T19:53:06.321
\\atlas.shore.mbari.org\PAM_Archive\2020\05\MARS_20200511_141218.wav,true,2020-05-26T19:53:23.817
\\atlas.shore.mbari.org\PAM_Archive\2020\05\MARS_20200511_142218.wav,true,2020-05-26T19:53:25.128
\\atlas.shore.mbari.org\PAM_Archive\2020\05\MARS_20200511_143218.wav,true,2020-05-26T19:53:43.85
\\atlas.shore.mbari.org\PAM_Archive\2020\05\MARS_20200511_144218.wav,true,2020-05-26T19:53:44.533
\\atlas.shore.mbari.org\PAM_Archive\2020\05\MARS_20200511_145218.wav,true,2020-05-26T19:54:04.262
\\atlas.shore.mbari.org\PAM_Archive\2020\05\MARS_20200511_150218.wav,true,2020-05-26T19:54:04.646
\\atlas.shore.mbari.org\PAM_Archive\2020\05\MARS_20200511_151218.wav,true,2020-05-26T19:54:25.613
\\atlas.shore.mbari.org\PAM_Archive\2020\05\MARS_20200511_152218.wav,true,2020-05-26T19:54:24.537
\\atlas.shore.mbari.org\PAM_Archive\2020\05\MARS_20200511_153218.wav,true,2020-05-26T19:54:44.219
\\atlas.shore.mbari.org\PAM_Archive\2020\05\MARS_20200511_154218.wav,true,2020-05-26T19:54:46.846
\\atlas.shore.mbari.org\PAM_Archive\2020\05\MARS_20200511_155218.wav,true,2020-05-26T19:55:04.299
\\atlas.shore.mbari.org\PAM_Archive\2020\05\MARS_20200511_160218.wav,true,2020-05-26T19:55:07.768
\\atlas.shore.mbari.org\PAM_Archive\2020\05\MARS_20200511_161218.wav,true,2020-05-26T19:55:23.938
\\atlas.shore.mbari.org\PAM_Archive\2020\05\MARS_20200511_162218.wav,true,2020-05-26T19:55:27.916
\\atlas.shore.mbari.org\PAM_Archive\2020\05\MARS_20200511_163218.wav,true,2020-05-26T19:55:43.665
\\atlas.shore.mbari.org\PAM_Archive\2020\05\MARS_20200511_164218.wav,true,2020-05-26T19:55:47.41
\\atlas.shore.mbari.org\PAM_Archive\2020\05\MARS_20200511_165218.wav,true,2020-05-26T19:56:03.769
\\atlas.shore.mbari.org\PAM_Archive\2020\05\MARS_20200511_170218.wav,true,2020-05-26T19:56:07.28
\\atlas.shore.mbari.org\PAM_Archive\2020\05\MARS_20200511_171218.wav,true,2020-05-26T19:56:24.993
\\atlas.shore.mbari.org\PAM_Archive\2020\05\MARS_20200511_172218.wav,true,2020-05-26T19:56:27.393
\\atlas.shore.mbari.org\PAM_Archive\2020\05\MARS_20200511_173218.wav,true,2020-05-26T19:56:44.894
\\atlas.shore.mbari.org\PAM_Archive\2020\05\MARS_20200511_174218.wav,true,2020-05-26T19:56:47.52
\\atlas.shore.mbari.org\PAM_Archive\2020\05\MARS_20200511_175218.wav,true,2020-05-26T19:57:05.404
\\atlas.shore.mbari.org\PAM_Archive\2020\05\MARS_20200511_180218.wav,true,2020-05-26T19:57:07.712
\\atlas.shore.mbari.org\PAM_Archive\2020\05\MARS_20200511_181218.wav,true,2020-05-26T19:57:25.777
\\atlas.shore.mbari.org\PAM_Archive\2020\05\MARS_20200511_182218.wav,true,2020-05-26T19:57:27.623
\\atlas.shore.mbari.org\PAM_Archive\2020\05\MARS_20200511_183218.wav,true,2020-05-26T19:57:46.326
\\atlas.shore.mbari.org\PAM_Archive\2020\05\MARS_20200511_184218.wav,true,2020-05-26T19:57:49.752
\\atlas.shore.mbari.org\PAM_Archive\2020\05\MARS_20200511_185218.wav,true,2020-05-26T19:58:06.243
\\atlas.shore.mbari.org\PAM_Archive\2020\05\MARS_20200511_190218.wav,true,2020-05-26T19:58:10.464
\\atlas.shore.mbari.org\PAM_Archive\2020\05\MARS_20200511_191218.wav,true,2020-05-26T19:58:26.561
\\atlas.shore.mbari.org\PAM_Archive\2020\05\MARS_20200511_192218.wav,true,2020-05-26T19:58:29.861
\\atlas.shore.mbari.org\PAM_Archive\2020\05\MARS_20200511_193218.wav,true,2020-05-26T19:58:46.597
\\atlas.shore.mbari.org\PAM_Archive\2020\05\MARS_20200511_194218.wav,true,2020-05-26T19:58:50.27
\\atlas.shore.mbari.org\PAM_Archive\2020\05\MARS_20200511_195218.wav,true,2020-05-26T19:59:07.382
\\atlas.shore.mbari.org\PAM_Archive\2020\05\MARS_20200511_200218.wav,true,2020-05-26T19:59:09.933
\\atlas.shore.mbari.org\PAM_Archive\2020\05\MARS_20200511_201218.wav,true,2020-05-26T19:59:28.846
\\atlas.shore.mbari.org\PAM_Archive\2020\05\MARS_20200511_202218.wav,true,2020-05-26T19:59:30.815
\\atlas.shore.mbari.org\PAM_Archive\2020\05\MARS_20200511_203218.wav,true,2020-05-26T19:59:50.351
\\atlas.shore.mbari.org\PAM_Archive\2020\05\MARS_20200511_204218.wav,true,2020-05-26T19:59:51.005
\\atlas.shore.mbari.org\PAM_Archive\2020\05\MARS_20200511_205218.wav,true,2020-05-26T20:00:11.698
\\atlas.shore.mbari.org\PAM_Archive\2020\05\MARS_20200511_210218.wav,true,2020-05-26T20:00:12.011
\\atlas.shore.mbari.org\PAM_Archive\2020\05\MARS_20200511_211218.wav,true,2020-05-26T20:00:30.808
\\atlas.shore.mbari.org\PAM_Archive\2020\05\MARS_20200511_212218.wav,true,2020-05-26T20:00:33.095
\\atlas.shore.mbari.org\PAM_Archive\2020\05\MARS_20200511_213218.wav,true,2020-05-26T20:00:51.499
\\atlas.shore.mbari.org\PAM_Archive\2020\05\MARS_20200511_214218.wav,true,2020-05-26T20:00:53.722
\\atlas.shore.mbari.org\PAM_Archive\2020\05\MARS_20200511_215218.wav,true,2020-05-26T20:01:11.162
\\atlas.shore.mbari.org\PAM_Archive\2020\05\MARS_20200511_220218.wav,true,2020-05-26T20:01:13.558
\\atlas.shore.mbari.org\PAM_Archive\2020\05\MARS_20200511_221218.wav,true,2020-05-26T20:01:30.136
\\atlas.shore.mbari.org\PAM_Archive\2020\05\MARS_20200511_222218.wav,true,2020-05-26T20:01:33.778
\\atlas.shore.mbari.org\PAM_Archive\2020\05\MARS_20200511_223218.wav,true,2020-05-26T20:01:50.55
\\atlas.shore.mbari.org\PAM_Archive\2020\05\MARS_20200511_224218.wav,true,2020-05-26T20:01:54.334
\\atlas.shore.mbari.org\PAM_Archive\2020\05\MARS_20200511_225218.wav,true,2020-05-26T20:02:11.586
\\atlas.shore.mbari.org\PAM_Archive\2020\05\MARS_20200511_230218.wav,true,2020-05-26T20:02:13.998
\\atlas.shore.mbari.org\PAM_Archive\2020\05\MARS_20200511_231218.wav,true,2020-05-26T20:02:31.761
\\atlas.shore.mbari.org\PAM_Archive\2020\05\MARS_20200511_232218.wav,true,2020-05-26T20:02:34.451
\\atlas.shore.mbari.org\PAM_Archive\2020\05\MARS_20200511_233218.wav,true,2020-05-26T20:02:52.583
\\atlas.shore.mbari.org\PAM_Archive\2020\05\MARS_20200511_234218.wav,true,2020-05-26T20:02:54.747
\\atlas.shore.mbari.org\PAM_Archive\2020\05\MARS_20200511_235218.wav,true,2020-05-26T20:03:12.797
\\atlas.shore.mbari.org\PAM_Archive\2020\05\MARS_20200512_000218.wav,true,2020-05-26T20:03:15.922
\\atlas.shore.mbari.org\PAM_Archive\2020\05\MARS_20200512_001218.wav,true,2020-05-26T20:03:33.003
\\atlas.shore.mbari.org\PAM_Archive\2020\05\MARS_20200512_002218.wav,true,2020-05-26T20:03:36.074
\\atlas.shore.mbari.org\PAM_Archive\2020\05\MARS_20200512_003218.wav,true,2020-05-26T20:03:52.995
\\atlas.shore.mbari.org\PAM_Archive\2020\05\MARS_20200512_004218.wav,true,2020-05-26T20:03:56.414
\\atlas.shore.mbari.org\PAM_Archive\2020\05\MARS_20200512_005218.wav,true,2020-05-26T20:04:13.254
\\atlas.shore.mbari.org\PAM_Archive\2020\05\MARS_20200512_010218.wav,true,2020-05-26T20:04:16.936
\\atlas.shore.mbari.org\PAM_Archive\2020\05\MARS_20200512_011218.wav,true,2020-05-26T20:04:32.737
\\atlas.shore.mbari.org\PAM_Archive\2020\05\MARS_20200512_012218.wav,true,2020-05-26T20:04:37.47
\\atlas.shore.mbari.org\PAM_Archive\2020\05\MARS_20200512_013218.wav,true,2020-05-26T20:04:52.526
\\atlas.shore.mbari.org\PAM_Archive\2020\05\MARS_20200512_014218.wav,true,2020-05-26T20:04:57.481
\\atlas.shore.mbari.org\PAM_Archive\2020\05\MARS_20200512_015218.wav,true,2020-05-26T20:05:12.601
\\atlas.shore.mbari.org\PAM_Archive\2020\05\MARS_20200512_020218.wav,true,2020-05-26T20:05:18.352
\\atlas.shore.mbari.org\PAM_Archive\2020\05\MARS_20200512_021218.wav,true,2020-05-26T20:05:34.722
\\atlas.shore.mbari.org\PAM_Archive\2020\05\MARS_20200512_022218.wav,true,2020-05-26T20:05:38.881
\\atlas.shore.mbari.org\PAM_Archive\2020\05\MARS_20200512_023218.wav,true,2020-05-26T20:05:54.154
\\atlas.shore.mbari.org\PAM_Archive\2020\05\MARS_20200512_024218.wav,true,2020-05-26T20:06:00.189
\\atlas.shore.mbari.org\PAM_Archive\2020\05\MARS_20200512_025219.wav,true,2020-05-26T20:06:13.664
\\atlas.shore.mbari.org\PAM_Archive\2020\05\MARS_20200512_030218.wav,true,2020-05-26T20:06:22.135
\\atlas.shore.mbari.org\PAM_Archive\2020\05\MARS_20200512_031218.wav,true,2020-05-26T20:06:34.662
\\atlas.shore.mbari.org\PAM_Archive\2020\05\MARS_20200512_032218.wav,true,2020-05-26T20:06:42.387
\\atlas.shore.mbari.org\PAM_Archive\2020\05\MARS_20200512_033218.wav,true,2020-05-26T20:06:54.155
\\atlas.shore.mbari.org\PAM_Archive\2020\05\MARS_20200512_034219.wav,true,2020-05-26T20:07:02.675
\\atlas.shore.mbari.org\PAM_Archive\2020\05\MARS_20200512_035218.wav,true,2020-05-26T20:07:14.432
\\atlas.shore.mbari.org\PAM_Archive\2020\05\MARS_20200512_040218.wav,true,2020-05-26T20:07:22.707
\\atlas.shore.mbari.org\PAM_Archive\2020\05\MARS_20200512_041218.wav,true,2020-05-26T20:07:34.73
\\atlas.shore.mbari.org\PAM_Archive\2020\05\MARS_20200512_042218.wav,true,2020-05-26T20:07:42.947
\\atlas.shore.mbari.org\PAM_Archive\2020\05\MARS_20200512_043218.wav,true,2020-05-26T20:07:55.35
\\atlas.shore.mbari.org\PAM_Archive\2020\05\MARS_20200512_044218.wav,true,2020-05-26T20:08:03.162
\\atlas.shore.mbari.org\PAM_Archive\2020\05\MARS_20200512_045218.wav,true,2020-05-26T20:08:14.451
\\atlas.shore.mbari.org\PAM_Archive\2020\05\MARS_20200512_050218.wav,true,2020-05-26T20:08:23.814
\\atlas.shore.mbari.org\PAM_Archive\2020\05\MARS_20200512_051218.wav,true,2020-05-26T20:08:34.613
\\atlas.shore.mbari.org\PAM_Archive\2020\05\MARS_20200512_052218.wav,true,2020-05-26T20:08:42.736
\\atlas.shore.mbari.org\PAM_Archive\2020\05\MARS_20200512_053218.wav,true,2020-05-26T20:08:54.818
\\atlas.shore.mbari.org\PAM_Archive\2020\05\MARS_20200512_054219.wav,true,2020-05-26T20:09:02.397
\\atlas.shore.mbari.org\PAM_Archive\2020\05\MARS_20200512_055219.wav,true,2020-05-26T20:09:14.716
\\atlas.shore.mbari.org\PAM_Archive\2020\05\MARS_20200512_060219.wav,true,2020-05-26T20:09:21.582
\\atlas.shore.mbari.org\PAM_Archive\2020\05\MARS_20200512_061219.wav,true,2020-05-26T20:09:34.933
\\atlas.shore.mbari.org\PAM_Archive\2020\05\MARS_20200512_062218.wav,true,2020-05-26T20:09:41.85
\\atlas.shore.mbari.org\PAM_Archive\2020\05\MARS_20200512_063218.wav,true,2020-05-26T20:09:55.955
\\atlas.shore.mbari.org\PAM_Archive\2020\05\MARS_20200512_064218.wav,true,2020-05-26T20:10:02.166
\\atlas.shore.mbari.org\PAM_Archive\2020\05\MARS_20200512_065218.wav,true,2020-05-26T20:10:17.62
\\atlas.shore.mbari.org\PAM_Archive\2020\05\MARS_20200512_070219.wav,true,2020-05-26T20:10:22.93
\\atlas.shore.mbari.org\PAM_Archive\2020\05\MARS_20200512_071219.wav,true,2020-05-26T20:10:37.503
\\atlas.shore.mbari.org\PAM_Archive\2020\05\MARS_20200512_072219.wav,true,2020-05-26T20:10:43.875
\\atlas.shore.mbari.org\PAM_Archive\2020\05\MARS_20200512_073219.wav,true,2020-05-26T20:10:59.486
\\atlas.shore.mbari.org\PAM_Archive\2020\05\MARS_20200512_074219.wav,true,2020-05-26T20:11:05.483
\\atlas.shore.mbari.org\PAM_Archive\2020\05\MARS_20200512_075219.wav,true,2020-05-26T20:11:20.324
\\atlas.shore.mbari.org\PAM_Archive\2020\05\MARS_20200512_080219.wav,true,2020-05-26T20:11:25.327
\\atlas.shore.mbari.org\PAM_Archive\2020\05\MARS_20200512_081219.wav,true,2020-05-26T20:11:40.026
\\atlas.shore.mbari.org\PAM_Archive\2020\05\MARS_20200512_082219.wav,true,2020-05-26T20:11:45.985
\\atlas.shore.mbari.org\PAM_Archive\2020\05\MARS_20200512_083219.wav,true,2020-05-26T20:12:00.263
\\atlas.shore.mbari.org\PAM_Archive\2020\05\MARS_20200512_084219.wav,true,2020-05-26T20:12:05.947
\\atlas.shore.mbari.org\PAM_Archive\2020\05\MARS_20200512_085219.wav,true,2020-05-26T20:12:20.331
\\atlas.shore.mbari.org\PAM_Archive\2020\05\MARS_20200512_090219.wav,true,2020-05-26T20:12:26.027
\\atlas.shore.mbari.org\PAM_Archive\2020\05\MARS_20200512_091219.wav,true,2020-05-26T20:12:40.432
\\atlas.shore.mbari.org\PAM_Archive\2020\05\MARS_20200512_092219.wav,true,2020-05-26T20:12:46.156
\\atlas.shore.mbari.org\PAM_Archive\2020\05\MARS_20200512_093219.wav,true,2020-05-26T20:13:00.172
\\atlas.shore.mbari.org\PAM_Archive\2020\05\MARS_20200512_094219.wav,true,2020-05-26T20:13:06.822
\\atlas.shore.mbari.org\PAM_Archive\2020\05\MARS_20200512_095219.wav,true,2020-05-26T20:13:20.261
\\atlas.shore.mbari.org\PAM_Archive\2020\05\MARS_20200512_100219.wav,true,2020-05-26T20:13:26.197
\\atlas.shore.mbari.org\PAM_Archive\2020\05\MARS_20200512_101219.wav,true,2020-05-26T20:13:41.323
\\atlas.shore.mbari.org\PAM_Archive\2020\05\MARS_20200512_102219.wav,true,2020-05-26T20:13:47.954
\\atlas.shore.mbari.org\PAM_Archive\2020\05\MARS_20200512_103219.wav,true,2020-05-26T20:14:00.893
\\atlas.shore.mbari.org\PAM_Archive\2020\05\MARS_20200512_104219.wav,true,2020-05-26T20:14:07.115
\\atlas.shore.mbari.org\PAM_Archive\2020\05\MARS_20200512_105219.wav,true,2020-05-26T20:14:21.074
\\atlas.shore.mbari.org\PAM_Archive\2020\05\MARS_20200512_110219.wav,true,2020-05-26T20:14:27.813
\\atlas.shore.mbari.org\PAM_Archive\2020\05\MARS_20200512_111219.wav,true,2020-05-26T20:14:42.236
\\atlas.shore.mbari.org\PAM_Archive\2020\05\MARS_20200512_112219.wav,true,2020-05-26T20:14:47.821
\\atlas.shore.mbari.org\PAM_Archive\2020\05\MARS_20200512_113219.wav,true,2020-05-26T20:15:02.326
\\atlas.shore.mbari.org\PAM_Archive\2020\05\MARS_20200512_114219.wav,true,2020-05-26T20:15:08.22
\\atlas.shore.mbari.org\PAM_Archive\2020\05\MARS_20200512_115219.wav,true,2020-05-26T20:15:23.563
\\atlas.shore.mbari.org\PAM_Archive\2020\05\MARS_20200512_120219.wav,true,2020-05-26T20:15:28.015
\\atlas.shore.mbari.org\PAM_Archive\2020\05\MARS_20200512_121219.wav,true,2020-05-26T20:15:43.539
\\atlas.shore.mbari.org\PAM_Archive\2020\05\MARS_20200512_122219.wav,true,2020-05-26T20:15:48.047
\\atlas.shore.mbari.org\PAM_Archive\2020\05\MARS_20200512_123219.wav,true,2020-05-26T20:16:03.035
\\atlas.shore.mbari.org\PAM_Archive\2020\05\MARS_20200512_124219.wav,true,2020-05-26T20:16:07.503
\\atlas.shore.mbari.org\PAM_Archive\2020\05\MARS_20200512_125219.wav,true,2020-05-26T20:16:22.758
\\atlas.shore.mbari.org\PAM_Archive\2020\05\MARS_20200512_130219.wav,true,2020-05-26T20:16:27.336
\\atlas.shore.mbari.org\PAM_Archive\2020\05\MARS_20200512_131219.wav,true,2020-05-26T20:16:43.931
\\atlas.shore.mbari.org\PAM_Archive\2020\05\MARS_20200512_132219.wav,true,2020-05-26T20:16:48.162
\\atlas.shore.mbari.org\PAM_Archive\2020\05\MARS_20200512_133219.wav,true,2020-05-26T20:17:05.095
\\atlas.shore.mbari.org\PAM_Archive\2020\05\MARS_20200512_134219.wav,true,2020-05-26T20:17:08.891
\\atlas.shore.mbari.org\PAM_Archive\2020\05\MARS_20200512_135219.wav,true,2020-05-26T20:17:25.691
\\atlas.shore.mbari.org\PAM_Archive\2020\05\MARS_20200512_140219.wav,true,2020-05-26T20:17:29.373
\\atlas.shore.mbari.org\PAM_Archive\2020\05\MARS_20200512_141219.wav,true,2020-05-26T20:17:46.404
\\atlas.shore.mbari.org\PAM_Archive\2020\05\MARS_20200512_142219.wav,true,2020-05-26T20:17:51.092
\\atlas.shore.mbari.org\PAM_Archive\2020\05\MARS_20200512_143219.wav,true,2020-05-26T20:18:07.191
\\atlas.shore.mbari.org\PAM_Archive\2020\05\MARS_20200512_144219.wav,true,2020-05-26T20:18:10.411
\\atlas.shore.mbari.org\PAM_Archive\2020\05\MARS_20200512_145219.wav,true,2020-05-26T20:18:27.514
\\atlas.shore.mbari.org\PAM_Archive\2020\05\MARS_20200512_150219.wav,true,2020-05-26T20:18:30.418
\\atlas.shore.mbari.org\PAM_Archive\2020\05\MARS_20200512_151219.wav,true,2020-05-26T20:18:48.412
\\atlas.shore.mbari.org\PAM_Archive\2020\05\MARS_20200512_152219.wav,true,2020-05-26T20:18:51.091
\\atlas.shore.mbari.org\PAM_Archive\2020\05\MARS_20200512_153219.wav,true,2020-05-26T20:19:08.064
\\atlas.shore.mbari.org\PAM_Archive\2020\05\MARS_20200512_154219.wav,true,2020-05-26T20:19:10.398
\\atlas.shore.mbari.org\PAM_Archive\2020\05\MARS_20200512_155219.wav,true,2020-05-26T20:19:28.056
\\atlas.shore.mbari.org\PAM_Archive\2020\05\MARS_20200512_160219.wav,true,2020-05-26T20:19:30.11
\\atlas.shore.mbari.org\PAM_Archive\2020\05\MARS_20200512_161219.wav,true,2020-05-26T20:19:47.653
\\atlas.shore.mbari.org\PAM_Archive\2020\05\MARS_20200512_162219.wav,true,2020-05-26T20:19:50.941
\\atlas.shore.mbari.org\PAM_Archive\2020\05\MARS_20200512_163219.wav,true,2020-05-26T20:20:07.767
\\atlas.shore.mbari.org\PAM_Archive\2020\05\MARS_20200512_164219.wav,true,2020-05-26T20:20:11.252
\\atlas.shore.mbari.org\PAM_Archive\2020\05\MARS_20200512_165219.wav,true,2020-05-26T20:20:27.344
\\atlas.shore.mbari.org\PAM_Archive\2020\05\MARS_20200512_170219.wav,true,2020-05-26T20:20:30.918
\\atlas.shore.mbari.org\PAM_Archive\2020\05\MARS_20200512_171219.wav,true,2020-05-26T20:20:47.445
\\atlas.shore.mbari.org\PAM_Archive\2020\05\MARS_20200512_172219.wav,true,2020-05-26T20:20:51.43
\\atlas.shore.mbari.org\PAM_Archive\2020\05\MARS_20200512_173219.wav,true,2020-05-26T20:21:07.326
\\atlas.shore.mbari.org\PAM_Archive\2020\05\MARS_20200512_174219.wav,true,2020-05-26T20:21:10.552
\\atlas.shore.mbari.org\PAM_Archive\2020\05\MARS_20200512_175219.wav,true,2020-05-26T20:21:28.362
\\atlas.shore.mbari.org\PAM_Archive\2020\05\MARS_20200512_180219.wav,true,2020-05-26T20:21:31.291
\\atlas.shore.mbari.org\PAM_Archive\2020\05\MARS_20200512_181219.wav,true,2020-05-26T20:21:49.454
\\atlas.shore.mbari.org\PAM_Archive\2020\05\MARS_20200512_182219.wav,true,2020-05-26T20:21:51.076
\\atlas.shore.mbari.org\PAM_Archive\2020\05\MARS_20200512_183219.wav,true,2020-05-26T20:22:10.346
\\atlas.shore.mbari.org\PAM_Archive\2020\05\MARS_20200512_184219.wav,true,2020-05-26T20:22:11.369
\\atlas.shore.mbari.org\PAM_Archive\2020\05\MARS_20200512_185219.wav,true,2020-05-26T20:22:30.067
\\atlas.shore.mbari.org\PAM_Archive\2020\05\MARS_20200512_190219.wav,true,2020-05-26T20:22:31.79
\\atlas.shore.mbari.org\PAM_Archive\2020\05\MARS_20200512_191219.wav,true,2020-05-26T20:22:51.017
\\atlas.shore.mbari.org\PAM_Archive\2020\05\MARS_20200512_192219.wav,true,2020-05-26T20:22:51.398
\\atlas.shore.mbari.org\PAM_Archive\2020\05\MARS_20200512_193219.wav,true,2020-05-26T20:23:10.939
\\atlas.shore.mbari.org\PAM_Archive\2020\05\MARS_20200512_194219.wav,true,2020-05-26T20:23:12.017
\\atlas.shore.mbari.org\PAM_Archive\2020\05\MARS_20200512_195219.wav,true,2020-05-26T20:23:31.829
\\atlas.shore.mbari.org\PAM_Archive\2020\05\MARS_20200512_200219.wav,true,2020-05-26T20:23:32.232
\\atlas.shore.mbari.org\PAM_Archive\2020\05\MARS_20200512_201219.wav,true,2020-05-26T20:23:52.242
\\atlas.shore.mbari.org\PAM_Archive\2020\05\MARS_20200512_202219.wav,true,2020-05-26T20:23:52.8
\\atlas.shore.mbari.org\PAM_Archive\2020\05\MARS_20200512_203219.wav,true,2020-05-26T20:24:13.09
\\atlas.shore.mbari.org\PAM_Archive\2020\05\MARS_20200512_204219.wav,true,2020-05-26T20:24:15.177
\\atlas.shore.mbari.org\PAM_Archive\2020\05\MARS_20200512_205219.wav,true,2020-05-26T20:24:33.104
\\atlas.shore.mbari.org\PAM_Archive\2020\05\MARS_20200512_210219.wav,true,2020-05-26T20:24:35.332
\\atlas.shore.mbari.org\PAM_Archive\2020\05\MARS_20200512_211219.wav,true,2020-05-26T20:24:54.317
\\atlas.shore.mbari.org\PAM_Archive\2020\05\MARS_20200512_212219.wav,true,2020-05-26T20:24:56.008
\\atlas.shore.mbari.org\PAM_Archive\2020\05\MARS_20200512_213219.wav,true,2020-05-26T20:25:15.594
\\atlas.shore.mbari.org\PAM_Archive\2020\05\MARS_20200512_214219.wav,true,2020-05-26T20:25:16.153
\\atlas.shore.mbari.org\PAM_Archive\2020\05\MARS_20200512_215219.wav,true,2020-05-26T20:25:35.899
\\atlas.shore.mbari.org\PAM_Archive\2020\05\MARS_20200512_220219.wav,true,2020-05-26T20:25:36.486
\\atlas.shore.mbari.org\PAM_Archive\2020\05\MARS_20200512_221219.wav,true,2020-05-26T20:25:56.737
\\atlas.shore.mbari.org\PAM_Archive\2020\05\MARS_20200512_222219.wav,true,2020-05-26T20:25:57.252
\\atlas.shore.mbari.org\PAM_Archive\2020\05\MARS_20200512_223219.wav,true,2020-05-26T20:26:17.809
\\atlas.shore.mbari.org\PAM_Archive\2020\05\MARS_20200512_224219.wav,true,2020-05-26T20:26:17.723
\\atlas.shore.mbari.org\PAM_Archive\2020\05\MARS_20200512_225219.wav,true,2020-05-26T20:26:37.92
\\atlas.shore.mbari.org\PAM_Archive\2020\05\MARS_20200512_230219.wav,true,2020-05-26T20:26:38.017
\\atlas.shore.mbari.org\PAM_Archive\2020\05\MARS_20200512_231219.wav,true,2020-05-26T20:26:57.579
\\atlas.shore.mbari.org\PAM_Archive\2020\05\MARS_20200512_232219.wav,true,2020-05-26T20:26:58.209
\\atlas.shore.mbari.org\PAM_Archive\2020\05\MARS_20200512_233219.wav,true,2020-05-26T20:27:17.904
\\atlas.shore.mbari.org\PAM_Archive\2020\05\MARS_20200512_234219.wav,true,2020-05-26T20:27:19.015
\\atlas.shore.mbari.org\PAM_Archive\2020\05\MARS_20200512_235219.wav,true,2020-05-26T20:27:37.894
\\atlas.shore.mbari.org\PAM_Archive\2020\05\MARS_20200513_000219.wav,true,2020-05-26T20:27:39.996
\\atlas.shore.mbari.org\PAM_Archive\2020\05\MARS_20200513_001219.wav,true,2020-05-26T20:27:58.136
\\atlas.shore.mbari.org\PAM_Archive\2020\05\MARS_20200513_002219.wav,true,2020-05-26T20:27:59.803
\\atlas.shore.mbari.org\PAM_Archive\2020\05\MARS_20200513_003219.wav,true,2020-05-26T20:28:19.235
\\atlas.shore.mbari.org\PAM_Archive\2020\05\MARS_20200513_004219.wav,true,2020-05-26T20:28:19.324
\\atlas.shore.mbari.org\PAM_Archive\2020\05\MARS_20200513_005219.wav,true,2020-05-26T20:28:40.803
\\atlas.shore.mbari.org\PAM_Archive\2020\05\MARS_20200513_010219.wav,true,2020-05-26T20:28:39.548
\\atlas.shore.mbari.org\PAM_Archive\2020\05\MARS_20200513_011219.wav,true,2020-05-26T20:29:01.603
\\atlas.shore.mbari.org\PAM_Archive\2020\05\MARS_20200513_012219.wav,true,2020-05-26T20:29:01.209
\\atlas.shore.mbari.org\PAM_Archive\2020\05\MARS_20200513_013219.wav,true,2020-05-26T20:29:22.613
\\atlas.shore.mbari.org\PAM_Archive\2020\05\MARS_20200513_014219.wav,true,2020-05-26T20:29:22.792
\\atlas.shore.mbari.org\PAM_Archive\2020\05\MARS_20200513_015219.wav,true,2020-05-26T20:29:44.181
\\atlas.shore.mbari.org\PAM_Archive\2020\05\MARS_20200513_020219.wav,true,2020-05-26T20:29:42.737
\\atlas.shore.mbari.org\PAM_Archive\2020\05\MARS_20200513_021219.wav,true,2020-05-26T20:30:03.876
\\atlas.shore.mbari.org\PAM_Archive\2020\05\MARS_20200513_022219.wav,true,2020-05-26T20:30:05.012
\\atlas.shore.mbari.org\PAM_Archive\2020\05\MARS_20200513_023219.wav,true,2020-05-26T20:30:24.845
\\atlas.shore.mbari.org\PAM_Archive\2020\05\MARS_20200513_024219.wav,true,2020-05-26T20:30:25.28
\\atlas.shore.mbari.org\PAM_Archive\2020\05\MARS_20200513_025219.wav,true,2020-05-26T20:30:46.131
\\atlas.shore.mbari.org\PAM_Archive\2020\05\MARS_20200513_030219.wav,true,2020-05-26T20:30:46.171
\\atlas.shore.mbari.org\PAM_Archive\2020\05\MARS_20200513_031219.wav,true,2020-05-26T20:31:07.714
\\atlas.shore.mbari.org\PAM_Archive\2020\05\MARS_20200513_032219.wav,true,2020-05-26T20:31:07.811
\\atlas.shore.mbari.org\PAM_Archive\2020\05\MARS_20200513_033219.wav,true,2020-05-26T20:31:28.5
\\atlas.shore.mbari.org\PAM_Archive\2020\05\MARS_20200513_034219.wav,true,2020-05-26T20:31:27.847
\\atlas.shore.mbari.org\PAM_Archive\2020\05\MARS_20200513_035219.wav,true,2020-05-26T20:31:47.023
\\atlas.shore.mbari.org\PAM_Archive\2020\05\MARS_20200513_040219.wav,true,2020-05-26T20:31:49.3
\\atlas.shore.mbari.org\PAM_Archive\2020\05\MARS_20200513_041219.wav,true,2020-05-26T20:32:08.478
\\atlas.shore.mbari.org\PAM_Archive\2020\05\MARS_20200513_042219.wav,true,2020-05-26T20:32:10.33
\\atlas.shore.mbari.org\PAM_Archive\2020\05\MARS_20200513_043219.wav,true,2020-05-26T20:32:29.166
\\atlas.shore.mbari.org\PAM_Archive\2020\05\MARS_20200513_044219.wav,true,2020-05-26T20:32:30.671
\\atlas.shore.mbari.org\PAM_Archive\2020\05\MARS_20200513_045219.wav,true,2020-05-26T20:32:49.276
\\atlas.shore.mbari.org\PAM_Archive\2020\05\MARS_20200513_050219.wav,true,2020-05-26T20:32:50.142
\\atlas.shore.mbari.org\PAM_Archive\2020\05\MARS_20200513_051219.wav,true,2020-05-26T20:33:09.29
\\atlas.shore.mbari.org\PAM_Archive\2020\05\MARS_20200513_052219.wav,true,2020-05-26T20:33:11.561
\\atlas.shore.mbari.org\PAM_Archive\2020\05\MARS_20200513_053219.wav,true,2020-05-26T20:33:28.507
\\atlas.shore.mbari.org\PAM_Archive\2020\05\MARS_20200513_054219.wav,true,2020-05-26T20:33:30.426
\\atlas.shore.mbari.org\PAM_Archive\2020\05\MARS_20200513_055219.wav,true,2020-05-26T20:33:49.685
\\atlas.shore.mbari.org\PAM_Archive\2020\05\MARS_20200513_060219.wav,true,2020-05-26T20:33:49.813
\\atlas.shore.mbari.org\PAM_Archive\2020\05\MARS_20200513_061219.wav,true,2020-05-26T20:34:09.734
\\atlas.shore.mbari.org\PAM_Archive\2020\05\MARS_20200513_062219.wav,true,2020-05-26T20:34:09.578
\\atlas.shore.mbari.org\PAM_Archive\2020\05\MARS_20200513_063219.wav,true,2020-05-26T20:34:30.749
\\atlas.shore.mbari.org\PAM_Archive\2020\05\MARS_20200513_064219.wav,true,2020-05-26T20:34:30.642
\\atlas.shore.mbari.org\PAM_Archive\2020\05\MARS_20200513_065219.wav,true,2020-05-26T20:34:51.287
\\atlas.shore.mbari.org\PAM_Archive\2020\05\MARS_20200513_070219.wav,true,2020-05-26T20:34:52.286
\\atlas.shore.mbari.org\PAM_Archive\2020\05\MARS_20200513_071219.wav,true,2020-05-26T20:35:11.219
\\atlas.shore.mbari.org\PAM_Archive\2020\05\MARS_20200513_072219.wav,true,2020-05-26T20:35:13.486
\\atlas.shore.mbari.org\PAM_Archive\2020\05\MARS_20200513_073219.wav,true,2020-05-26T20:35:32.301
\\atlas.shore.mbari.org\PAM_Archive\2020\05\MARS_20200513_074219.wav,true,2020-05-26T20:35:34.034
\\atlas.shore.mbari.org\PAM_Archive\2020\05\MARS_20200513_075219.wav,true,2020-05-26T20:35:54.226
\\atlas.shore.mbari.org\PAM_Archive\2020\05\MARS_20200513_080219.wav,true,2020-05-26T20:35:54.922
\\atlas.shore.mbari.org\PAM_Archive\2020\05\MARS_20200513_081219.wav,true,2020-05-26T20:36:15.366
\\atlas.shore.mbari.org\PAM_Archive\2020\05\MARS_20200513_082219.wav,true,2020-05-26T20:36:16.193
\\atlas.shore.mbari.org\PAM_Archive\2020\05\MARS_20200513_083219.wav,true,2020-05-26T20:36:34.944
\\atlas.shore.mbari.org\PAM_Archive\2020\05\MARS_20200513_084219.wav,true,2020-05-26T20:36:37.873
\\atlas.shore.mbari.org\PAM_Archive\2020\05\MARS_20200513_085219.wav,true,2020-05-26T20:36:56.057
\\atlas.shore.mbari.org\PAM_Archive\2020\05\MARS_20200513_090219.wav,true,2020-05-26T20:36:57.851
\\atlas.shore.mbari.org\PAM_Archive\2020\05\MARS_20200513_091219.wav,true,2020-05-26T20:37:16.057
\\atlas.shore.mbari.org\PAM_Archive\2020\05\MARS_20200513_092219.wav,true,2020-05-26T20:37:18.721
\\atlas.shore.mbari.org\PAM_Archive\2020\05\MARS_20200513_093219.wav,true,2020-05-26T20:37:36.528
\\atlas.shore.mbari.org\PAM_Archive\2020\05\MARS_20200513_094219.wav,true,2020-05-26T20:37:39.285
\\atlas.shore.mbari.org\PAM_Archive\2020\05\MARS_20200513_095219.wav,true,2020-05-26T20:37:57.436
\\atlas.shore.mbari.org\PAM_Archive\2020\05\MARS_20200513_100219.wav,true,2020-05-26T20:38:01.077
\\atlas.shore.mbari.org\PAM_Archive\2020\05\MARS_20200513_101219.wav,true,2020-05-26T20:38:18.187
\\atlas.shore.mbari.org\PAM_Archive\2020\05\MARS_20200513_102219.wav,true,2020-05-26T20:38:21.927
\\atlas.shore.mbari.org\PAM_Archive\2020\05\MARS_20200513_103219.wav,true,2020-05-26T20:38:38.706
\\atlas.shore.mbari.org\PAM_Archive\2020\05\MARS_20200513_104219.wav,true,2020-05-26T20:38:43.06
\\atlas.shore.mbari.org\PAM_Archive\2020\05\MARS_20200513_105219.wav,true,2020-05-26T20:38:59.136
\\atlas.shore.mbari.org\PAM_Archive\2020\05\MARS_20200513_110219.wav,true,2020-05-26T20:39:03.811
\\atlas.shore.mbari.org\PAM_Archive\2020\05\MARS_20200513_111219.wav,true,2020-05-26T20:39:19.546
\\atlas.shore.mbari.org\PAM_Archive\2020\05\MARS_20200513_112219.wav,true,2020-05-26T20:39:24.304
\\atlas.shore.mbari.org\PAM_Archive\2020\05\MARS_20200513_113219.wav,true,2020-05-26T20:39:40.261
\\atlas.shore.mbari.org\PAM_Archive\2020\05\MARS_20200513_114219.wav,true,2020-05-26T20:39:44.146
\\atlas.shore.mbari.org\PAM_Archive\2020\05\MARS_20200513_115219.wav,true,2020-05-26T20:40:00.634
\\atlas.shore.mbari.org\PAM_Archive\2020\05\MARS_20200513_120219.wav,true,2020-05-26T20:40:04.515
\\atlas.shore.mbari.org\PAM_Archive\2020\05\MARS_20200513_121219.wav,true,2020-05-26T20:40:22.163
\\atlas.shore.mbari.org\PAM_Archive\2020\05\MARS_20200513_122219.wav,true,2020-05-26T20:40:24.459
\\atlas.shore.mbari.org\PAM_Archive\2020\05\MARS_20200513_123219.wav,true,2020-05-26T20:40:42.884
\\atlas.shore.mbari.org\PAM_Archive\2020\05\MARS_20200513_124219.wav,true,2020-05-26T20:40:43.992
\\atlas.shore.mbari.org\PAM_Archive\2020\05\MARS_20200513_125219.wav,true,2020-05-26T20:41:03.117
\\atlas.shore.mbari.org\PAM_Archive\2020\05\MARS_20200513_130219.wav,true,2020-05-26T20:41:03.998
\\atlas.shore.mbari.org\PAM_Archive\2020\05\MARS_20200513_131219.wav,true,2020-05-26T20:41:25.677
\\atlas.shore.mbari.org\PAM_Archive\2020\05\MARS_20200513_132219.wav,true,2020-05-26T20:41:24.49
\\atlas.shore.mbari.org\PAM_Archive\2020\05\MARS_20200513_133219.wav,true,2020-05-26T20:41:45.84
\\atlas.shore.mbari.org\PAM_Archive\2020\05\MARS_20200513_134219.wav,true,2020-05-26T20:41:47.19
\\atlas.shore.mbari.org\PAM_Archive\2020\05\MARS_20200513_135219.wav,true,2020-05-26T20:42:06.002
\\atlas.shore.mbari.org\PAM_Archive\2020\05\MARS_20200513_140219.wav,true,2020-05-26T20:42:07.579
\\atlas.shore.mbari.org\PAM_Archive\2020\05\MARS_20200513_141219.wav,true,2020-05-26T20:42:26.436
\\atlas.shore.mbari.org\PAM_Archive\2020\05\MARS_20200513_142219.wav,true,2020-05-26T20:42:27.94
\\atlas.shore.mbari.org\PAM_Archive\2020\05\MARS_20200513_143219.wav,true,2020-05-26T20:42:46.027
\\atlas.shore.mbari.org\PAM_Archive\2020\05\MARS_20200513_144219.wav,true,2020-05-26T20:42:48.575
\\atlas.shore.mbari.org\PAM_Archive\2020\05\MARS_20200513_145219.wav,true,2020-05-26T20:43:07.094
\\atlas.shore.mbari.org\PAM_Archive\2020\05\MARS_20200513_150219.wav,true,2020-05-26T20:43:08.797
\\atlas.shore.mbari.org\PAM_Archive\2020\05\MARS_20200513_151219.wav,true,2020-05-26T20:43:27.903
\\atlas.shore.mbari.org\PAM_Archive\2020\05\MARS_20200513_152219.wav,true,2020-05-26T20:43:29.63
\\atlas.shore.mbari.org\PAM_Archive\2020\05\MARS_20200513_153219.wav,true,2020-05-26T20:43:48.647
\\atlas.shore.mbari.org\PAM_Archive\2020\05\MARS_20200513_154219.wav,true,2020-05-26T20:43:50.048
\\atlas.shore.mbari.org\PAM_Archive\2020\05\MARS_20200513_155219.wav,true,2020-05-26T20:44:08.84
\\atlas.shore.mbari.org\PAM_Archive\2020\05\MARS_20200513_160219.wav,true,2020-05-26T20:44:10.459
\\atlas.shore.mbari.org\PAM_Archive\2020\05\MARS_20200513_161219.wav,true,2020-05-26T20:44:28.802
\\atlas.shore.mbari.org\PAM_Archive\2020\05\MARS_20200513_162219.wav,true,2020-05-26T20:44:29.941
\\atlas.shore.mbari.org\PAM_Archive\2020\05\MARS_20200513_163219.wav,true,2020-05-26T20:44:49.911
\\atlas.shore.mbari.org\PAM_Archive\2020\05\MARS_20200513_164219.wav,true,2020-05-26T20:44:49.924
\\atlas.shore.mbari.org\PAM_Archive\2020\05\MARS_20200513_165219.wav,true,2020-05-26T20:45:10.558
\\atlas.shore.mbari.org\PAM_Archive\2020\05\MARS_20200513_170219.wav,true,2020-05-26T20:45:10.821
\\atlas.shore.mbari.org\PAM_Archive\2020\05\MARS_20200513_171219.wav,true,2020-05-26T20:45:30.521
\\atlas.shore.mbari.org\PAM_Archive\2020\05\MARS_20200513_172219.wav,true,2020-05-26T20:45:31.035
\\atlas.shore.mbari.org\PAM_Archive\2020\05\MARS_20200513_173219.wav,true,2020-05-26T20:45:51.905
\\atlas.shore.mbari.org\PAM_Archive\2020\05\MARS_20200513_174219.wav,true,2020-05-26T20:45:52.209
\\atlas.shore.mbari.org\PAM_Archive\2020\05\MARS_20200513_175219.wav,true,2020-05-26T20:46:11.935
\\atlas.shore.mbari.org\PAM_Archive\2020\05\MARS_20200513_180219.wav,true,2020-05-26T20:46:16.599
\\atlas.shore.mbari.org\PAM_Archive\2020\05\MARS_20200513_181219.wav,true,2020-05-26T20:46:32.402
\\atlas.shore.mbari.org\PAM_Archive\2020\05\MARS_20200513_182219.wav,true,2020-05-26T20:46:36.556
\\atlas.shore.mbari.org\PAM_Archive\2020\05\MARS_20200513_183219.wav,true,2020-05-26T20:46:53.719
\\atlas.shore.mbari.org\PAM_Archive\2020\05\MARS_20200513_184219.wav,true,2020-05-26T20:46:57.991
\\atlas.shore.mbari.org\PAM_Archive\2020\05\MARS_20200513_185219.wav,true,2020-05-26T20:47:13.531
\\atlas.shore.mbari.org\PAM_Archive\2020\05\MARS_20200513_190219.wav,true,2020-05-26T20:47:18.248
\\atlas.shore.mbari.org\PAM_Archive\2020\05\MARS_20200513_191219.wav,true,2020-05-26T20:47:33.487
\\atlas.shore.mbari.org\PAM_Archive\2020\05\MARS_20200513_192219.wav,true,2020-05-26T20:47:38.251
\\atlas.shore.mbari.org\PAM_Archive\2020\05\MARS_20200513_193219.wav,true,2020-05-26T20:47:55.015
\\atlas.shore.mbari.org\PAM_Archive\2020\05\MARS_20200513_194219.wav,true,2020-05-26T20:47:58.52
\\atlas.shore.mbari.org\PAM_Archive\2020\05\MARS_20200513_195219.wav,true,2020-05-26T20:48:14.64
\\atlas.shore.mbari.org\PAM_Archive\2020\05\MARS_20200513_200219.wav,true,2020-05-26T20:48:19.232
\\atlas.shore.mbari.org\PAM_Archive\2020\05\MARS_20200513_201219.wav,true,2020-05-26T20:48:35.646
\\atlas.shore.mbari.org\PAM_Archive\2020\05\MARS_20200513_202219.wav,true,2020-05-26T20:48:39.776
\\atlas.shore.mbari.org\PAM_Archive\2020\05\MARS_20200513_203219.wav,true,2020-05-26T20:48:55.307
\\atlas.shore.mbari.org\PAM_Archive\2020\05\MARS_20200513_204219.wav,true,2020-05-26T20:49:00.755
\\atlas.shore.mbari.org\PAM_Archive\2020\05\MARS_20200513_205219.wav,true,2020-05-26T20:49:17.47
\\atlas.shore.mbari.org\PAM_Archive\2020\05\MARS_20200513_210219.wav,true,2020-05-26T20:49:20.834
\\atlas.shore.mbari.org\PAM_Archive\2020\05\MARS_20200513_211219.wav,true,2020-05-26T20:49:38.114
\\atlas.shore.mbari.org\PAM_Archive\2020\05\MARS_20200513_212219.wav,true,2020-05-26T20:49:42.295
\\atlas.shore.mbari.org\PAM_Archive\2020\05\MARS_20200513_213219.wav,true,2020-05-26T20:49:58.785
\\atlas.shore.mbari.org\PAM_Archive\2020\05\MARS_20200513_214219.wav,true,2020-05-26T20:50:02.879
\\atlas.shore.mbari.org\PAM_Archive\2020\05\MARS_20200513_215219.wav,true,2020-05-26T20:50:19.331
\\atlas.shore.mbari.org\PAM_Archive\2020\05\MARS_20200513_220219.wav,true,2020-05-26T20:50:23.076
\\atlas.shore.mbari.org\PAM_Archive\2020\05\MARS_20200513_221219.wav,true,2020-05-26T20:50:39.439
\\atlas.shore.mbari.org\PAM_Archive\2020\05\MARS_20200513_222219.wav,true,2020-05-26T20:50:43.343
\\atlas.shore.mbari.org\PAM_Archive\2020\05\MARS_20200513_223219.wav,true,2020-05-26T20:50:59.676
\\atlas.shore.mbari.org\PAM_Archive\2020\05\MARS_20200513_224219.wav,true,2020-05-26T20:51:03.515
\\atlas.shore.mbari.org\PAM_Archive\2020\05\MARS_20200513_225219.wav,true,2020-05-26T20:51:20.092
\\atlas.shore.mbari.org\PAM_Archive\2020\05\MARS_20200513_230219.wav,true,2020-05-26T20:51:23.512
\\atlas.shore.mbari.org\PAM_Archive\2020\05\MARS_20200513_231219.wav,true,2020-05-26T20:51:39.28
\\atlas.shore.mbari.org\PAM_Archive\2020\05\MARS_20200513_232219.wav,true,2020-05-26T20:51:44.7
\\atlas.shore.mbari.org\PAM_Archive\2020\05\MARS_20200513_233219.wav,true,2020-05-26T20:52:00.419
\\atlas.shore.mbari.org\PAM_Archive\2020\05\MARS_20200513_234219.wav,true,2020-05-26T20:52:05.325
\\atlas.shore.mbari.org\PAM_Archive\2020\05\MARS_20200513_235219.wav,true,2020-05-26T20:52:20.054
\\atlas.shore.mbari.org\PAM_Archive\2020\05\MARS_20200514_000219.wav,true,2020-05-26T20:52:26.634
\\atlas.shore.mbari.org\PAM_Archive\2020\05\MARS_20200514_001219.wav,true,2020-05-26T20:52:40.501
\\atlas.shore.mbari.org\PAM_Archive\2020\05\MARS_20200514_002219.wav,true,2020-05-26T20:52:47.124
\\atlas.shore.mbari.org\PAM_Archive\2020\05\MARS_20200514_003219.wav,true,2020-05-26T20:53:00.627
\\atlas.shore.mbari.org\PAM_Archive\2020\05\MARS_20200514_004219.wav,true,2020-05-26T20:53:08.632
\\atlas.shore.mbari.org\PAM_Archive\2020\05\MARS_20200514_005219.wav,true,2020-05-26T20:53:21.812
\\atlas.shore.mbari.org\PAM_Archive\2020\05\MARS_20200514_010219.wav,true,2020-05-26T20:53:29.112
\\atlas.shore.mbari.org\PAM_Archive\2020\05\MARS_20200514_011219.wav,true,2020-05-26T20:53:42.374
\\atlas.shore.mbari.org\PAM_Archive\2020\05\MARS_20200514_012219.wav,true,2020-05-26T20:53:49.873
\\atlas.shore.mbari.org\PAM_Archive\2020\05\MARS_20200514_013219.wav,true,2020-05-26T20:54:03.211
\\atlas.shore.mbari.org\PAM_Archive\2020\05\MARS_20200514_014219.wav,true,2020-05-26T20:54:10.818
\\atlas.shore.mbari.org\PAM_Archive\2020\05\MARS_20200514_015219.wav,true,2020-05-26T20:54:24.367
\\atlas.shore.mbari.org\PAM_Archive\2020\05\MARS_20200514_020219.wav,true,2020-05-26T20:54:33.036
\\atlas.shore.mbari.org\PAM_Archive\2020\05\MARS_20200514_021219.wav,true,2020-05-26T20:54:43.148
\\atlas.shore.mbari.org\PAM_Archive\2020\05\MARS_20200514_022219.wav,true,2020-05-26T20:54:52.338
\\atlas.shore.mbari.org\PAM_Archive\2020\05\MARS_20200514_023219.wav,true,2020-05-26T20:55:04.173
\\atlas.shore.mbari.org\PAM_Archive\2020\05\MARS_20200514_024219.wav,true,2020-05-26T20:55:12.395
\\atlas.shore.mbari.org\PAM_Archive\2020\05\MARS_20200514_025219.wav,true,2020-05-26T20:55:24.686
\\atlas.shore.mbari.org\PAM_Archive\2020\05\MARS_20200514_030219.wav,true,2020-05-26T20:55:32.628
\\atlas.shore.mbari.org\PAM_Archive\2020\05\MARS_20200514_031219.wav,true,2020-05-26T20:55:44.173
\\atlas.shore.mbari.org\PAM_Archive\2020\05\MARS_20200514_032219.wav,true,2020-05-26T20:55:53.387
\\atlas.shore.mbari.org\PAM_Archive\2020\05\MARS_20200514_033219.wav,true,2020-05-26T20:56:05.131
\\atlas.shore.mbari.org\PAM_Archive\2020\05\MARS_20200514_034219.wav,true,2020-05-26T20:56:14.593
\\atlas.shore.mbari.org\PAM_Archive\2020\05\MARS_20200514_035219.wav,true,2020-05-26T20:56:25.422
\\atlas.shore.mbari.org\PAM_Archive\2020\05\MARS_20200514_040219.wav,true,2020-05-26T20:56:35.329
\\atlas.shore.mbari.org\PAM_Archive\2020\05\MARS_20200514_041219.wav,true,2020-05-26T20:56:45.76
\\atlas.shore.mbari.org\PAM_Archive\2020\05\MARS_20200514_042219.wav,true,2020-05-26T20:56:55.833
\\atlas.shore.mbari.org\PAM_Archive\2020\05\MARS_20200514_043219.wav,true,2020-05-26T20:57:05.54
\\atlas.shore.mbari.org\PAM_Archive\2020\05\MARS_20200514_044219.wav,true,2020-05-26T20:57:16.194
\\atlas.shore.mbari.org\PAM_Archive\2020\05\MARS_20200514_045219.wav,true,2020-05-26T20:57:26.009
\\atlas.shore.mbari.org\PAM_Archive\2020\05\MARS_20200514_050219.wav,true,2020-05-26T20:57:36.267
\\atlas.shore.mbari.org\PAM_Archive\2020\05\MARS_20200514_051219.wav,true,2020-05-26T20:57:46.348
\\atlas.shore.mbari.org\PAM_Archive\2020\05\MARS_20200514_052219.wav,true,2020-05-26T20:57:58.189
\\atlas.shore.mbari.org\PAM_Archive\2020\05\MARS_20200514_053219.wav,true,2020-05-26T20:58:07.348
\\atlas.shore.mbari.org\PAM_Archive\2020\05\MARS_20200514_054219.wav,true,2020-05-26T20:58:18.192
\\atlas.shore.mbari.org\PAM_Archive\2020\05\MARS_20200514_055219.wav,true,2020-05-26T20:58:28.26
\\atlas.shore.mbari.org\PAM_Archive\2020\05\MARS_20200514_060219.wav,true,2020-05-26T20:58:39.568
\\atlas.shore.mbari.org\PAM_Archive\2020\05\MARS_20200514_061219.wav,true,2020-05-26T20:58:48.19
\\atlas.shore.mbari.org\PAM_Archive\2020\05\MARS_20200514_062219.wav,true,2020-05-26T20:59:00.791
\\atlas.shore.mbari.org\PAM_Archive\2020\05\MARS_20200514_063219.wav,true,2020-05-26T20:59:09.688
\\atlas.shore.mbari.org\PAM_Archive\2020\05\MARS_20200514_064219.wav,true,2020-05-26T20:59:20.841
\\atlas.shore.mbari.org\PAM_Archive\2020\05\MARS_20200514_065219.wav,true,2020-05-26T20:59:29.991
\\atlas.shore.mbari.org\PAM_Archive\2020\05\MARS_20200514_070219.wav,true,2020-05-26T20:59:42.3
\\atlas.shore.mbari.org\PAM_Archive\2020\05\MARS_20200514_071219.wav,true,2020-05-26T20:59:51.281
\\atlas.shore.mbari.org\PAM_Archive\2020\05\MARS_20200514_072219.wav,true,2020-05-26T21:00:03.707
\\atlas.shore.mbari.org\PAM_Archive\2020\05\MARS_20200514_073219.wav,true,2020-05-26T21:00:13.426
\\atlas.shore.mbari.org\PAM_Archive\2020\05\MARS_20200514_074219.wav,true,2020-05-26T21:00:25.374
\\atlas.shore.mbari.org\PAM_Archive\2020\05\MARS_20200514_075219.wav,true,2020-05-26T21:00:34.985
\\atlas.shore.mbari.org\PAM_Archive\2020\05\MARS_20200514_080219.wav,true,2020-05-26T21:00:46.738
\\atlas.shore.mbari.org\PAM_Archive\2020\05\MARS_20200514_081219.wav,true,2020-05-26T21:00:56.751
\\atlas.shore.mbari.org\PAM_Archive\2020\05\MARS_20200514_082219.wav,true,2020-05-26T21:01:07.918
\\atlas.shore.mbari.org\PAM_Archive\2020\05\MARS_20200514_083219.wav,true,2020-05-26T21:01:17.133
\\atlas.shore.mbari.org\PAM_Archive\2020\05\MARS_20200514_084219.wav,true,2020-05-26T21:01:30.472
\\atlas.shore.mbari.org\PAM_Archive\2020\05\MARS_20200514_085219.wav,true,2020-05-26T21:01:39.863
\\atlas.shore.mbari.org\PAM_Archive\2020\05\MARS_20200514_090219.wav,true,2020-05-26T21:01:52.083
\\atlas.shore.mbari.org\PAM_Archive\2020\05\MARS_20200514_091219.wav,true,2020-05-26T21:02:01.487
\\atlas.shore.mbari.org\PAM_Archive\2020\05\MARS_20200514_092219.wav,true,2020-05-26T21:02:14.423
\\atlas.shore.mbari.org\PAM_Archive\2020\05\MARS_20200514_093219.wav,true,2020-05-26T21:02:24.389
\\atlas.shore.mbari.org\PAM_Archive\2020\05\MARS_20200514_094219.wav,true,2020-05-26T21:02:37.23
\\atlas.shore.mbari.org\PAM_Archive\2020\05\MARS_20200514_095219.wav,true,2020-05-26T21:02:46.334
\\atlas.shore.mbari.org\PAM_Archive\2020\05\MARS_20200514_100219.wav,true,2020-05-26T21:02:58.278
\\atlas.shore.mbari.org\PAM_Archive\2020\05\MARS_20200514_101219.wav,true,2020-05-26T21:03:06.59
\\atlas.shore.mbari.org\PAM_Archive\2020\05\MARS_20200514_102219.wav,true,2020-05-26T21:03:17.93
\\atlas.shore.mbari.org\PAM_Archive\2020\05\MARS_20200514_103219.wav,true,2020-05-26T21:03:27.505
\\atlas.shore.mbari.org\PAM_Archive\2020\05\MARS_20200514_104219.wav,true,2020-05-26T21:03:37.536
\\atlas.shore.mbari.org\PAM_Archive\2020\05\MARS_20200514_105219.wav,true,2020-05-26T21:03:48.418
\\atlas.shore.mbari.org\PAM_Archive\2020\05\MARS_20200514_110219.wav,true,2020-05-26T21:03:57.781
\\atlas.shore.mbari.org\PAM_Archive\2020\05\MARS_20200514_111219.wav,true,2020-05-26T21:04:08.698
\\atlas.shore.mbari.org\PAM_Archive\2020\05\MARS_20200514_112219.wav,true,2020-05-26T21:04:19.532
\\atlas.shore.mbari.org\PAM_Archive\2020\05\MARS_20200514_113219.wav,true,2020-05-26T21:04:30.01
\\atlas.shore.mbari.org\PAM_Archive\2020\05\MARS_20200514_114219.wav,true,2020-05-26T21:04:38.858
\\atlas.shore.mbari.org\PAM_Archive\2020\05\MARS_20200514_115219.wav,true,2020-05-26T21:04:49.699
\\atlas.shore.mbari.org\PAM_Archive\2020\05\MARS_20200514_120219.wav,true,2020-05-26T21:04:58.647
\\atlas.shore.mbari.org\PAM_Archive\2020\05\MARS_20200514_121219.wav,true,2020-05-26T21:05:11.172
\\atlas.shore.mbari.org\PAM_Archive\2020\05\MARS_20200514_122219.wav,true,2020-05-26T21:05:18.035
\\atlas.shore.mbari.org\PAM_Archive\2020\05\MARS_20200514_123219.wav,true,2020-05-26T21:05:31.467
\\atlas.shore.mbari.org\PAM_Archive\2020\05\MARS_20200514_124219.wav,true,2020-05-26T21:05:38.043
\\atlas.shore.mbari.org\PAM_Archive\2020\05\MARS_20200514_125219.wav,true,2020-05-26T21:05:52.31
\\atlas.shore.mbari.org\PAM_Archive\2020\05\MARS_20200514_130219.wav,true,2020-05-26T21:05:57.346
\\atlas.shore.mbari.org\PAM_Archive\2020\05\MARS_20200514_131219.wav,true,2020-05-26T21:06:12.42
\\atlas.shore.mbari.org\PAM_Archive\2020\05\MARS_20200514_132219.wav,true,2020-05-26T21:06:18.116
\\atlas.shore.mbari.org\PAM_Archive\2020\05\MARS_20200514_133219.wav,true,2020-05-26T21:06:33.225
\\atlas.shore.mbari.org\PAM_Archive\2020\05\MARS_20200514_134219.wav,true,2020-05-26T21:06:37.956
\\atlas.shore.mbari.org\PAM_Archive\2020\05\MARS_20200514_135219.wav,true,2020-05-26T21:06:53.162
\\atlas.shore.mbari.org\PAM_Archive\2020\05\MARS_20200514_140219.wav,true,2020-05-26T21:06:58.114
\\atlas.shore.mbari.org\PAM_Archive\2020\05\MARS_20200514_141219.wav,true,2020-05-26T21:07:13.193
\\atlas.shore.mbari.org\PAM_Archive\2020\05\MARS_20200514_142219.wav,true,2020-05-26T21:07:19.792
\\atlas.shore.mbari.org\PAM_Archive\2020\05\MARS_20200514_143219.wav,true,2020-05-26T21:07:33.39
\\atlas.shore.mbari.org\PAM_Archive\2020\05\MARS_20200514_144219.wav,true,2020-05-26T21:07:40.13
\\atlas.shore.mbari.org\PAM_Archive\2020\05\MARS_20200514_145219.wav,true,2020-05-26T21:07:53.616
\\atlas.shore.mbari.org\PAM_Archive\2020\05\MARS_20200514_150219.wav,true,2020-05-26T21:08:00.449
\\atlas.shore.mbari.org\PAM_Archive\2020\05\MARS_20200514_151219.wav,true,2020-05-26T21:08:14.647
\\atlas.shore.mbari.org\PAM_Archive\2020\05\MARS_20200514_152219.wav,true,2020-05-26T21:08:21.12
\\atlas.shore.mbari.org\PAM_Archive\2020\05\MARS_20200514_153219.wav,true,2020-05-26T21:08:34.022
\\atlas.shore.mbari.org\PAM_Archive\2020\05\MARS_20200514_154219.wav,true,2020-05-26T21:08:41.385
\\atlas.shore.mbari.org\PAM_Archive\2020\05\MARS_20200514_155219.wav,true,2020-05-26T21:08:53.903
\\atlas.shore.mbari.org\PAM_Archive\2020\05\MARS_20200514_160219.wav,true,2020-05-26T21:08:59.889
\\atlas.shore.mbari.org\PAM_Archive\2020\05\MARS_20200514_161219.wav,true,2020-05-26T21:09:14.701
\\atlas.shore.mbari.org\PAM_Archive\2020\05\MARS_20200514_162219.wav,true,2020-05-26T21:09:18.957
\\atlas.shore.mbari.org\PAM_Archive\2020\05\MARS_20200514_163219.wav,true,2020-05-26T21:09:33.594
\\atlas.shore.mbari.org\PAM_Archive\2020\05\MARS_20200514_164219.wav,true,2020-05-26T21:09:38.464
\\atlas.shore.mbari.org\PAM_Archive\2020\05\MARS_20200514_165219.wav,true,2020-05-26T21:09:57.012
\\atlas.shore.mbari.org\PAM_Archive\2020\05\MARS_20200514_170219.wav,true,2020-05-26T21:09:59.471
\\atlas.shore.mbari.org\PAM_Archive\2020\05\MARS_20200514_171219.wav,true,2020-05-26T21:10:18.386
\\atlas.shore.mbari.org\PAM_Archive\2020\05\MARS_20200514_172219.wav,true,2020-05-26T21:10:19.483
\\atlas.shore.mbari.org\PAM_Archive\2020\05\MARS_20200514_173219.wav,true,2020-05-26T21:10:39.419
\\atlas.shore.mbari.org\PAM_Archive\2020\05\MARS_20200514_174219.wav,true,2020-05-26T21:10:39.709
\\atlas.shore.mbari.org\PAM_Archive\2020\05\MARS_20200514_175219.wav,true,2020-05-26T21:10:59.643
\\atlas.shore.mbari.org\PAM_Archive\2020\05\MARS_20200514_180219.wav,true,2020-05-26T21:11:00.098
\\atlas.shore.mbari.org\PAM_Archive\2020\05\MARS_20200514_181219.wav,true,2020-05-26T21:11:21.044
\\atlas.shore.mbari.org\PAM_Archive\2020\05\MARS_20200514_182219.wav,true,2020-05-26T21:11:21.002
\\atlas.shore.mbari.org\PAM_Archive\2020\05\MARS_20200514_183219.wav,true,2020-05-26T21:11:42.327
\\atlas.shore.mbari.org\PAM_Archive\2020\05\MARS_20200514_184219.wav,true,2020-05-26T21:11:42.633
\\atlas.shore.mbari.org\PAM_Archive\2020\05\MARS_20200514_185219.wav,true,2020-05-26T21:12:03.992
\\atlas.shore.mbari.org\PAM_Archive\2020\05\MARS_20200514_190219.wav,true,2020-05-26T21:12:02.984
\\atlas.shore.mbari.org\PAM_Archive\2020\05\MARS_20200514_191219.wav,true,2020-05-26T21:12:22.947
\\atlas.shore.mbari.org\PAM_Archive\2020\05\MARS_20200514_192219.wav,true,2020-05-26T21:12:25.389
\\atlas.shore.mbari.org\PAM_Archive\2020\05\MARS_20200514_193219.wav,true,2020-05-26T21:12:44.098
\\atlas.shore.mbari.org\PAM_Archive\2020\05\MARS_20200514_194219.wav,true,2020-05-26T21:12:45.219
\\atlas.shore.mbari.org\PAM_Archive\2020\05\MARS_20200514_195219.wav,true,2020-05-26T21:13:04.921
\\atlas.shore.mbari.org\PAM_Archive\2020\05\MARS_20200514_200219.wav,true,2020-05-26T21:13:06.182
\\atlas.shore.mbari.org\PAM_Archive\2020\05\MARS_20200514_201219.wav,true,2020-05-26T21:13:25.788
\\atlas.shore.mbari.org\PAM_Archive\2020\05\MARS_20200514_202219.wav,true,2020-05-26T21:13:27.598
\\atlas.shore.mbari.org\PAM_Archive\2020\05\MARS_20200514_203219.wav,true,2020-05-26T21:13:46.304
\\atlas.shore.mbari.org\PAM_Archive\2020\05\MARS_20200514_204219.wav,true,2020-05-26T21:13:47.684
\\atlas.shore.mbari.org\PAM_Archive\2020\05\MARS_20200514_205219.wav,true,2020-05-26T21:14:06.438
\\atlas.shore.mbari.org\PAM_Archive\2020\05\MARS_20200514_210219.wav,true,2020-05-26T21:14:07.397
\\atlas.shore.mbari.org\PAM_Archive\2020\05\MARS_20200514_211219.wav,true,2020-05-26T21:14:28.271
\\atlas.shore.mbari.org\PAM_Archive\2020\05\MARS_20200514_212219.wav,true,2020-05-26T21:14:28.194
\\atlas.shore.mbari.org\PAM_Archive\2020\05\MARS_20200514_213219.wav,true,2020-05-26T21:14:49.867
\\atlas.shore.mbari.org\PAM_Archive\2020\05\MARS_20200514_214219.wav,true,2020-05-26T21:14:49.991
\\atlas.shore.mbari.org\PAM_Archive\2020\05\MARS_20200514_215219.wav,true,2020-05-26T21:15:11.792
\\atlas.shore.mbari.org\PAM_Archive\2020\05\MARS_20200514_220219.wav,true,2020-05-26T21:15:10.422
\\atlas.shore.mbari.org\PAM_Archive\2020\05\MARS_20200514_221219.wav,true,2020-05-26T21:15:30.622
\\atlas.shore.mbari.org\PAM_Archive\2020\05\MARS_20200514_222219.wav,true,2020-05-26T21:15:32.305
\\atlas.shore.mbari.org\PAM_Archive\2020\05\MARS_20200514_223219.wav,true,2020-05-26T21:15:50.574
\\atlas.shore.mbari.org\PAM_Archive\2020\05\MARS_20200514_224219.wav,true,2020-05-26T21:15:53.48
\\atlas.shore.mbari.org\PAM_Archive\2020\05\MARS_20200514_225219.wav,true,2020-05-26T21:16:10.828
\\atlas.shore.mbari.org\PAM_Archive\2020\05\MARS_20200514_230219.wav,true,2020-05-26T21:16:13.28
\\atlas.shore.mbari.org\PAM_Archive\2020\05\MARS_20200514_231219.wav,true,2020-05-26T21:16:32.009
\\atlas.shore.mbari.org\PAM_Archive\2020\05\MARS_20200514_232219.wav,true,2020-05-26T21:16:33.323
\\atlas.shore.mbari.org\PAM_Archive\2020\05\MARS_20200514_233219.wav,true,2020-05-26T21:16:52.102
\\atlas.shore.mbari.org\PAM_Archive\2020\05\MARS_20200514_234219.wav,true,2020-05-26T21:16:53.709
\\atlas.shore.mbari.org\PAM_Archive\2020\05\MARS_20200514_235219.wav,true,2020-05-26T21:17:13.124
\\atlas.shore.mbari.org\PAM_Archive\2020\05\MARS_20200515_000219.wav,true,2020-05-26T21:17:13.95
\\atlas.shore.mbari.org\PAM_Archive\2020\05\MARS_20200515_001219.wav,true,2020-05-26T21:17:33.322
\\atlas.shore.mbari.org\PAM_Archive\2020\05\MARS_20200515_002219.wav,true,2020-05-26T21:17:35.312
\\atlas.shore.mbari.org\PAM_Archive\2020\05\MARS_20200515_003219.wav,true,2020-05-26T21:17:53.788
\\atlas.shore.mbari.org\PAM_Archive\2020\05\MARS_20200515_004219.wav,true,2020-05-26T21:17:54.409
\\atlas.shore.mbari.org\PAM_Archive\2020\05\MARS_20200515_005219.wav,true,2020-05-26T21:18:15.177
\\atlas.shore.mbari.org\PAM_Archive\2020\05\MARS_20200515_010219.wav,true,2020-05-26T21:18:15.358
\\atlas.shore.mbari.org\PAM_Archive\2020\05\MARS_20200515_011219.wav,true,2020-05-26T21:18:36.235
\\atlas.shore.mbari.org\PAM_Archive\2020\05\MARS_20200515_012219.wav,true,2020-05-26T21:18:35.904
\\atlas.shore.mbari.org\PAM_Archive\2020\05\MARS_20200515_013219.wav,true,2020-05-26T21:18:55.255
\\atlas.shore.mbari.org\PAM_Archive\2020\05\MARS_20200515_014219.wav,true,2020-05-26T21:18:56.771
\\atlas.shore.mbari.org\PAM_Archive\2020\05\MARS_20200515_015219.wav,true,2020-05-26T21:19:15.564
\\atlas.shore.mbari.org\PAM_Archive\2020\05\MARS_20200515_020219.wav,true,2020-05-26T21:19:17.537
\\atlas.shore.mbari.org\PAM_Archive\2020\05\MARS_20200515_021219.wav,true,2020-05-26T21:19:37.43
\\atlas.shore.mbari.org\PAM_Archive\2020\05\MARS_20200515_022219.wav,true,2020-05-26T21:19:39.324
\\atlas.shore.mbari.org\PAM_Archive\2020\05\MARS_20200515_023219.wav,true,2020-05-26T21:19:58.438
\\atlas.shore.mbari.org\PAM_Archive\2020\05\MARS_20200515_024219.wav,true,2020-05-26T21:20:01.685
\\atlas.shore.mbari.org\PAM_Archive\2020\05\MARS_20200515_025219.wav,true,2020-05-26T21:20:18.969
\\atlas.shore.mbari.org\PAM_Archive\2020\05\MARS_20200515_030219.wav,true,2020-05-26T21:20:21.729
\\atlas.shore.mbari.org\PAM_Archive\2020\05\MARS_20200515_031219.wav,true,2020-05-26T21:20:39.828
\\atlas.shore.mbari.org\PAM_Archive\2020\05\MARS_20200515_032219.wav,true,2020-05-26T21:20:42.545
\\atlas.shore.mbari.org\PAM_Archive\2020\05\MARS_20200515_033219.wav,true,2020-05-26T21:20:59.695
\\atlas.shore.mbari.org\PAM_Archive\2020\05\MARS_20200515_034219.wav,true,2020-05-26T21:21:02.524
\\atlas.shore.mbari.org\PAM_Archive\2020\05\MARS_20200515_035219.wav,true,2020-05-26T21:21:19.221
\\atlas.shore.mbari.org\PAM_Archive\2020\05\MARS_20200515_040219.wav,true,2020-05-26T21:21:23.527
\\atlas.shore.mbari.org\PAM_Archive\2020\05\MARS_20200515_041219.wav,true,2020-05-26T21:21:39.512
\\atlas.shore.mbari.org\PAM_Archive\2020\05\MARS_20200515_042219.wav,true,2020-05-26T21:21:45.305
\\atlas.shore.mbari.org\PAM_Archive\2020\05\MARS_20200515_043219.wav,true,2020-05-26T21:21:59.872
\\atlas.shore.mbari.org\PAM_Archive\2020\05\MARS_20200515_044219.wav,true,2020-05-26T21:22:06.493
\\atlas.shore.mbari.org\PAM_Archive\2020\05\MARS_20200515_045219.wav,true,2020-05-26T21:22:19.999
\\atlas.shore.mbari.org\PAM_Archive\2020\05\MARS_20200515_050219.wav,true,2020-05-26T21:22:26.619
\\atlas.shore.mbari.org\PAM_Archive\2020\05\MARS_20200515_051219.wav,true,2020-05-26T21:22:39.448
\\atlas.shore.mbari.org\PAM_Archive\2020\05\MARS_20200515_052219.wav,true,2020-05-26T21:22:46.969
\\atlas.shore.mbari.org\PAM_Archive\2020\05\MARS_20200515_053219.wav,true,2020-05-26T21:22:59.422
\\atlas.shore.mbari.org\PAM_Archive\2020\05\MARS_20200515_054219.wav,true,2020-05-26T21:23:08.659
\\atlas.shore.mbari.org\PAM_Archive\2020\05\MARS_20200515_055219.wav,true,2020-05-26T21:23:19.268
\\atlas.shore.mbari.org\PAM_Archive\2020\05\MARS_20200515_060219.wav,true,2020-05-26T21:23:28.482
\\atlas.shore.mbari.org\PAM_Archive\2020\05\MARS_20200515_061219.wav,true,2020-05-26T21:23:39.613
\\atlas.shore.mbari.org\PAM_Archive\2020\05\MARS_20200515_062219.wav,true,2020-05-26T21:23:49.378
\\atlas.shore.mbari.org\PAM_Archive\2020\05\MARS_20200515_063219.wav,true,2020-05-26T21:23:59.757
\\atlas.shore.mbari.org\PAM_Archive\2020\05\MARS_20200515_064219.wav,true,2020-05-26T21:24:09.184
\\atlas.shore.mbari.org\PAM_Archive\2020\05\MARS_20200515_065219.wav,true,2020-05-26T21:24:19.386
\\atlas.shore.mbari.org\PAM_Archive\2020\05\MARS_20200515_070219.wav,true,2020-05-26T21:24:29.41
\\atlas.shore.mbari.org\PAM_Archive\2020\05\MARS_20200515_071219.wav,true,2020-05-26T21:24:39.605
\\atlas.shore.mbari.org\PAM_Archive\2020\05\MARS_20200515_072219.wav,true,2020-05-26T21:24:48.668
\\atlas.shore.mbari.org\PAM_Archive\2020\05\MARS_20200515_073219.wav,true,2020-05-26T21:24:59.753
\\atlas.shore.mbari.org\PAM_Archive\2020\05\MARS_20200515_074219.wav,true,2020-05-26T21:25:08.302
\\atlas.shore.mbari.org\PAM_Archive\2020\05\MARS_20200515_075219.wav,true,2020-05-26T21:25:20.127
\\atlas.shore.mbari.org\PAM_Archive\2020\05\MARS_20200515_080219.wav,true,2020-05-26T21:25:29.84
\\atlas.shore.mbari.org\PAM_Archive\2020\05\MARS_20200515_081219.wav,true,2020-05-26T21:25:41.555
\\atlas.shore.mbari.org\PAM_Archive\2020\05\MARS_20200515_082219.wav,true,2020-05-26T21:25:50.789
\\atlas.shore.mbari.org\PAM_Archive\2020\05\MARS_20200515_083219.wav,true,2020-05-26T21:26:03.215
\\atlas.shore.mbari.org\PAM_Archive\2020\05\MARS_20200515_084219.wav,true,2020-05-26T21:26:10.088
\\atlas.shore.mbari.org\PAM_Archive\2020\05\MARS_20200515_085219.wav,true,2020-05-26T21:26:24.599
\\atlas.shore.mbari.org\PAM_Archive\2020\05\MARS_20200515_090219.wav,true,2020-05-26T21:26:29.265
\\atlas.shore.mbari.org\PAM_Archive\2020\05\MARS_20200515_091219.wav,true,2020-05-26T21:26:46.782
\\atlas.shore.mbari.org\PAM_Archive\2020\05\MARS_20200515_092219.wav,true,2020-05-26T21:26:50.412
\\atlas.shore.mbari.org\PAM_Archive\2020\05\MARS_20200515_093219.wav,true,2020-05-26T21:27:06.086
\\atlas.shore.mbari.org\PAM_Archive\2020\05\MARS_20200515_094219.wav,true,2020-05-26T21:27:10.402
\\atlas.shore.mbari.org\PAM_Archive\2020\05\MARS_20200515_095219.wav,true,2020-05-26T21:27:28.165
\\atlas.shore.mbari.org\PAM_Archive\2020\05\MARS_20200515_100219.wav,true,2020-05-26T21:27:30.088
\\atlas.shore.mbari.org\PAM_Archive\2020\05\MARS_20200515_101219.wav,true,2020-05-26T21:27:47.489
\\atlas.shore.mbari.org\PAM_Archive\2020\05\MARS_20200515_102219.wav,true,2020-05-26T21:27:51.235
\\atlas.shore.mbari.org\PAM_Archive\2020\05\MARS_20200515_103219.wav,true,2020-05-26T21:28:07.618
\\atlas.shore.mbari.org\PAM_Archive\2020\05\MARS_20200515_104219.wav,true,2020-05-26T21:28:10.656
\\atlas.shore.mbari.org\PAM_Archive\2020\05\MARS_20200515_105219.wav,true,2020-05-26T21:28:27.511
\\atlas.shore.mbari.org\PAM_Archive\2020\05\MARS_20200515_110219.wav,true,2020-05-26T21:28:31.175
\\atlas.shore.mbari.org\PAM_Archive\2020\05\MARS_20200515_111219.wav,true,2020-05-26T21:28:47.886
\\atlas.shore.mbari.org\PAM_Archive\2020\05\MARS_20200515_112219.wav,true,2020-05-26T21:28:50.811
\\atlas.shore.mbari.org\PAM_Archive\2020\05\MARS_20200515_113219.wav,true,2020-05-26T21:29:07.498
\\atlas.shore.mbari.org\PAM_Archive\2020\05\MARS_20200515_114219.wav,true,2020-05-26T21:29:11.672
\\atlas.shore.mbari.org\PAM_Archive\2020\05\MARS_20200515_115219.wav,true,2020-05-26T21:29:26.49
\\atlas.shore.mbari.org\PAM_Archive\2020\05\MARS_20200515_120219.wav,true,2020-05-26T21:29:31.844
\\atlas.shore.mbari.org\PAM_Archive\2020\05\MARS_20200515_121219.wav,true,2020-05-26T21:29:46.07
\\atlas.shore.mbari.org\PAM_Archive\2020\05\MARS_20200515_122219.wav,true,2020-05-26T21:29:51.253
\\atlas.shore.mbari.org\PAM_Archive\2020\05\MARS_20200515_123219.wav,true,2020-05-26T21:30:05.893
\\atlas.shore.mbari.org\PAM_Archive\2020\05\MARS_20200515_124219.wav,true,2020-05-26T21:30:10.812
\\atlas.shore.mbari.org\PAM_Archive\2020\05\MARS_20200515_125219.wav,true,2020-05-26T21:30:26.029
\\atlas.shore.mbari.org\PAM_Archive\2020\05\MARS_20200515_130219.wav,true,2020-05-26T21:30:28.924
\\atlas.shore.mbari.org\PAM_Archive\2020\05\MARS_20200515_131219.wav,true,2020-05-26T21:30:44.914
\\atlas.shore.mbari.org\PAM_Archive\2020\05\MARS_20200515_132219.wav,true,2020-05-26T21:30:47.784
\\atlas.shore.mbari.org\PAM_Archive\2020\05\MARS_20200515_133219.wav,true,2020-05-26T21:31:04.38
\\atlas.shore.mbari.org\PAM_Archive\2020\05\MARS_20200515_134219.wav,true,2020-05-26T21:31:07.139
\\atlas.shore.mbari.org\PAM_Archive\2020\05\MARS_20200515_135219.wav,true,2020-05-26T21:31:23.529
\\atlas.shore.mbari.org\PAM_Archive\2020\05\MARS_20200515_140219.wav,true,2020-05-26T21:31:27.491
\\atlas.shore.mbari.org\PAM_Archive\2020\05\MARS_20200515_141219.wav,true,2020-05-26T21:31:42.422
\\atlas.shore.mbari.org\PAM_Archive\2020\05\MARS_20200515_142219.wav,true,2020-05-26T21:31:47.276
\\atlas.shore.mbari.org\PAM_Archive\2020\05\MARS_20200515_143219.wav,true,2020-05-26T21:32:02.256
\\atlas.shore.mbari.org\PAM_Archive\2020\05\MARS_20200515_144219.wav,true,2020-05-26T21:32:06.221
\\atlas.shore.mbari.org\PAM_Archive\2020\05\MARS_20200515_145219.wav,true,2020-05-26T21:32:24.042
\\atlas.shore.mbari.org\PAM_Archive\2020\05\MARS_20200515_150219.wav,true,2020-05-26T21:32:26.668
\\atlas.shore.mbari.org\PAM_Archive\2020\05\MARS_20200515_151219.wav,true,2020-05-26T21:32:42.934
\\atlas.shore.mbari.org\PAM_Archive\2020\05\MARS_20200515_152219.wav,true,2020-05-26T21:32:46.23
\\atlas.shore.mbari.org\PAM_Archive\2020\05\MARS_20200515_153219.wav,true,2020-05-26T21:33:02.439
\\atlas.shore.mbari.org\PAM_Archive\2020\05\MARS_20200515_154219.wav,true,2020-05-26T21:33:06.389
\\atlas.shore.mbari.org\PAM_Archive\2020\05\MARS_20200515_155219.wav,true,2020-05-26T21:33:22.832
\\atlas.shore.mbari.org\PAM_Archive\2020\05\MARS_20200515_160219.wav,true,2020-05-26T21:33:25.524
\\atlas.shore.mbari.org\PAM_Archive\2020\05\MARS_20200515_161219.wav,true,2020-05-26T21:33:42.16
\\atlas.shore.mbari.org\PAM_Archive\2020\05\MARS_20200515_162219.wav,true,2020-05-26T21:33:45.33
\\atlas.shore.mbari.org\PAM_Archive\2020\05\MARS_20200515_163219.wav,true,2020-05-26T21:34:02.019
\\atlas.shore.mbari.org\PAM_Archive\2020\05\MARS_20200515_164219.wav,true,2020-05-26T21:34:06.626
\\atlas.shore.mbari.org\PAM_Archive\2020\05\MARS_20200515_165219.wav,true,2020-05-26T21:34:21.34
\\atlas.shore.mbari.org\PAM_Archive\2020\05\MARS_20200515_170219.wav,true,2020-05-26T21:34:28.074
\\atlas.shore.mbari.org\PAM_Archive\2020\05\MARS_20200515_171219.wav,true,2020-05-26T21:34:40.76
\\atlas.shore.mbari.org\PAM_Archive\2020\05\MARS_20200515_172219.wav,true,2020-05-26T21:34:47.876
\\atlas.shore.mbari.org\PAM_Archive\2020\05\MARS_20200515_173219.wav,true,2020-05-26T21:35:01.56
\\atlas.shore.mbari.org\PAM_Archive\2020\05\MARS_20200515_174219.wav,true,2020-05-26T21:35:07.265
\\atlas.shore.mbari.org\PAM_Archive\2020\05\MARS_20200515_175219.wav,true,2020-05-26T21:35:21.693
\\atlas.shore.mbari.org\PAM_Archive\2020\05\MARS_20200515_180219.wav,true,2020-05-26T21:35:25.914
\\atlas.shore.mbari.org\PAM_Archive\2020\05\MARS_20200515_181219.wav,true,2020-05-26T21:35:41.019
\\atlas.shore.mbari.org\PAM_Archive\2020\05\MARS_20200515_182219.wav,true,2020-05-26T21:35:44.764
\\atlas.shore.mbari.org\PAM_Archive\2020\05\MARS_20200515_183219.wav,true,2020-05-26T21:36:01.105
\\atlas.shore.mbari.org\PAM_Archive\2020\05\MARS_20200515_184219.wav,true,2020-05-26T21:36:04.712
\\atlas.shore.mbari.org\PAM_Archive\2020\05\MARS_20200515_185219.wav,true,2020-05-26T21:36:19.914
\\atlas.shore.mbari.org\PAM_Archive\2020\05\MARS_20200515_190219.wav,true,2020-05-26T21:36:23.016
\\atlas.shore.mbari.org\PAM_Archive\2020\05\MARS_20200515_191219.wav,true,2020-05-26T21:36:39.872
\\atlas.shore.mbari.org\PAM_Archive\2020\05\MARS_20200515_192219.wav,true,2020-05-26T21:36:43.234
\\atlas.shore.mbari.org\PAM_Archive\2020\05\MARS_20200515_193219.wav,true,2020-05-26T21:36:58.694
\\atlas.shore.mbari.org\PAM_Archive\2020\05\MARS_20200515_194219.wav,true,2020-05-26T21:37:03.385
\\atlas.shore.mbari.org\PAM_Archive\2020\05\MARS_20200515_195219.wav,true,2020-05-26T21:37:19.091
\\atlas.shore.mbari.org\PAM_Archive\2020\05\MARS_20200515_200219.wav,true,2020-05-26T21:37:23.627
\\atlas.shore.mbari.org\PAM_Archive\2020\05\MARS_20200515_201219.wav,true,2020-05-26T21:37:38.929
\\atlas.shore.mbari.org\PAM_Archive\2020\05\MARS_20200515_202219.wav,true,2020-05-26T21:37:44.601
\\atlas.shore.mbari.org\PAM_Archive\2020\05\MARS_20200515_203219.wav,true,2020-05-26T21:37:58.622
\\atlas.shore.mbari.org\PAM_Archive\2020\05\MARS_20200515_204219.wav,true,2020-05-26T21:38:03.471
\\atlas.shore.mbari.org\PAM_Archive\2020\05\MARS_20200515_205219.wav,true,2020-05-26T21:38:18.987
\\atlas.shore.mbari.org\PAM_Archive\2020\05\MARS_20200515_210219.wav,true,2020-05-26T21:38:24.044
\\atlas.shore.mbari.org\PAM_Archive\2020\05\MARS_20200515_211219.wav,true,2020-05-26T21:38:38.595
\\atlas.shore.mbari.org\PAM_Archive\2020\05\MARS_20200515_212219.wav,true,2020-05-26T21:38:44.566
\\atlas.shore.mbari.org\PAM_Archive\2020\05\MARS_20200515_213219.wav,true,2020-05-26T21:38:58.682
\\atlas.shore.mbari.org\PAM_Archive\2020\05\MARS_20200515_214219.wav,true,2020-05-26T21:39:04.922
\\atlas.shore.mbari.org\PAM_Archive\2020\05\MARS_20200515_215219.wav,true,2020-05-26T21:39:18.377
\\atlas.shore.mbari.org\PAM_Archive\2020\05\MARS_20200515_220219.wav,true,2020-05-26T21:39:25.573
\\atlas.shore.mbari.org\PAM_Archive\2020\05\MARS_20200515_221219.wav,true,2020-05-26T21:39:38.661
\\atlas.shore.mbari.org\PAM_Archive\2020\05\MARS_20200515_222219.wav,true,2020-05-26T21:39:46.677
\\atlas.shore.mbari.org\PAM_Archive\2020\05\MARS_20200515_223219.wav,true,2020-05-26T21:39:59.656
\\atlas.shore.mbari.org\PAM_Archive\2020\05\MARS_20200515_224219.wav,true,2020-05-26T21:40:05.617
\\atlas.shore.mbari.org\PAM_Archive\2020\05\MARS_20200515_225219.wav,true,2020-05-26T21:40:19.897
\\atlas.shore.mbari.org\PAM_Archive\2020\05\MARS_20200515_230219.wav,true,2020-05-26T21:40:25.385
\\atlas.shore.mbari.org\PAM_Archive\2020\05\MARS_20200515_231219.wav,true,2020-05-26T21:40:40.164
\\atlas.shore.mbari.org\PAM_Archive\2020\05\MARS_20200515_232219.wav,true,2020-05-26T21:40:46.542
\\atlas.shore.mbari.org\PAM_Archive\2020\05\MARS_20200515_233219.wav,true,2020-05-26T21:40:59.776
\\atlas.shore.mbari.org\PAM_Archive\2020\05\MARS_20200515_234219.wav,true,2020-05-26T21:41:06.036
\\atlas.shore.mbari.org\PAM_Archive\2020\05\MARS_20200515_235219.wav,true,2020-05-26T21:41:19.803
\\atlas.shore.mbari.org\PAM_Archive\2020\05\MARS_20200516_000219.wav,true,2020-05-26T21:41:26.09
\\atlas.shore.mbari.org\PAM_Archive\2020\05\MARS_20200516_001219.wav,true,2020-05-26T21:41:39.426
\\atlas.shore.mbari.org\PAM_Archive\2020\05\MARS_20200516_002219.wav,true,2020-05-26T21:41:46.095
\\atlas.shore.mbari.org\PAM_Archive\2020\05\MARS_20200516_003219.wav,true,2020-05-26T21:41:58.867
\\atlas.shore.mbari.org\PAM_Archive\2020\05\MARS_20200516_004219.wav,true,2020-05-26T21:42:05.343
\\atlas.shore.mbari.org\PAM_Archive\2020\05\MARS_20200516_005219.wav,true,2020-05-26T21:42:19.788
\\atlas.shore.mbari.org\PAM_Archive\2020\05\MARS_20200516_010219.wav,true,2020-05-26T21:42:25.198
\\atlas.shore.mbari.org\PAM_Archive\2020\05\MARS_20200516_011219.wav,true,2020-05-26T21:42:40.006
\\atlas.shore.mbari.org\PAM_Archive\2020\05\MARS_20200516_012219.wav,true,2020-05-26T21:42:44.313
\\atlas.shore.mbari.org\PAM_Archive\2020\05\MARS_20200516_013219.wav,true,2020-05-26T21:42:59.239
\\atlas.shore.mbari.org\PAM_Archive\2020\05\MARS_20200516_014219.wav,true,2020-05-26T21:43:04.162
\\atlas.shore.mbari.org\PAM_Archive\2020\05\MARS_20200516_015219.wav,true,2020-05-26T21:43:19.624
\\atlas.shore.mbari.org\PAM_Archive\2020\05\MARS_20200516_020219.wav,true,2020-05-26T21:43:23.168
\\atlas.shore.mbari.org\PAM_Archive\2020\05\MARS_20200516_021219.wav,true,2020-05-26T21:43:39.025
\\atlas.shore.mbari.org\PAM_Archive\2020\05\MARS_20200516_022219.wav,true,2020-05-26T21:43:42.406
\\atlas.shore.mbari.org\PAM_Archive\2020\05\MARS_20200516_023219.wav,true,2020-05-26T21:43:59.232
\\atlas.shore.mbari.org\PAM_Archive\2020\05\MARS_20200516_024219.wav,true,2020-05-26T21:44:02.252
\\atlas.shore.mbari.org\PAM_Archive\2020\05\MARS_20200516_025219.wav,true,2020-05-26T21:44:20.326
\\atlas.shore.mbari.org\PAM_Archive\2020\05\MARS_20200516_030219.wav,true,2020-05-26T21:44:23.089
\\atlas.shore.mbari.org\PAM_Archive\2020\05\MARS_20200516_031219.wav,true,2020-05-26T21:44:40.824
\\atlas.shore.mbari.org\PAM_Archive\2020\05\MARS_20200516_032219.wav,true,2020-05-26T21:44:44.016
\\atlas.shore.mbari.org\PAM_Archive\2020\05\MARS_20200516_033219.wav,true,2020-05-26T21:45:02.562
\\atlas.shore.mbari.org\PAM_Archive\2020\05\MARS_20200516_034219.wav,true,2020-05-26T21:45:05.279
\\atlas.shore.mbari.org\PAM_Archive\2020\05\MARS_20200516_035219.wav,true,2020-05-26T21:45:23.689
\\atlas.shore.mbari.org\PAM_Archive\2020\05\MARS_20200516_040219.wav,true,2020-05-26T21:45:27.03
\\atlas.shore.mbari.org\PAM_Archive\2020\05\MARS_20200516_041219.wav,true,2020-05-26T21:45:44.306
\\atlas.shore.mbari.org\PAM_Archive\2020\05\MARS_20200516_042219.wav,true,2020-05-26T21:45:50.686
\\atlas.shore.mbari.org\PAM_Archive\2020\05\MARS_20200516_043219.wav,true,2020-05-26T21:46:03.068
\\atlas.shore.mbari.org\PAM_Archive\2020\05\MARS_20200516_044219.wav,true,2020-05-26T21:46:12.095
\\atlas.shore.mbari.org\PAM_Archive\2020\05\MARS_20200516_045219.wav,true,2020-05-26T21:46:23.791
\\atlas.shore.mbari.org\PAM_Archive\2020\05\MARS_20200516_050219.wav,true,2020-05-26T21:46:33.156
\\atlas.shore.mbari.org\PAM_Archive\2020\05\MARS_20200516_051219.wav,true,2020-05-26T21:46:43.634
\\atlas.shore.mbari.org\PAM_Archive\2020\05\MARS_20200516_052219.wav,true,2020-05-26T21:46:53.67
\\atlas.shore.mbari.org\PAM_Archive\2020\05\MARS_20200516_053219.wav,true,2020-05-26T21:47:03.685
\\atlas.shore.mbari.org\PAM_Archive\2020\05\MARS_20200516_054219.wav,true,2020-05-26T21:47:15.008
\\atlas.shore.mbari.org\PAM_Archive\2020\05\MARS_20200516_055219.wav,true,2020-05-26T21:47:23.49
\\atlas.shore.mbari.org\PAM_Archive\2020\05\MARS_20200516_060219.wav,true,2020-05-26T21:47:35.66
\\atlas.shore.mbari.org\PAM_Archive\2020\05\MARS_20200516_061219.wav,true,2020-05-26T21:47:44.384
\\atlas.shore.mbari.org\PAM_Archive\2020\05\MARS_20200516_062219.wav,true,2020-05-26T21:47:56.151
\\atlas.shore.mbari.org\PAM_Archive\2020\05\MARS_20200516_063219.wav,true,2020-05-26T21:48:04.904
\\atlas.shore.mbari.org\PAM_Archive\2020\05\MARS_20200516_064219.wav,true,2020-05-26T21:48:16.555
\\atlas.shore.mbari.org\PAM_Archive\2020\05\MARS_20200516_065219.wav,true,2020-05-26T21:48:24.875
\\atlas.shore.mbari.org\PAM_Archive\2020\05\MARS_20200516_070219.wav,true,2020-05-26T21:48:37.587
\\atlas.shore.mbari.org\PAM_Archive\2020\05\MARS_20200516_071219.wav,true,2020-05-26T21:48:45.574
\\atlas.shore.mbari.org\PAM_Archive\2020\05\MARS_20200516_072219.wav,true,2020-05-26T21:48:58.917
\\atlas.shore.mbari.org\PAM_Archive\2020\05\MARS_20200516_073219.wav,true,2020-05-26T21:49:07.765
\\atlas.shore.mbari.org\PAM_Archive\2020\05\MARS_20200516_074219.wav,true,2020-05-26T21:49:18.369
\\atlas.shore.mbari.org\PAM_Archive\2020\05\MARS_20200516_075219.wav,true,2020-05-26T21:49:28.528
\\atlas.shore.mbari.org\PAM_Archive\2020\05\MARS_20200516_080219.wav,true,2020-05-26T21:49:38.305
\\atlas.shore.mbari.org\PAM_Archive\2020\05\MARS_20200516_081219.wav,true,2020-05-26T21:49:49.552
\\atlas.shore.mbari.org\PAM_Archive\2020\05\MARS_20200516_082219.wav,true,2020-05-26T21:49:59.11
\\atlas.shore.mbari.org\PAM_Archive\2020\05\MARS_20200516_083219.wav,true,2020-05-26T21:50:10.543
\\atlas.shore.mbari.org\PAM_Archive\2020\05\MARS_20200516_084219.wav,true,2020-05-26T21:50:20.76
\\atlas.shore.mbari.org\PAM_Archive\2020\05\MARS_20200516_085219.wav,true,2020-05-26T21:50:29.965
\\atlas.shore.mbari.org\PAM_Archive\2020\05\MARS_20200516_090219.wav,true,2020-05-26T21:50:39.87
\\atlas.shore.mbari.org\PAM_Archive\2020\05\MARS_20200516_091219.wav,true,2020-05-26T21:50:50.277
\\atlas.shore.mbari.org\PAM_Archive\2020\05\MARS_20200516_092219.wav,true,2020-05-26T21:51:00.524
\\atlas.shore.mbari.org\PAM_Archive\2020\05\MARS_20200516_093219.wav,true,2020-05-26T21:51:11.115
\\atlas.shore.mbari.org\PAM_Archive\2020\05\MARS_20200516_094219.wav,true,2020-05-26T21:51:20.445
\\atlas.shore.mbari.org\PAM_Archive\2020\05\MARS_20200516_095219.wav,true,2020-05-26T21:51:31.581
\\atlas.shore.mbari.org\PAM_Archive\2020\05\MARS_20200516_100219.wav,true,2020-05-26T21:51:40.525
\\atlas.shore.mbari.org\PAM_Archive\2020\05\MARS_20200516_101219.wav,true,2020-05-26T21:51:51.639
\\atlas.shore.mbari.org\PAM_Archive\2020\05\MARS_20200516_102219.wav,true,2020-05-26T21:52:00.657
\\atlas.shore.mbari.org\PAM_Archive\2020\05\MARS_20200516_103219.wav,true,2020-05-26T21:52:11.357
\\atlas.shore.mbari.org\PAM_Archive\2020\05\MARS_20200516_104219.wav,true,2020-05-26T21:52:20.928
\\atlas.shore.mbari.org\PAM_Archive\2020\05\MARS_20200516_105219.wav,true,2020-05-26T21:52:31.13
\\atlas.shore.mbari.org\PAM_Archive\2020\05\MARS_20200516_110219.wav,true,2020-05-26T21:52:41.006
\\atlas.shore.mbari.org\PAM_Archive\2020\05\MARS_20200516_111219.wav,true,2020-05-26T21:52:50.959
\\atlas.shore.mbari.org\PAM_Archive\2020\05\MARS_20200516_112219.wav,true,2020-05-26T21:53:01.444
\\atlas.shore.mbari.org\PAM_Archive\2020\05\MARS_20200516_113219.wav,true,2020-05-26T21:53:10.606
\\atlas.shore.mbari.org\PAM_Archive\2020\05\MARS_20200516_114219.wav,true,2020-05-26T21:53:21.791
\\atlas.shore.mbari.org\PAM_Archive\2020\05\MARS_20200516_115219.wav,true,2020-05-26T21:53:31.339
\\atlas.shore.mbari.org\PAM_Archive\2020\05\MARS_20200516_120219.wav,true,2020-05-26T21:53:41.967
\\atlas.shore.mbari.org\PAM_Archive\2020\05\MARS_20200516_121219.wav,true,2020-05-26T21:53:51.903
\\atlas.shore.mbari.org\PAM_Archive\2020\05\MARS_20200516_122219.wav,true,2020-05-26T21:54:01.462
\\atlas.shore.mbari.org\PAM_Archive\2020\05\MARS_20200516_123219.wav,true,2020-05-26T21:54:12.213
\\atlas.shore.mbari.org\PAM_Archive\2020\05\MARS_20200516_124219.wav,true,2020-05-26T21:54:22.821
\\atlas.shore.mbari.org\PAM_Archive\2020\05\MARS_20200516_125219.wav,true,2020-05-26T21:54:33.267
\\atlas.shore.mbari.org\PAM_Archive\2020\05\MARS_20200516_130219.wav,true,2020-05-26T21:54:43.252
\\atlas.shore.mbari.org\PAM_Archive\2020\05\MARS_20200516_131219.wav,true,2020-05-26T21:54:53.815
\\atlas.shore.mbari.org\PAM_Archive\2020\05\MARS_20200516_132219.wav,true,2020-05-26T21:55:03.295
\\atlas.shore.mbari.org\PAM_Archive\2020\05\MARS_20200516_133219.wav,true,2020-05-26T21:55:13.911
\\atlas.shore.mbari.org\PAM_Archive\2020\05\MARS_20200516_134219.wav,true,2020-05-26T21:55:24.6
\\atlas.shore.mbari.org\PAM_Archive\2020\05\MARS_20200516_135219.wav,true,2020-05-26T21:55:34.684
\\atlas.shore.mbari.org\PAM_Archive\2020\05\MARS_20200516_140219.wav,true,2020-05-26T21:55:44.692
\\atlas.shore.mbari.org\PAM_Archive\2020\05\MARS_20200516_141219.wav,true,2020-05-26T21:55:55.758
\\atlas.shore.mbari.org\PAM_Archive\2020\05\MARS_20200516_142219.wav,true,2020-05-26T21:56:05.516
\\atlas.shore.mbari.org\PAM_Archive\2020\05\MARS_20200516_143219.wav,true,2020-05-26T21:56:16.157
\\atlas.shore.mbari.org\PAM_Archive\2020\05\MARS_20200516_144219.wav,true,2020-05-26T21:56:25.862
\\atlas.shore.mbari.org\PAM_Archive\2020\05\MARS_20200516_145219.wav,true,2020-05-26T21:56:37.42
\\atlas.shore.mbari.org\PAM_Archive\2020\05\MARS_20200516_150219.wav,true,2020-05-26T21:56:46.741
\\atlas.shore.mbari.org\PAM_Archive\2020\05\MARS_20200516_151219.wav,true,2020-05-26T21:56:58.174
\\atlas.shore.mbari.org\PAM_Archive\2020\05\MARS_20200516_152219.wav,true,2020-05-26T21:57:07.114
\\atlas.shore.mbari.org\PAM_Archive\2020\05\MARS_20200516_153219.wav,true,2020-05-26T21:57:18.878
\\atlas.shore.mbari.org\PAM_Archive\2020\05\MARS_20200516_154219.wav,true,2020-05-26T21:57:27.256
\\atlas.shore.mbari.org\PAM_Archive\2020\05\MARS_20200516_155219.wav,true,2020-05-26T21:57:39.973
\\atlas.shore.mbari.org\PAM_Archive\2020\05\MARS_20200516_160219.wav,true,2020-05-26T21:57:47.834
\\atlas.shore.mbari.org\PAM_Archive\2020\05\MARS_20200516_161219.wav,true,2020-05-26T21:58:01.506
\\atlas.shore.mbari.org\PAM_Archive\2020\05\MARS_20200516_162219.wav,true,2020-05-26T21:58:07.848
\\atlas.shore.mbari.org\PAM_Archive\2020\05\MARS_20200516_163219.wav,true,2020-05-26T21:58:22.623
\\atlas.shore.mbari.org\PAM_Archive\2020\05\MARS_20200516_164219.wav,true,2020-05-26T21:58:29.357
\\atlas.shore.mbari.org\PAM_Archive\2020\05\MARS_20200516_165219.wav,true,2020-05-26T21:58:43.323
\\atlas.shore.mbari.org\PAM_Archive\2020\05\MARS_20200516_170219.wav,true,2020-05-26T21:58:51.129
\\atlas.shore.mbari.org\PAM_Archive\2020\05\MARS_20200516_171219.wav,true,2020-05-26T21:59:03.831
\\atlas.shore.mbari.org\PAM_Archive\2020\05\MARS_20200516_172219.wav,true,2020-05-26T21:59:12.405
\\atlas.shore.mbari.org\PAM_Archive\2020\05\MARS_20200516_173219.wav,true,2020-05-26T21:59:23.357
\\atlas.shore.mbari.org\PAM_Archive\2020\05\MARS_20200516_174219.wav,true,2020-05-26T21:59:33.111
\\atlas.shore.mbari.org\PAM_Archive\2020\05\MARS_20200516_175219.wav,true,2020-05-26T21:59:43.515
\\atlas.shore.mbari.org\PAM_Archive\2020\05\MARS_20200516_180219.wav,true,2020-05-26T21:59:53.806
\\atlas.shore.mbari.org\PAM_Archive\2020\05\MARS_20200516_181219.wav,true,2020-05-26T22:00:03.792
\\atlas.shore.mbari.org\PAM_Archive\2020\05\MARS_20200516_182219.wav,true,2020-05-26T22:00:14.35
\\atlas.shore.mbari.org\PAM_Archive\2020\05\MARS_20200516_183219.wav,true,2020-05-26T22:00:23.629
\\atlas.shore.mbari.org\PAM_Archive\2020\05\MARS_20200516_184219.wav,true,2020-05-26T22:00:34.692
\\atlas.shore.mbari.org\PAM_Archive\2020\05\MARS_20200516_185219.wav,true,2020-05-26T22:00:43.648
\\atlas.shore.mbari.org\PAM_Archive\2020\05\MARS_20200516_190219.wav,true,2020-05-26T22:00:55.176
\\atlas.shore.mbari.org\PAM_Archive\2020\05\MARS_20200516_191219.wav,true,2020-05-26T22:01:05.048
\\atlas.shore.mbari.org\PAM_Archive\2020\05\MARS_20200516_192219.wav,true,2020-05-26T22:01:14.58
\\atlas.shore.mbari.org\PAM_Archive\2020\05\MARS_20200516_193219.wav,true,2020-05-26T22:01:24.908
\\atlas.shore.mbari.org\PAM_Archive\2020\05\MARS_20200516_194219.wav,true,2020-05-26T22:01:34.845
\\atlas.shore.mbari.org\PAM_Archive\2020\05\MARS_20200516_195219.wav,true,2020-05-26T22:01:45.052
\\atlas.shore.mbari.org\PAM_Archive\2020\05\MARS_20200516_200219.wav,true,2020-05-26T22:01:55.569
\\atlas.shore.mbari.org\PAM_Archive\2020\05\MARS_20200516_201219.wav,true,2020-05-26T22:02:04.799
\\atlas.shore.mbari.org\PAM_Archive\2020\05\MARS_20200516_202219.wav,true,2020-05-26T22:02:18.775
\\atlas.shore.mbari.org\PAM_Archive\2020\05\MARS_20200516_203219.wav,true,2020-05-26T22:02:27.061
\\atlas.shore.mbari.org\PAM_Archive\2020\05\MARS_20200516_204219.wav,true,2020-05-26T22:02:39.593
\\atlas.shore.mbari.org\PAM_Archive\2020\05\MARS_20200516_205219.wav,true,2020-05-26T22:02:46.509
\\atlas.shore.mbari.org\PAM_Archive\2020\05\MARS_20200516_210219.wav,true,2020-05-26T22:03:00.321
\\atlas.shore.mbari.org\PAM_Archive\2020\05\MARS_20200516_211219.wav,true,2020-05-26T22:03:07.054
\\atlas.shore.mbari.org\PAM_Archive\2020\05\MARS_20200516_212219.wav,true,2020-05-26T22:03:21.033
\\atlas.shore.mbari.org\PAM_Archive\2020\05\MARS_20200516_213219.wav,true,2020-05-26T22:03:26.561
\\atlas.shore.mbari.org\PAM_Archive\2020\05\MARS_20200516_214219.wav,true,2020-05-26T22:03:41.764
\\atlas.shore.mbari.org\PAM_Archive\2020\05\MARS_20200516_215219.wav,true,2020-05-26T22:03:46.736
\\atlas.shore.mbari.org\PAM_Archive\2020\05\MARS_20200516_220219.wav,true,2020-05-26T22:04:02.245
\\atlas.shore.mbari.org\PAM_Archive\2020\05\MARS_20200516_221219.wav,true,2020-05-26T22:04:07.389
\\atlas.shore.mbari.org\PAM_Archive\2020\05\MARS_20200516_222219.wav,true,2020-05-26T22:04:22.73
\\atlas.shore.mbari.org\PAM_Archive\2020\05\MARS_20200516_223219.wav,true,2020-05-26T22:04:28.682
\\atlas.shore.mbari.org\PAM_Archive\2020\05\MARS_20200516_224219.wav,true,2020-05-26T22:04:42.857
\\atlas.shore.mbari.org\PAM_Archive\2020\05\MARS_20200516_225219.wav,true,2020-05-26T22:04:48.945
\\atlas.shore.mbari.org\PAM_Archive\2020\05\MARS_20200516_230219.wav,true,2020-05-26T22:05:03.594
\\atlas.shore.mbari.org\PAM_Archive\2020\05\MARS_20200516_231219.wav,true,2020-05-26T22:05:09.184
\\atlas.shore.mbari.org\PAM_Archive\2020\05\MARS_20200516_232219.wav,true,2020-05-26T22:05:23.422
\\atlas.shore.mbari.org\PAM_Archive\2020\05\MARS_20200516_233219.wav,true,2020-05-26T22:05:28.835
\\atlas.shore.mbari.org\PAM_Archive\2020\05\MARS_20200516_234219.wav,true,2020-05-26T22:05:44.401
\\atlas.shore.mbari.org\PAM_Archive\2020\05\MARS_20200516_235219.wav,true,2020-05-26T22:05:51.078
\\atlas.shore.mbari.org\PAM_Archive\2020\05\MARS_20200517_000219.wav,true,2020-05-26T22:06:05.0
\\atlas.shore.mbari.org\PAM_Archive\2020\05\MARS_20200517_001219.wav,true,2020-05-26T22:06:11.553
\\atlas.shore.mbari.org\PAM_Archive\2020\05\MARS_20200517_002219.wav,true,2020-05-26T22:06:26.169
\\atlas.shore.mbari.org\PAM_Archive\2020\05\MARS_20200517_003219.wav,true,2020-05-26T22:06:32.252
\\atlas.shore.mbari.org\PAM_Archive\2020\05\MARS_20200517_004219.wav,true,2020-05-26T22:06:46.433
\\atlas.shore.mbari.org\PAM_Archive\2020\05\MARS_20200517_005219.wav,true,2020-05-26T22:06:53.05
\\atlas.shore.mbari.org\PAM_Archive\2020\05\MARS_20200517_010219.wav,true,2020-05-26T22:07:06.542
\\atlas.shore.mbari.org\PAM_Archive\2020\05\MARS_20200517_011219.wav,true,2020-05-26T22:07:11.806
\\atlas.shore.mbari.org\PAM_Archive\2020\05\MARS_20200517_012219.wav,true,2020-05-26T22:07:27.052
\\atlas.shore.mbari.org\PAM_Archive\2020\05\MARS_20200517_013219.wav,true,2020-05-26T22:07:30.399
\\atlas.shore.mbari.org\PAM_Archive\2020\05\MARS_20200517_014219.wav,true,2020-05-26T22:07:46.754
\\atlas.shore.mbari.org\PAM_Archive\2020\05\MARS_20200517_015219.wav,true,2020-05-26T22:07:50.461
\\atlas.shore.mbari.org\PAM_Archive\2020\05\MARS_20200517_020219.wav,true,2020-05-26T22:08:06.98
\\atlas.shore.mbari.org\PAM_Archive\2020\05\MARS_20200517_021219.wav,true,2020-05-26T22:08:10.313
\\atlas.shore.mbari.org\PAM_Archive\2020\05\MARS_20200517_022219.wav,true,2020-05-26T22:08:27.567
\\atlas.shore.mbari.org\PAM_Archive\2020\05\MARS_20200517_023219.wav,true,2020-05-26T22:08:30.491
\\atlas.shore.mbari.org\PAM_Archive\2020\05\MARS_20200517_024219.wav,true,2020-05-26T22:08:46.853
\\atlas.shore.mbari.org\PAM_Archive\2020\05\MARS_20200517_025219.wav,true,2020-05-26T22:08:50.023
\\atlas.shore.mbari.org\PAM_Archive\2020\05\MARS_20200517_030219.wav,true,2020-05-26T22:09:08.072
\\atlas.shore.mbari.org\PAM_Archive\2020\05\MARS_20200517_031219.wav,true,2020-05-26T22:09:09.561
\\atlas.shore.mbari.org\PAM_Archive\2020\05\MARS_20200517_032219.wav,true,2020-05-26T22:09:29.087
\\atlas.shore.mbari.org\PAM_Archive\2020\05\MARS_20200517_033219.wav,true,2020-05-26T22:09:30.583
\\atlas.shore.mbari.org\PAM_Archive\2020\05\MARS_20200517_034219.wav,true,2020-05-26T22:09:48.678
\\atlas.shore.mbari.org\PAM_Archive\2020\05\MARS_20200517_035219.wav,true,2020-05-26T22:09:51.508
\\atlas.shore.mbari.org\PAM_Archive\2020\05\MARS_20200517_040219.wav,true,2020-05-26T22:10:08.717
\\atlas.shore.mbari.org\PAM_Archive\2020\05\MARS_20200517_041219.wav,true,2020-05-26T22:10:11.481
\\atlas.shore.mbari.org\PAM_Archive\2020\05\MARS_20200517_042219.wav,true,2020-05-26T22:10:29.714
\\atlas.shore.mbari.org\PAM_Archive\2020\05\MARS_20200517_043219.wav,true,2020-05-26T22:10:31.27
\\atlas.shore.mbari.org\PAM_Archive\2020\05\MARS_20200517_044219.wav,true,2020-05-26T22:10:50.312
\\atlas.shore.mbari.org\PAM_Archive\2020\05\MARS_20200517_045219.wav,true,2020-05-26T22:10:52.197
\\atlas.shore.mbari.org\PAM_Archive\2020\05\MARS_20200517_050219.wav,true,2020-05-26T22:11:11.168
\\atlas.shore.mbari.org\PAM_Archive\2020\05\MARS_20200517_051219.wav,true,2020-05-26T22:11:12.909
\\atlas.shore.mbari.org\PAM_Archive\2020\05\MARS_20200517_052219.wav,true,2020-05-26T22:11:30.799
\\atlas.shore.mbari.org\PAM_Archive\2020\05\MARS_20200517_053219.wav,true,2020-05-26T22:11:33.191
\\atlas.shore.mbari.org\PAM_Archive\2020\05\MARS_20200517_054219.wav,true,2020-05-26T22:11:50.592
\\atlas.shore.mbari.org\PAM_Archive\2020\05\MARS_20200517_055219.wav,true,2020-05-26T22:11:52.301
\\atlas.shore.mbari.org\PAM_Archive\2020\05\MARS_20200517_060219.wav,true,2020-05-26T22:12:11.296
\\atlas.shore.mbari.org\PAM_Archive\2020\05\MARS_20200517_061219.wav,true,2020-05-26T22:12:13.652
\\atlas.shore.mbari.org\PAM_Archive\2020\05\MARS_20200517_062219.wav,true,2020-05-26T22:12:32.831
\\atlas.shore.mbari.org\PAM_Archive\2020\05\MARS_20200517_063219.wav,true,2020-05-26T22:12:35.081
\\atlas.shore.mbari.org\PAM_Archive\2020\05\MARS_20200517_064219.wav,true,2020-05-26T22:12:52.483
\\atlas.shore.mbari.org\PAM_Archive\2020\05\MARS_20200517_065219.wav,true,2020-05-26T22:12:55.368
\\atlas.shore.mbari.org\PAM_Archive\2020\05\MARS_20200517_070219.wav,true,2020-05-26T22:13:12.148
\\atlas.shore.mbari.org\PAM_Archive\2020\05\MARS_20200517_071219.wav,true,2020-05-26T22:13:14.074
\\atlas.shore.mbari.org\PAM_Archive\2020\05\MARS_20200517_072219.wav,true,2020-05-26T22:13:31.653
\\atlas.shore.mbari.org\PAM_Archive\2020\05\MARS_20200517_073219.wav,true,2020-05-26T22:13:34.749
\\atlas.shore.mbari.org\PAM_Archive\2020\05\MARS_20200517_074219.wav,true,2020-05-26T22:13:52.664
\\atlas.shore.mbari.org\PAM_Archive\2020\05\MARS_20200517_075219.wav,true,2020-05-26T22:13:55.547
\\atlas.shore.mbari.org\PAM_Archive\2020\05\MARS_20200517_080219.wav,true,2020-05-26T22:14:13.836
\\atlas.shore.mbari.org\PAM_Archive\2020\05\MARS_20200517_081219.wav,true,2020-05-26T22:14:15.329
\\atlas.shore.mbari.org\PAM_Archive\2020\05\MARS_20200517_082219.wav,true,2020-05-26T22:14:34.39
\\atlas.shore.mbari.org\PAM_Archive\2020\05\MARS_20200517_083219.wav,true,2020-05-26T22:14:36.082
\\atlas.shore.mbari.org\PAM_Archive\2020\05\MARS_20200517_084219.wav,true,2020-05-26T22:14:55.663
\\atlas.shore.mbari.org\PAM_Archive\2020\05\MARS_20200517_085219.wav,true,2020-05-26T22:14:56.113
\\atlas.shore.mbari.org\PAM_Archive\2020\05\MARS_20200517_090219.wav,true,2020-05-26T22:15:15.209
\\atlas.shore.mbari.org\PAM_Archive\2020\05\MARS_20200517_091219.wav,true,2020-05-26T22:15:17.306
\\atlas.shore.mbari.org\PAM_Archive\2020\05\MARS_20200517_092219.wav,true,2020-05-26T22:15:35.18
\\atlas.shore.mbari.org\PAM_Archive\2020\05\MARS_20200517_093219.wav,true,2020-05-26T22:15:37.56
\\atlas.shore.mbari.org\PAM_Archive\2020\05\MARS_20200517_094219.wav,true,2020-05-26T22:15:55.715
\\atlas.shore.mbari.org\PAM_Archive\2020\05\MARS_20200517_095219.wav,true,2020-05-26T22:15:57.953
\\atlas.shore.mbari.org\PAM_Archive\2020\05\MARS_20200517_100219.wav,true,2020-05-26T22:16:16.365
\\atlas.shore.mbari.org\PAM_Archive\2020\05\MARS_20200517_101219.wav,true,2020-05-26T22:16:18.908
\\atlas.shore.mbari.org\PAM_Archive\2020\05\MARS_20200517_102219.wav,true,2020-05-26T22:16:36.065
\\atlas.shore.mbari.org\PAM_Archive\2020\05\MARS_20200517_103219.wav,true,2020-05-26T22:16:39.17
\\atlas.shore.mbari.org\PAM_Archive\2020\05\MARS_20200517_104219.wav,true,2020-05-26T22:16:55.866
\\atlas.shore.mbari.org\PAM_Archive\2020\05\MARS_20200517_105219.wav,true,2020-05-26T22:16:58.824
\\atlas.shore.mbari.org\PAM_Archive\2020\05\MARS_20200517_110219.wav,true,2020-05-26T22:17:16.07
\\atlas.shore.mbari.org\PAM_Archive\2020\05\MARS_20200517_111219.wav,true,2020-05-26T22:17:19.76
\\atlas.shore.mbari.org\PAM_Archive\2020\05\MARS_20200517_112219.wav,true,2020-05-26T22:17:37.114
\\atlas.shore.mbari.org\PAM_Archive\2020\05\MARS_20200517_113219.wav,true,2020-05-26T22:17:40.513
\\atlas.shore.mbari.org\PAM_Archive\2020\05\MARS_20200517_114219.wav,true,2020-05-26T22:17:57.342
\\atlas.shore.mbari.org\PAM_Archive\2020\05\MARS_20200517_115219.wav,true,2020-05-26T22:18:00.027
\\atlas.shore.mbari.org\PAM_Archive\2020\05\MARS_20200517_120219.wav,true,2020-05-26T22:18:17.561
\\atlas.shore.mbari.org\PAM_Archive\2020\05\MARS_20200517_121219.wav,true,2020-05-26T22:18:20.744
\\atlas.shore.mbari.org\PAM_Archive\2020\05\MARS_20200517_122219.wav,true,2020-05-26T22:18:38.532
\\atlas.shore.mbari.org\PAM_Archive\2020\05\MARS_20200517_123219.wav,true,2020-05-26T22:18:40.278
\\atlas.shore.mbari.org\PAM_Archive\2020\05\MARS_20200517_124219.wav,true,2020-05-26T22:18:57.501
\\atlas.shore.mbari.org\PAM_Archive\2020\05\MARS_20200517_125219.wav,true,2020-05-26T22:19:01.272
\\atlas.shore.mbari.org\PAM_Archive\2020\05\MARS_20200517_130219.wav,true,2020-05-26T22:19:18.362
\\atlas.shore.mbari.org\PAM_Archive\2020\05\MARS_20200517_131219.wav,true,2020-05-26T22:19:21.918
\\atlas.shore.mbari.org\PAM_Archive\2020\05\MARS_20200517_132219.wav,true,2020-05-26T22:19:38.872
\\atlas.shore.mbari.org\PAM_Archive\2020\05\MARS_20200517_133219.wav,true,2020-05-26T22:19:42.432
\\atlas.shore.mbari.org\PAM_Archive\2020\05\MARS_20200517_134219.wav,true,2020-05-26T22:19:59.155
\\atlas.shore.mbari.org\PAM_Archive\2020\05\MARS_20200517_135219.wav,true,2020-05-26T22:20:02.543
\\atlas.shore.mbari.org\PAM_Archive\2020\05\MARS_20200517_140219.wav,true,2020-05-26T22:20:20.15
\\atlas.shore.mbari.org\PAM_Archive\2020\05\MARS_20200517_141219.wav,true,2020-05-26T22:20:21.686
\\atlas.shore.mbari.org\PAM_Archive\2020\05\MARS_20200517_142219.wav,true,2020-05-26T22:20:41.446
\\atlas.shore.mbari.org\PAM_Archive\2020\05\MARS_20200517_143219.wav,true,2020-05-26T22:20:44.182
\\atlas.shore.mbari.org\PAM_Archive\2020\05\MARS_20200517_144219.wav,true,2020-05-26T22:21:02.324
\\atlas.shore.mbari.org\PAM_Archive\2020\05\MARS_20200517_145219.wav,true,2020-05-26T22:21:05.17
\\atlas.shore.mbari.org\PAM_Archive\2020\05\MARS_20200517_150219.wav,true,2020-05-26T22:21:22.733
\\atlas.shore.mbari.org\PAM_Archive\2020\05\MARS_20200517_151219.wav,true,2020-05-26T22:21:24.839
\\atlas.shore.mbari.org\PAM_Archive\2020\05\MARS_20200517_152219.wav,true,2020-05-26T22:21:43.841
\\atlas.shore.mbari.org\PAM_Archive\2020\05\MARS_20200517_153219.wav,true,2020-05-26T22:21:45.202
\\atlas.shore.mbari.org\PAM_Archive\2020\05\MARS_20200517_154219.wav,true,2020-05-26T22:22:04.929
\\atlas.shore.mbari.org\PAM_Archive\2020\05\MARS_20200517_155219.wav,true,2020-05-26T22:22:06.433
\\atlas.shore.mbari.org\PAM_Archive\2020\05\MARS_20200517_160219.wav,true,2020-05-26T22:22:26.362
\\atlas.shore.mbari.org\PAM_Archive\2020\05\MARS_20200517_161219.wav,true,2020-05-26T22:22:26.417
\\atlas.shore.mbari.org\PAM_Archive\2020\05\MARS_20200517_162219.wav,true,2020-05-26T22:22:46.928
\\atlas.shore.mbari.org\PAM_Archive\2020\05\MARS_20200517_163219.wav,true,2020-05-26T22:22:46.472
\\atlas.shore.mbari.org\PAM_Archive\2020\05\MARS_20200517_164219.wav,true,2020-05-26T22:23:12.087
\\atlas.shore.mbari.org\PAM_Archive\2020\05\MARS_20200517_165219.wav,true,2020-05-26T22:23:11.667
\\atlas.shore.mbari.org\PAM_Archive\2020\05\MARS_20200517_170219.wav,true,2020-05-26T22:23:34.746
\\atlas.shore.mbari.org\PAM_Archive\2020\05\MARS_20200517_171219.wav,true,2020-05-26T22:23:34.194
\\atlas.shore.mbari.org\PAM_Archive\2020\05\MARS_20200517_172219.wav,true,2020-05-26T22:23:56.899
\\atlas.shore.mbari.org\PAM_Archive\2020\05\MARS_20200517_173219.wav,true,2020-05-26T22:23:57.211
\\atlas.shore.mbari.org\PAM_Archive\2020\05\MARS_20200517_174219.wav,true,2020-05-26T22:24:18.771
\\atlas.shore.mbari.org\PAM_Archive\2020\05\MARS_20200517_175219.wav,true,2020-05-26T22:24:19.026
\\atlas.shore.mbari.org\PAM_Archive\2020\05\MARS_20200517_180219.wav,true,2020-05-26T22:24:40.45
\\atlas.shore.mbari.org\PAM_Archive\2020\05\MARS_20200517_181219.wav,true,2020-05-26T22:24:39.774
\\atlas.shore.mbari.org\PAM_Archive\2020\05\MARS_20200517_182219.wav,true,2020-05-26T22:25:00.106
\\atlas.shore.mbari.org\PAM_Archive\2020\05\MARS_20200517_183219.wav,true,2020-05-26T22:25:01.548
\\atlas.shore.mbari.org\PAM_Archive\2020\05\MARS_20200517_184219.wav,true,2020-05-26T22:25:21.138
\\atlas.shore.mbari.org\PAM_Archive\2020\05\MARS_20200517_185219.wav,true,2020-05-26T22:25:22.293
\\atlas.shore.mbari.org\PAM_Archive\2020\05\MARS_20200517_190219.wav,true,2020-05-26T22:25:41.36
\\atlas.shore.mbari.org\PAM_Archive\2020\05\MARS_20200517_191219.wav,true,2020-05-26T22:25:42.905
\\atlas.shore.mbari.org\PAM_Archive\2020\05\MARS_20200517_192219.wav,true,2020-05-26T22:26:03.387
\\atlas.shore.mbari.org\PAM_Archive\2020\05\MARS_20200517_193219.wav,true,2020-05-26T22:26:03.45
\\atlas.shore.mbari.org\PAM_Archive\2020\05\MARS_20200517_194219.wav,true,2020-05-26T22:26:23.818
\\atlas.shore.mbari.org\PAM_Archive\2020\05\MARS_20200517_195219.wav,true,2020-05-26T22:26:24.072
\\atlas.shore.mbari.org\PAM_Archive\2020\05\MARS_20200517_200219.wav,true,2020-05-26T22:26:45.59
\\atlas.shore.mbari.org\PAM_Archive\2020\05\MARS_20200517_201219.wav,true,2020-05-26T22:26:45.697
\\atlas.shore.mbari.org\PAM_Archive\2020\05\MARS_20200517_202219.wav,true,2020-05-26T22:27:05.408
\\atlas.shore.mbari.org\PAM_Archive\2020\05\MARS_20200517_203219.wav,true,2020-05-26T22:27:06.052
\\atlas.shore.mbari.org\PAM_Archive\2020\05\MARS_20200517_204219.wav,true,2020-05-26T22:27:26.077
\\atlas.shore.mbari.org\PAM_Archive\2020\05\MARS_20200517_205219.wav,true,2020-05-26T22:27:28.27
\\atlas.shore.mbari.org\PAM_Archive\2020\05\MARS_20200517_210219.wav,true,2020-05-26T22:27:46.762
\\atlas.shore.mbari.org\PAM_Archive\2020\05\MARS_20200517_211219.wav,true,2020-05-26T22:27:48.39
\\atlas.shore.mbari.org\PAM_Archive\2020\05\MARS_20200517_212219.wav,true,2020-05-26T22:28:08.563
\\atlas.shore.mbari.org\PAM_Archive\2020\05\MARS_20200517_213219.wav,true,2020-05-26T22:28:10.938
\\atlas.shore.mbari.org\PAM_Archive\2020\05\MARS_20200517_214219.wav,true,2020-05-26T22:28:29.39
\\atlas.shore.mbari.org\PAM_Archive\2020\05\MARS_20200517_215219.wav,true,2020-05-26T22:28:31.629
\\atlas.shore.mbari.org\PAM_Archive\2020\05\MARS_20200517_220219.wav,true,2020-05-26T22:28:50.511
\\atlas.shore.mbari.org\PAM_Archive\2020\05\MARS_20200517_221219.wav,true,2020-05-26T22:28:52.348
\\atlas.shore.mbari.org\PAM_Archive\2020\05\MARS_20200517_222219.wav,true,2020-05-26T22:29:11.975
\\atlas.shore.mbari.org\PAM_Archive\2020\05\MARS_20200517_223219.wav,true,2020-05-26T22:29:13.461
\\atlas.shore.mbari.org\PAM_Archive\2020\05\MARS_20200517_224219.wav,true,2020-05-26T22:29:31.877
\\atlas.shore.mbari.org\PAM_Archive\2020\05\MARS_20200517_225219.wav,true,2020-05-26T22:29:34.397
\\atlas.shore.mbari.org\PAM_Archive\2020\05\MARS_20200517_230219.wav,true,2020-05-26T22:29:53.208
\\atlas.shore.mbari.org\PAM_Archive\2020\05\MARS_20200517_231219.wav,true,2020-05-26T22:29:55.275
\\atlas.shore.mbari.org\PAM_Archive\2020\05\MARS_20200517_232219.wav,true,2020-05-26T22:30:14.043
\\atlas.shore.mbari.org\PAM_Archive\2020\05\MARS_20200517_233219.wav,true,2020-05-26T22:30:15.481
\\atlas.shore.mbari.org\PAM_Archive\2020\05\MARS_20200517_234219.wav,true,2020-05-26T22:30:34.698
\\atlas.shore.mbari.org\PAM_Archive\2020\05\MARS_20200517_235219.wav,true,2020-05-26T22:30:35.946
\\atlas.shore.mbari.org\PAM_Archive\2020\05\MARS_20200518_000219.wav,true,2020-05-26T22:30:55.248
\\atlas.shore.mbari.org\PAM_Archive\2020\05\MARS_20200518_001219.wav,true,2020-05-26T22:30:56.027
\\atlas.shore.mbari.org\PAM_Archive\2020\05\MARS_20200518_002219.wav,true,2020-05-26T22:31:16.737
\\atlas.shore.mbari.org\PAM_Archive\2020\05\MARS_20200518_003219.wav,true,2020-05-26T22:31:17.279
\\atlas.shore.mbari.org\PAM_Archive\2020\05\MARS_20200518_004219.wav,true,2020-05-26T22:31:38.36
\\atlas.shore.mbari.org\PAM_Archive\2020\05\MARS_20200518_005219.wav,true,2020-05-26T22:31:38.256
\\atlas.shore.mbari.org\PAM_Archive\2020\05\MARS_20200518_010219.wav,true,2020-05-26T22:31:58.794
\\atlas.shore.mbari.org\PAM_Archive\2020\05\MARS_20200518_011219.wav,true,2020-05-26T22:31:57.701
\\atlas.shore.mbari.org\PAM_Archive\2020\05\MARS_20200518_012219.wav,true,2020-05-26T22:32:19.788
\\atlas.shore.mbari.org\PAM_Archive\2020\05\MARS_20200518_013219.wav,true,2020-05-26T22:32:19.183
\\atlas.shore.mbari.org\PAM_Archive\2020\05\MARS_20200518_014219.wav,true,2020-05-26T22:32:40.176
\\atlas.shore.mbari.org\PAM_Archive\2020\05\MARS_20200518_015219.wav,true,2020-05-26T22:32:42.061
\\atlas.shore.mbari.org\PAM_Archive\2020\05\MARS_20200518_020219.wav,true,2020-05-26T22:33:02.453
\\atlas.shore.mbari.org\PAM_Archive\2020\05\MARS_20200518_021219.wav,true,2020-05-26T22:33:03.945
\\atlas.shore.mbari.org\PAM_Archive\2020\05\MARS_20200518_022219.wav,true,2020-05-26T22:33:24.816
\\atlas.shore.mbari.org\PAM_Archive\2020\05\MARS_20200518_023219.wav,true,2020-05-26T22:33:27.226
\\atlas.shore.mbari.org\PAM_Archive\2020\05\MARS_20200518_024219.wav,true,2020-05-26T22:33:46.964
\\atlas.shore.mbari.org\PAM_Archive\2020\05\MARS_20200518_025219.wav,true,2020-05-26T22:33:49.297
\\atlas.shore.mbari.org\PAM_Archive\2020\05\MARS_20200518_030219.wav,true,2020-05-26T22:34:06.949
\\atlas.shore.mbari.org\PAM_Archive\2020\05\MARS_20200518_031219.wav,true,2020-05-26T22:34:08.841
\\atlas.shore.mbari.org\PAM_Archive\2020\05\MARS_20200518_032219.wav,true,2020-05-26T22:34:27.19
\\atlas.shore.mbari.org\PAM_Archive\2020\05\MARS_20200518_033219.wav,true,2020-05-26T22:34:28.517
\\atlas.shore.mbari.org\PAM_Archive\2020\05\MARS_20200518_034219.wav,true,2020-05-26T22:34:46.529
\\atlas.shore.mbari.org\PAM_Archive\2020\05\MARS_20200518_035219.wav,true,2020-05-26T22:34:49.147
\\atlas.shore.mbari.org\PAM_Archive\2020\05\MARS_20200518_040219.wav,true,2020-05-26T22:35:07.079
\\atlas.shore.mbari.org\PAM_Archive\2020\05\MARS_20200518_041219.wav,true,2020-05-26T22:35:09.406
\\atlas.shore.mbari.org\PAM_Archive\2020\05\MARS_20200518_042219.wav,true,2020-05-26T22:35:26.659
\\atlas.shore.mbari.org\PAM_Archive\2020\05\MARS_20200518_043219.wav,true,2020-05-26T22:35:30.459
\\atlas.shore.mbari.org\PAM_Archive\2020\05\MARS_20200518_044219.wav,true,2020-05-26T22:35:46.9
\\atlas.shore.mbari.org\PAM_Archive\2020\05\MARS_20200518_045219.wav,true,2020-05-26T22:35:50.562
\\atlas.shore.mbari.org\PAM_Archive\2020\05\MARS_20200518_050219.wav,true,2020-05-26T22:36:06.637
\\atlas.shore.mbari.org\PAM_Archive\2020\05\MARS_20200518_051219.wav,true,2020-05-26T22:36:10.538
\\atlas.shore.mbari.org\PAM_Archive\2020\05\MARS_20200518_052219.wav,true,2020-05-26T22:36:28.444
\\atlas.shore.mbari.org\PAM_Archive\2020\05\MARS_20200518_053219.wav,true,2020-05-26T22:36:30.364
\\atlas.shore.mbari.org\PAM_Archive\2020\05\MARS_20200518_054219.wav,true,2020-05-26T22:36:48.126
\\atlas.shore.mbari.org\PAM_Archive\2020\05\MARS_20200518_055219.wav,true,2020-05-26T22:36:50.557
\\atlas.shore.mbari.org\PAM_Archive\2020\05\MARS_20200518_060219.wav,true,2020-05-26T22:37:09.199
\\atlas.shore.mbari.org\PAM_Archive\2020\05\MARS_20200518_061219.wav,true,2020-05-26T22:37:09.592
\\atlas.shore.mbari.org\PAM_Archive\2020\05\MARS_20200518_062219.wav,true,2020-05-26T22:37:28.881
\\atlas.shore.mbari.org\PAM_Archive\2020\05\MARS_20200518_063219.wav,true,2020-05-26T22:37:29.592
\\atlas.shore.mbari.org\PAM_Archive\2020\05\MARS_20200518_064219.wav,true,2020-05-26T22:37:48.98
\\atlas.shore.mbari.org\PAM_Archive\2020\05\MARS_20200518_065219.wav,true,2020-05-26T22:37:50.248
\\atlas.shore.mbari.org\PAM_Archive\2020\05\MARS_20200518_070219.wav,true,2020-05-26T22:38:09.743
\\atlas.shore.mbari.org\PAM_Archive\2020\05\MARS_20200518_071219.wav,true,2020-05-26T22:38:10.749
\\atlas.shore.mbari.org\PAM_Archive\2020\05\MARS_20200518_072219.wav,true,2020-05-26T22:38:30.045
\\atlas.shore.mbari.org\PAM_Archive\2020\05\MARS_20200518_073219.wav,true,2020-05-26T22:38:31.084
\\atlas.shore.mbari.org\PAM_Archive\2020\05\MARS_20200518_074219.wav,true,2020-05-26T22:38:51.119
\\atlas.shore.mbari.org\PAM_Archive\2020\05\MARS_20200518_075219.wav,true,2020-05-26T22:38:52.432
\\atlas.shore.mbari.org\PAM_Archive\2020\05\MARS_20200518_080219.wav,true,2020-05-26T22:39:11.265
\\atlas.shore.mbari.org\PAM_Archive\2020\05\MARS_20200518_081219.wav,true,2020-05-26T22:39:12.656
\\atlas.shore.mbari.org\PAM_Archive\2020\05\MARS_20200518_082219.wav,true,2020-05-26T22:39:30.77
\\atlas.shore.mbari.org\PAM_Archive\2020\05\MARS_20200518_083219.wav,true,2020-05-26T22:39:33.527
\\atlas.shore.mbari.org\PAM_Archive\2020\05\MARS_20200518_084219.wav,true,2020-05-26T22:39:51.403
\\atlas.shore.mbari.org\PAM_Archive\2020\05\MARS_20200518_085219.wav,true,2020-05-26T22:39:52.19
\\atlas.shore.mbari.org\PAM_Archive\2020\05\MARS_20200518_090219.wav,true,2020-05-26T22:40:11.099
\\atlas.shore.mbari.org\PAM_Archive\2020\05\MARS_20200518_091219.wav,true,2020-05-26T22:40:14.69
\\atlas.shore.mbari.org\PAM_Archive\2020\05\MARS_20200518_092219.wav,true,2020-05-26T22:40:31.013
\\atlas.shore.mbari.org\PAM_Archive\2020\05\MARS_20200518_093219.wav,true,2020-05-26T22:40:34.951
\\atlas.shore.mbari.org\PAM_Archive\2020\05\MARS_20200518_094219.wav,true,2020-05-26T22:40:51.297
\\atlas.shore.mbari.org\PAM_Archive\2020\05\MARS_20200518_095219.wav,true,2020-05-26T22:40:55.827
\\atlas.shore.mbari.org\PAM_Archive\2020\05\MARS_20200518_100219.wav,true,2020-05-26T22:41:12.075
\\atlas.shore.mbari.org\PAM_Archive\2020\05\MARS_20200518_101219.wav,true,2020-05-26T22:41:16.541
\\atlas.shore.mbari.org\PAM_Archive\2020\05\MARS_20200518_102219.wav,true,2020-05-26T22:41:32.381
\\atlas.shore.mbari.org\PAM_Archive\2020\05\MARS_20200518_103219.wav,true,2020-05-26T22:41:36.476
\\atlas.shore.mbari.org\PAM_Archive\2020\05\MARS_20200518_104219.wav,true,2020-05-26T22:41:52.955
\\atlas.shore.mbari.org\PAM_Archive\2020\05\MARS_20200518_105219.wav,true,2020-05-26T22:41:57.121
\\atlas.shore.mbari.org\PAM_Archive\2020\05\MARS_20200518_110219.wav,true,2020-05-26T22:42:14.375
\\atlas.shore.mbari.org\PAM_Archive\2020\05\MARS_20200518_111219.wav,true,2020-05-26T22:42:18.03
\\atlas.shore.mbari.org\PAM_Archive\2020\05\MARS_20200518_112219.wav,true,2020-05-26T22:42:35.324
\\atlas.shore.mbari.org\PAM_Archive\2020\05\MARS_20200518_113219.wav,true,2020-05-26T22:42:40.077
\\atlas.shore.mbari.org\PAM_Archive\2020\05\MARS_20200518_114219.wav,true,2020-05-26T22:43:51.729
\\atlas.shore.mbari.org\PAM_Archive\2020\05\MARS_20200518_115219.wav,true,2020-05-26T22:43:52.201
\\atlas.shore.mbari.org\PAM_Archive\2020\05\MARS_20200518_120219.wav,true,2020-05-26T22:44:11.995
\\atlas.shore.mbari.org\PAM_Archive\2020\05\MARS_20200518_121219.wav,true,2020-05-26T22:44:12.567
\\atlas.shore.mbari.org\PAM_Archive\2020\05\MARS_20200518_122219.wav,true,2020-05-26T22:44:32.846
\\atlas.shore.mbari.org\PAM_Archive\2020\05\MARS_20200518_123219.wav,true,2020-05-26T22:44:33.567
\\atlas.shore.mbari.org\PAM_Archive\2020\05\MARS_20200518_124219.wav,true,2020-05-26T22:44:52.78
\\atlas.shore.mbari.org\PAM_Archive\2020\05\MARS_20200518_125219.wav,true,2020-05-26T22:44:53.471
\\atlas.shore.mbari.org\PAM_Archive\2020\05\MARS_20200518_130219.wav,true,2020-05-26T22:45:13.786
\\atlas.shore.mbari.org\PAM_Archive\2020\05\MARS_20200518_131219.wav,true,2020-05-26T22:45:13.778
\\atlas.shore.mbari.org\PAM_Archive\2020\05\MARS_20200518_132219.wav,true,2020-05-26T22:45:34.079
\\atlas.shore.mbari.org\PAM_Archive\2020\05\MARS_20200518_133219.wav,true,2020-05-26T22:45:34.976
\\atlas.shore.mbari.org\PAM_Archive\2020\05\MARS_20200518_134219.wav,true,2020-05-26T22:45:55.265
\\atlas.shore.mbari.org\PAM_Archive\2020\05\MARS_20200518_135219.wav,true,2020-05-26T22:45:55.358
\\atlas.shore.mbari.org\PAM_Archive\2020\05\MARS_20200518_140219.wav,true,2020-05-26T22:46:16.894
\\atlas.shore.mbari.org\PAM_Archive\2020\05\MARS_20200518_141219.wav,true,2020-05-26T22:46:16.801
\\atlas.shore.mbari.org\PAM_Archive\2020\05\MARS_20200518_142219.wav,true,2020-05-26T22:46:37.2
\\atlas.shore.mbari.org\PAM_Archive\2020\05\MARS_20200518_143219.wav,true,2020-05-26T22:46:38.318
\\atlas.shore.mbari.org\PAM_Archive\2020\05\MARS_20200518_144219.wav,true,2020-05-26T22:46:58.075
\\atlas.shore.mbari.org\PAM_Archive\2020\05\MARS_20200518_145219.wav,true,2020-05-26T22:46:59.179
\\atlas.shore.mbari.org\PAM_Archive\2020\05\MARS_20200518_150219.wav,true,2020-05-26T22:47:18.814
\\atlas.shore.mbari.org\PAM_Archive\2020\05\MARS_20200518_151219.wav,true,2020-05-26T22:47:19.51
\\atlas.shore.mbari.org\PAM_Archive\2020\05\MARS_20200518_152219.wav,true,2020-05-26T22:47:38.949
\\atlas.shore.mbari.org\PAM_Archive\2020\05\MARS_20200518_153219.wav,true,2020-05-26T22:47:39.305
\\atlas.shore.mbari.org\PAM_Archive\2020\05\MARS_20200518_154219.wav,true,2020-05-26T22:48:00.56
\\atlas.shore.mbari.org\PAM_Archive\2020\05\MARS_20200518_155219.wav,true,2020-05-26T22:47:59.534
\\atlas.shore.mbari.org\PAM_Archive\2020\05\MARS_20200518_160219.wav,true,2020-05-26T22:48:20.855
\\atlas.shore.mbari.org\PAM_Archive\2020\05\MARS_20200518_161219.wav,true,2020-05-26T22:48:19.512
\\atlas.shore.mbari.org\PAM_Archive\2020\05\MARS_20200518_162219.wav,true,2020-05-26T22:48:40.214
\\atlas.shore.mbari.org\PAM_Archive\2020\05\MARS_20200518_163219.wav,true,2020-05-26T22:48:41.504
\\atlas.shore.mbari.org\PAM_Archive\2020\05\MARS_20200518_164219.wav,true,2020-05-26T22:48:59.914
\\atlas.shore.mbari.org\PAM_Archive\2020\05\MARS_20200518_165219.wav,true,2020-05-26T22:49:02.156
\\atlas.shore.mbari.org\PAM_Archive\2020\05\MARS_20200518_170219.wav,true,2020-05-26T22:49:20.15
\\atlas.shore.mbari.org\PAM_Archive\2020\05\MARS_20200518_171219.wav,true,2020-05-26T22:49:22.874
\\atlas.shore.mbari.org\PAM_Archive\2020\05\MARS_20200518_172219.wav,true,2020-05-26T22:49:40.12
\\atlas.shore.mbari.org\PAM_Archive\2020\05\MARS_20200518_173219.wav,true,2020-05-26T22:49:43.756
\\atlas.shore.mbari.org\PAM_Archive\2020\05\MARS_20200518_174219.wav,true,2020-05-26T22:50:05.521
\\atlas.shore.mbari.org\PAM_Archive\2020\05\MARS_20200518_175219.wav,true,2020-05-26T22:50:04.69
\\atlas.shore.mbari.org\PAM_Archive\2020\05\MARS_20200518_180219.wav,true,2020-05-26T22:50:25.593
\\atlas.shore.mbari.org\PAM_Archive\2020\05\MARS_20200518_181219.wav,true,2020-05-26T22:50:25.909
\\atlas.shore.mbari.org\PAM_Archive\2020\05\MARS_20200518_182219.wav,true,2020-05-26T22:50:46.175
\\atlas.shore.mbari.org\PAM_Archive\2020\05\MARS_20200518_183219.wav,true,2020-05-26T22:50:46.213
\\atlas.shore.mbari.org\PAM_Archive\2020\05\MARS_20200518_184219.wav,true,2020-05-26T22:51:06.375
\\atlas.shore.mbari.org\PAM_Archive\2020\05\MARS_20200518_185219.wav,true,2020-05-26T22:51:07.658
\\atlas.shore.mbari.org\PAM_Archive\2020\05\MARS_20200518_190219.wav,true,2020-05-26T22:51:27.397
\\atlas.shore.mbari.org\PAM_Archive\2020\05\MARS_20200518_191219.wav,true,2020-05-26T22:51:28.277
\\atlas.shore.mbari.org\PAM_Archive\2020\05\MARS_20200518_192219.wav,true,2020-05-26T22:51:47.17
\\atlas.shore.mbari.org\PAM_Archive\2020\05\MARS_20200518_193219.wav,true,2020-05-26T22:51:48.409
\\atlas.shore.mbari.org\PAM_Archive\2020\05\MARS_20200518_194219.wav,true,2020-05-26T22:52:08.219
\\atlas.shore.mbari.org\PAM_Archive\2020\05\MARS_20200518_195219.wav,true,2020-05-26T22:52:07.716
\\atlas.shore.mbari.org\PAM_Archive\2020\05\MARS_20200518_200219.wav,true,2020-05-26T22:52:29.161
\\atlas.shore.mbari.org\PAM_Archive\2020\05\MARS_20200518_201219.wav,true,2020-05-26T22:52:29.423
\\atlas.shore.mbari.org\PAM_Archive\2020\05\MARS_20200518_202219.wav,true,2020-05-26T22:52:48.95
\\atlas.shore.mbari.org\PAM_Archive\2020\05\MARS_20200518_203219.wav,true,2020-05-26T22:52:50.586
\\atlas.shore.mbari.org\PAM_Archive\2020\05\MARS_20200518_204219.wav,true,2020-05-26T22:53:08.534
\\atlas.shore.mbari.org\PAM_Archive\2020\05\MARS_20200518_205219.wav,true,2020-05-26T22:53:11.827
\\atlas.shore.mbari.org\PAM_Archive\2020\05\MARS_20200518_210219.wav,true,2020-05-26T22:53:28.343
\\atlas.shore.mbari.org\PAM_Archive\2020\05\MARS_20200518_211219.wav,true,2020-05-26T22:53:32.277
\\atlas.shore.mbari.org\PAM_Archive\2020\05\MARS_20200518_212219.wav,true,2020-05-26T22:53:48.668
\\atlas.shore.mbari.org\PAM_Archive\2020\05\MARS_20200518_213219.wav,true,2020-05-26T22:53:52.845
\\atlas.shore.mbari.org\PAM_Archive\2020\05\MARS_20200518_214219.wav,true,2020-05-26T22:54:09.246
\\atlas.shore.mbari.org\PAM_Archive\2020\05\MARS_20200518_215219.wav,true,2020-05-26T22:54:12.487
\\atlas.shore.mbari.org\PAM_Archive\2020\05\MARS_20200518_220219.wav,true,2020-05-26T22:54:30.47
\\atlas.shore.mbari.org\PAM_Archive\2020\05\MARS_20200518_221219.wav,true,2020-05-26T22:54:34.151
\\atlas.shore.mbari.org\PAM_Archive\2020\05\MARS_20200518_222219.wav,true,2020-05-26T22:54:52.394
\\atlas.shore.mbari.org\PAM_Archive\2020\05\MARS_20200518_223219.wav,true,2020-05-26T22:54:53.801
\\atlas.shore.mbari.org\PAM_Archive\2020\05\MARS_20200518_224219.wav,true,2020-05-26T22:55:13.967
\\atlas.shore.mbari.org\PAM_Archive\2020\05\MARS_20200518_225219.wav,true,2020-05-26T22:55:14.989
\\atlas.shore.mbari.org\PAM_Archive\2020\05\MARS_20200518_230219.wav,true,2020-05-26T22:55:34.466
\\atlas.shore.mbari.org\PAM_Archive\2020\05\MARS_20200518_231219.wav,true,2020-05-26T22:55:35.289
\\atlas.shore.mbari.org\PAM_Archive\2020\05\MARS_20200518_232219.wav,true,2020-05-26T22:55:55.069
\\atlas.shore.mbari.org\PAM_Archive\2020\05\MARS_20200518_233219.wav,true,2020-05-26T22:55:56.453
\\atlas.shore.mbari.org\PAM_Archive\2020\05\MARS_20200518_234219.wav,true,2020-05-26T22:56:15.368
\\atlas.shore.mbari.org\PAM_Archive\2020\05\MARS_20200518_235219.wav,true,2020-05-26T22:56:18.398
\\atlas.shore.mbari.org\PAM_Archive\2020\05\MARS_20200519_000219.wav,true,2020-05-26T22:56:36.873
\\atlas.shore.mbari.org\PAM_Archive\2020\05\MARS_20200519_001219.wav,true,2020-05-26T22:56:40.356
\\atlas.shore.mbari.org\PAM_Archive\2020\05\MARS_20200519_002219.wav,true,2020-05-26T22:56:57.768
\\atlas.shore.mbari.org\PAM_Archive\2020\05\MARS_20200519_003219.wav,true,2020-05-26T22:57:01.65
\\atlas.shore.mbari.org\PAM_Archive\2020\05\MARS_20200519_004219.wav,true,2020-05-26T22:57:18.021
\\atlas.shore.mbari.org\PAM_Archive\2020\05\MARS_20200519_005219.wav,true,2020-05-26T22:57:22.008
\\atlas.shore.mbari.org\PAM_Archive\2020\05\MARS_20200519_010219.wav,true,2020-05-26T22:57:37.149
\\atlas.shore.mbari.org\PAM_Archive\2020\05\MARS_20200519_011219.wav,true,2020-05-26T22:57:42.686
\\atlas.shore.mbari.org\PAM_Archive\2020\05\MARS_20200519_012219.wav,true,2020-05-26T22:57:56.669
\\atlas.shore.mbari.org\PAM_Archive\2020\05\MARS_20200519_013219.wav,true,2020-05-26T22:58:01.996
\\atlas.shore.mbari.org\PAM_Archive\2020\05\MARS_20200519_014219.wav,true,2020-05-26T22:58:16.636
\\atlas.shore.mbari.org\PAM_Archive\2020\05\MARS_20200519_015219.wav,true,2020-05-26T22:58:21.23
\\atlas.shore.mbari.org\PAM_Archive\2020\05\MARS_20200519_020219.wav,true,2020-05-26T22:58:36.83
\\atlas.shore.mbari.org\PAM_Archive\2020\05\MARS_20200519_021219.wav,true,2020-05-26T22:58:41.532
\\atlas.shore.mbari.org\PAM_Archive\2020\05\MARS_20200519_022219.wav,true,2020-05-26T22:58:58.145
\\atlas.shore.mbari.org\PAM_Archive\2020\05\MARS_20200519_023219.wav,true,2020-05-26T22:59:00.466
\\atlas.shore.mbari.org\PAM_Archive\2020\05\MARS_20200519_024219.wav,true,2020-05-26T22:59:18.225
\\atlas.shore.mbari.org\PAM_Archive\2020\05\MARS_20200519_025219.wav,true,2020-05-26T22:59:22.332
\\atlas.shore.mbari.org\PAM_Archive\2020\05\MARS_20200519_030219.wav,true,2020-05-26T22:59:38.895
\\atlas.shore.mbari.org\PAM_Archive\2020\05\MARS_20200519_031219.wav,true,2020-05-26T22:59:43.291
\\atlas.shore.mbari.org\PAM_Archive\2020\05\MARS_20200519_032219.wav,true,2020-05-26T22:59:59.673
\\atlas.shore.mbari.org\PAM_Archive\2020\05\MARS_20200519_033219.wav,true,2020-05-26T23:00:04.269
\\atlas.shore.mbari.org\PAM_Archive\2020\05\MARS_20200519_034219.wav,true,2020-05-26T23:00:20.381
\\atlas.shore.mbari.org\PAM_Archive\2020\05\MARS_20200519_035219.wav,true,2020-05-26T23:00:25.86
\\atlas.shore.mbari.org\PAM_Archive\2020\05\MARS_20200519_040219.wav,true,2020-05-26T23:00:40.594
\\atlas.shore.mbari.org\PAM_Archive\2020\05\MARS_20200519_041219.wav,true,2020-05-26T23:00:46.728
\\atlas.shore.mbari.org\PAM_Archive\2020\05\MARS_20200519_042219.wav,true,2020-05-26T23:01:01.555
\\atlas.shore.mbari.org\PAM_Archive\2020\05\MARS_20200519_043219.wav,true,2020-05-26T23:01:07.929
\\atlas.shore.mbari.org\PAM_Archive\2020\05\MARS_20200519_044219.wav,true,2020-05-26T23:01:22.087
\\atlas.shore.mbari.org\PAM_Archive\2020\05\MARS_20200519_045219.wav,true,2020-05-26T23:01:27.537
\\atlas.shore.mbari.org\PAM_Archive\2020\05\MARS_20200519_050219.wav,true,2020-05-26T23:01:42.677
\\atlas.shore.mbari.org\PAM_Archive\2020\05\MARS_20200519_051219.wav,true,2020-05-26T23:01:47.566
\\atlas.shore.mbari.org\PAM_Archive\2020\05\MARS_20200519_052219.wav,true,2020-05-26T23:02:03.792
\\atlas.shore.mbari.org\PAM_Archive\2020\05\MARS_20200519_053219.wav,true,2020-05-26T23:02:08.856
\\atlas.shore.mbari.org\PAM_Archive\2020\05\MARS_20200519_054219.wav,true,2020-05-26T23:02:24.506
\\atlas.shore.mbari.org\PAM_Archive\2020\05\MARS_20200519_055219.wav,true,2020-05-26T23:02:28.621
\\atlas.shore.mbari.org\PAM_Archive\2020\05\MARS_20200519_060219.wav,true,2020-05-26T23:02:44.633
\\atlas.shore.mbari.org\PAM_Archive\2020\05\MARS_20200519_061219.wav,true,2020-05-26T23:02:48.427
\\atlas.shore.mbari.org\PAM_Archive\2020\05\MARS_20200519_062219.wav,true,2020-05-26T23:03:06.19
\\atlas.shore.mbari.org\PAM_Archive\2020\05\MARS_20200519_063219.wav,true,2020-05-26T23:03:08.77
\\atlas.shore.mbari.org\PAM_Archive\2020\05\MARS_20200519_064219.wav,true,2020-05-26T23:03:26.983
\\atlas.shore.mbari.org\PAM_Archive\2020\05\MARS_20200519_065219.wav,true,2020-05-26T23:03:28.581
\\atlas.shore.mbari.org\PAM_Archive\2020\05\MARS_20200519_070219.wav,true,2020-05-26T23:03:48.002
\\atlas.shore.mbari.org\PAM_Archive\2020\05\MARS_20200519_071219.wav,true,2020-05-26T23:03:49.278
\\atlas.shore.mbari.org\PAM_Archive\2020\05\MARS_20200519_072219.wav,true,2020-05-26T23:04:08.773
\\atlas.shore.mbari.org\PAM_Archive\2020\05\MARS_20200519_073219.wav,true,2020-05-26T23:04:09.49
\\atlas.shore.mbari.org\PAM_Archive\2020\05\MARS_20200519_074219.wav,true,2020-05-26T23:04:30.237
\\atlas.shore.mbari.org\PAM_Archive\2020\05\MARS_20200519_075219.wav,true,2020-05-26T23:04:30.757
\\atlas.shore.mbari.org\PAM_Archive\2020\05\MARS_20200519_080219.wav,true,2020-05-26T23:04:49.63
\\atlas.shore.mbari.org\PAM_Archive\2020\05\MARS_20200519_081219.wav,true,2020-05-26T23:04:51.086
\\atlas.shore.mbari.org\PAM_Archive\2020\05\MARS_20200519_082219.wav,true,2020-05-26T23:05:10.345
\\atlas.shore.mbari.org\PAM_Archive\2020\05\MARS_20200519_083219.wav,true,2020-05-26T23:05:11.168
\\atlas.shore.mbari.org\PAM_Archive\2020\05\MARS_20200519_084219.wav,true,2020-05-26T23:05:31.401
\\atlas.shore.mbari.org\PAM_Archive\2020\05\MARS_20200519_085219.wav,true,2020-05-26T23:05:32.252
\\atlas.shore.mbari.org\PAM_Archive\2020\05\MARS_20200519_090219.wav,true,2020-05-26T23:05:51.313
\\atlas.shore.mbari.org\PAM_Archive\2020\05\MARS_20200519_091219.wav,true,2020-05-26T23:05:52.753
\\atlas.shore.mbari.org\PAM_Archive\2020\05\MARS_20200519_092219.wav,true,2020-05-26T23:06:11.856
\\atlas.shore.mbari.org\PAM_Archive\2020\05\MARS_20200519_093219.wav,true,2020-05-26T23:06:12.51
\\atlas.shore.mbari.org\PAM_Archive\2020\05\MARS_20200519_094219.wav,true,2020-05-26T23:06:31.985
\\atlas.shore.mbari.org\PAM_Archive\2020\05\MARS_20200519_095219.wav,true,2020-05-26T23:06:32.876
\\atlas.shore.mbari.org\PAM_Archive\2020\05\MARS_20200519_100219.wav,true,2020-05-26T23:06:52.669
\\atlas.shore.mbari.org\PAM_Archive\2020\05\MARS_20200519_101219.wav,true,2020-05-26T23:06:53.94
\\atlas.shore.mbari.org\PAM_Archive\2020\05\MARS_20200519_102219.wav,true,2020-05-26T23:07:12.329
\\atlas.shore.mbari.org\PAM_Archive\2020\05\MARS_20200519_103219.wav,true,2020-05-26T23:07:13.643
\\atlas.shore.mbari.org\PAM_Archive\2020\05\MARS_20200519_104219.wav,true,2020-05-26T23:07:32.825
\\atlas.shore.mbari.org\PAM_Archive\2020\05\MARS_20200519_105219.wav,true,2020-05-26T23:07:33.656
\\atlas.shore.mbari.org\PAM_Archive\2020\05\MARS_20200519_110219.wav,true,2020-05-26T23:07:54.151
\\atlas.shore.mbari.org\PAM_Archive\2020\05\MARS_20200519_111219.wav,true,2020-05-26T23:07:54.382
\\atlas.shore.mbari.org\PAM_Archive\2020\05\MARS_20200519_112219.wav,true,2020-05-26T23:08:13.794
\\atlas.shore.mbari.org\PAM_Archive\2020\05\MARS_20200519_113219.wav,false,
\\atlas.shore.mbari.org\PAM_Archive\2020\05\MARS_20200519_114219.wav,false,
\\atlas.shore.mbari.org\PAM_Archive\2020\05\MARS_20200519_115219.wav,false,
\\atlas.shore.mbari.org\PAM_Archive\2020\05\MARS_20200519_120219.wav,false,
\\atlas.shore.mbari.org\PAM_Archive\2020\05\MARS_20200519_121219.wav,false,
\\atlas.shore.mbari.org\PAM_Archive\2020\05\MARS_20200519_122219.wav,false,
\\atlas.shore.mbari.org\PAM_Archive\2020\05\MARS_20200519_123219.wav,false,
\\atlas.shore.mbari.org\PAM_Archive\2020\05\MARS_20200519_124219.wav,false,
\\atlas.shore.mbari.org\PAM_Archive\2020\05\MARS_20200519_125219.wav,false,
\\atlas.shore.mbari.org\PAM_Archive\2020\05\MARS_20200519_130219.wav,false,
\\atlas.shore.mbari.org\PAM_Archive\2020\05\MARS_20200519_131219.wav,false,
\\atlas.shore.mbari.org\PAM_Archive\2020\05\MARS_20200519_132219.wav,false,
\\atlas.shore.mbari.org\PAM_Archive\2020\05\MARS_20200519_133219.wav,false,
\\atlas.shore.mbari.org\PAM_Archive\2020\05\MARS_20200519_134219.wav,false,
\\atlas.shore.mbari.org\PAM_Archive\2020\05\MARS_20200519_135219.wav,false,
\\atlas.shore.mbari.org\PAM_Archive\2020\05\MARS_20200519_140219.wav,false,
\\atlas.shore.mbari.org\PAM_Archive\2020\05\MARS_20200519_141219.wav,false,
\\atlas.shore.mbari.org\PAM_Archive\2020\05\MARS_20200519_142219.wav,false,
\\atlas.shore.mbari.org\PAM_Archive\2020\05\MARS_20200519_143219.wav,false,
\\atlas.shore.mbari.org\PAM_Archive\2020\05\MARS_20200519_144219.wav,false,
\\atlas.shore.mbari.org\PAM_Archive\2020\05\MARS_20200519_145219.wav,false,
\\atlas.shore.mbari.org\PAM_Archive\2020\05\MARS_20200519_150219.wav,false,
\\atlas.shore.mbari.org\PAM_Archive\2020\05\MARS_20200519_151219.wav,false,
\\atlas.shore.mbari.org\PAM_Archive\2020\05\MARS_20200519_152219.wav,false,
\\atlas.shore.mbari.org\PAM_Archive\2020\05\MARS_20200519_153219.wav,false,
\\atlas.shore.mbari.org\PAM_Archive\2020\05\MARS_20200519_154220.wav,false,
\\atlas.shore.mbari.org\PAM_Archive\2020\05\MARS_20200519_155219.wav,false,
\\atlas.shore.mbari.org\PAM_Archive\2020\05\MARS_20200519_160219.wav,false,
\\atlas.shore.mbari.org\PAM_Archive\2020\05\MARS_20200519_161219.wav,false,
\\atlas.shore.mbari.org\PAM_Archive\2020\05\MARS_20200519_162219.wav,false,
\\atlas.shore.mbari.org\PAM_Archive\2020\05\MARS_20200519_163219.wav,false,
\\atlas.shore.mbari.org\PAM_Archive\2020\05\MARS_20200519_164219.wav,false,
\\atlas.shore.mbari.org\PAM_Archive\2020\05\MARS_20200519_165219.wav,false,
\\atlas.shore.mbari.org\PAM_Archive\2020\05\MARS_20200519_170218.wav,false,
\\atlas.shore.mbari.org\PAM_Archive\2020\05\MARS_20200519_171218.wav,false,
\\atlas.shore.mbari.org\PAM_Archive\2020\05\MARS_20200519_172218.wav,false,
\\atlas.shore.mbari.org\PAM_Archive\2020\05\MARS_20200519_173218.wav,false,
\\atlas.shore.mbari.org\PAM_Archive\2020\05\MARS_20200519_174218.wav,false,
\\atlas.shore.mbari.org\PAM_Archive\2020\05\MARS_20200519_175218.wav,false,
\\atlas.shore.mbari.org\PAM_Archive\2020\05\MARS_20200519_180218.wav,false,
\\atlas.shore.mbari.org\PAM_Archive\2020\05\MARS_20200519_181218.wav,false,
\\atlas.shore.mbari.org\PAM_Archive\2020\05\MARS_20200519_182218.wav,false,
\\atlas.shore.mbari.org\PAM_Archive\2020\05\MARS_20200519_183218.wav,false,
\\atlas.shore.mbari.org\PAM_Archive\2020\05\MARS_20200519_184218.wav,false,
\\atlas.shore.mbari.org\PAM_Archive\2020\05\MARS_20200519_185218.wav,false,
\\atlas.shore.mbari.org\PAM_Archive\2020\05\MARS_20200519_190218.wav,false,
\\atlas.shore.mbari.org\PAM_Archive\2020\05\MARS_20200519_191218.wav,false,
\\atlas.shore.mbari.org\PAM_Archive\2020\05\MARS_20200519_192218.wav,false,
\\atlas.shore.mbari.org\PAM_Archive\2020\05\MARS_20200519_193218.wav,false,
\\atlas.shore.mbari.org\PAM_Archive\2020\05\MARS_20200519_194218.wav,false,
\\atlas.shore.mbari.org\PAM_Archive\2020\05\MARS_20200519_195218.wav,false,
\\atlas.shore.mbari.org\PAM_Archive\2020\05\MARS_20200519_200218.wav,false,
\\atlas.shore.mbari.org\PAM_Archive\2020\05\MARS_20200519_201218.wav,false,
\\atlas.shore.mbari.org\PAM_Archive\2020\05\MARS_20200519_202218.wav,false,
\\atlas.shore.mbari.org\PAM_Archive\2020\05\MARS_20200519_203218.wav,false,
\\atlas.shore.mbari.org\PAM_Archive\2020\05\MARS_20200519_204218.wav,false,
\\atlas.shore.mbari.org\PAM_Archive\2020\05\MARS_20200519_205218.wav,false,
\\atlas.shore.mbari.org\PAM_Archive\2020\05\MARS_20200519_210218.wav,false,
\\atlas.shore.mbari.org\PAM_Archive\2020\05\MARS_20200519_211218.wav,false,
\\atlas.shore.mbari.org\PAM_Archive\2020\05\MARS_20200519_212218.wav,false,
\\atlas.shore.mbari.org\PAM_Archive\2020\05\MARS_20200519_213218.wav,false,
\\atlas.shore.mbari.org\PAM_Archive\2020\05\MARS_20200519_214218.wav,false,
\\atlas.shore.mbari.org\PAM_Archive\2020\05\MARS_20200519_215218.wav,false,
\\atlas.shore.mbari.org\PAM_Archive\2020\05\MARS_20200519_220218.wav,false,
\\atlas.shore.mbari.org\PAM_Archive\2020\05\MARS_20200519_221218.wav,false,
\\atlas.shore.mbari.org\PAM_Archive\2020\05\MARS_20200519_222218.wav,false,
\\atlas.shore.mbari.org\PAM_Archive\2020\05\MARS_20200519_223218.wav,false,
\\atlas.shore.mbari.org\PAM_Archive\2020\05\MARS_20200519_224218.wav,false,
\\atlas.shore.mbari.org\PAM_Archive\2020\05\MARS_20200519_225218.wav,false,
\\atlas.shore.mbari.org\PAM_Archive\2020\05\MARS_20200519_230218.wav,false,
\\atlas.shore.mbari.org\PAM_Archive\2020\05\MARS_20200519_231218.wav,false,
\\atlas.shore.mbari.org\PAM_Archive\2020\05\MARS_20200519_232218.wav,false,
\\atlas.shore.mbari.org\PAM_Archive\2020\05\MARS_20200519_233218.wav,false,
\\atlas.shore.mbari.org\PAM_Archive\2020\05\MARS_20200519_234218.wav,false,
\\atlas.shore.mbari.org\PAM_Archive\2020\05\MARS_20200519_235218.wav,false,
\\atlas.shore.mbari.org\PAM_Archive\2020\05\MARS_20200520_000218.wav,false,
\\atlas.shore.mbari.org\PAM_Archive\2020\05\MARS_20200520_001218.wav,false,
\\atlas.shore.mbari.org\PAM_Archive\2020\05\MARS_20200520_002218.wav,false,
\\atlas.shore.mbari.org\PAM_Archive\2020\05\MARS_20200520_003218.wav,false,
\\atlas.shore.mbari.org\PAM_Archive\2020\05\MARS_20200520_004218.wav,false,
\\atlas.shore.mbari.org\PAM_Archive\2020\05\MARS_20200520_005218.wav,false,
\\atlas.shore.mbari.org\PAM_Archive\2020\05\MARS_20200520_010218.wav,false,
\\atlas.shore.mbari.org\PAM_Archive\2020\05\MARS_20200520_011218.wav,false,
\\atlas.shore.mbari.org\PAM_Archive\2020\05\MARS_20200520_012218.wav,false,
\\atlas.shore.mbari.org\PAM_Archive\2020\05\MARS_20200520_013218.wav,false,
\\atlas.shore.mbari.org\PAM_Archive\2020\05\MARS_20200520_014218.wav,false,
\\atlas.shore.mbari.org\PAM_Archive\2020\05\MARS_20200520_015218.wav,false,
\\atlas.shore.mbari.org\PAM_Archive\2020\05\MARS_20200520_020218.wav,false,
\\atlas.shore.mbari.org\PAM_Archive\2020\05\MARS_20200520_021218.wav,false,
\\atlas.shore.mbari.org\PAM_Archive\2020\05\MARS_20200520_022218.wav,false,
\\atlas.shore.mbari.org\PAM_Archive\2020\05\MARS_20200520_023218.wav,false,
\\atlas.shore.mbari.org\PAM_Archive\2020\05\MARS_20200520_024218.wav,false,
\\atlas.shore.mbari.org\PAM_Archive\2020\05\MARS_20200520_025218.wav,false,
\\atlas.shore.mbari.org\PAM_Archive\2020\05\MARS_20200520_030218.wav,false,
\\atlas.shore.mbari.org\PAM_Archive\2020\05\MARS_20200520_031218.wav,false,
\\atlas.shore.mbari.org\PAM_Archive\2020\05\MARS_20200520_032218.wav,false,
\\atlas.shore.mbari.org\PAM_Archive\2020\05\MARS_20200520_033218.wav,false,
\\atlas.shore.mbari.org\PAM_Archive\2020\05\MARS_20200520_034218.wav,false,
\\atlas.shore.mbari.org\PAM_Archive\2020\05\MARS_20200520_035218.wav,false,
\\atlas.shore.mbari.org\PAM_Archive\2020\05\MARS_20200520_040218.wav,false,
\\atlas.shore.mbari.org\PAM_Archive\2020\05\MARS_20200520_041218.wav,false,
\\atlas.shore.mbari.org\PAM_Archive\2020\05\MARS_20200520_042219.wav,false,
\\atlas.shore.mbari.org\PAM_Archive\2020\05\MARS_20200520_043218.wav,false,
\\atlas.shore.mbari.org\PAM_Archive\2020\05\MARS_20200520_044218.wav,false,
\\atlas.shore.mbari.org\PAM_Archive\2020\05\MARS_20200520_045218.wav,false,
\\atlas.shore.mbari.org\PAM_Archive\2020\05\MARS_20200520_050218.wav,false,
\\atlas.shore.mbari.org\PAM_Archive\2020\05\MARS_20200520_051218.wav,false,
\\atlas.shore.mbari.org\PAM_Archive\2020\05\MARS_20200520_052218.wav,false,
\\atlas.shore.mbari.org\PAM_Archive\2020\05\MARS_20200520_053218.wav,false,
\\atlas.shore.mbari.org\PAM_Archive\2020\05\MARS_20200520_054218.wav,false,
\\atlas.shore.mbari.org\PAM_Archive\2020\05\MARS_20200520_055218.wav,false,
\\atlas.shore.mbari.org\PAM_Archive\2020\05\MARS_20200520_060218.wav,false,
\\atlas.shore.mbari.org\PAM_Archive\2020\05\MARS_20200520_061218.wav,false,
\\atlas.shore.mbari.org\PAM_Archive\2020\05\MARS_20200520_062218.wav,false,
\\atlas.shore.mbari.org\PAM_Archive\2020\05\MARS_20200520_063218.wav,false,
\\atlas.shore.mbari.org\PAM_Archive\2020\05\MARS_20200520_064218.wav,false,
\\atlas.shore.mbari.org\PAM_Archive\2020\05\MARS_20200520_065218.wav,false,
\\atlas.shore.mbari.org\PAM_Archive\2020\05\MARS_20200520_070218.wav,false,
\\atlas.shore.mbari.org\PAM_Archive\2020\05\MARS_20200520_071219.wav,false,
\\atlas.shore.mbari.org\PAM_Archive\2020\05\MARS_20200520_072218.wav,false,
\\atlas.shore.mbari.org\PAM_Archive\2020\05\MARS_20200520_073219.wav,false,
\\atlas.shore.mbari.org\PAM_Archive\2020\05\MARS_20200520_074219.wav,false,
\\atlas.shore.mbari.org\PAM_Archive\2020\05\MARS_20200520_075218.wav,false,
\\atlas.shore.mbari.org\PAM_Archive\2020\05\MARS_20200520_080218.wav,false,
\\atlas.shore.mbari.org\PAM_Archive\2020\05\MARS_20200520_081219.wav,false,
\\atlas.shore.mbari.org\PAM_Archive\2020\05\MARS_20200520_082219.wav,false,
\\atlas.shore.mbari.org\PAM_Archive\2020\05\MARS_20200520_083218.wav,false,
\\atlas.shore.mbari.org\PAM_Archive\2020\05\MARS_20200520_084218.wav,false,
\\atlas.shore.mbari.org\PAM_Archive\2020\05\MARS_20200520_085219.wav,false,
\\atlas.shore.mbari.org\PAM_Archive\2020\05\MARS_20200520_090218.wav,false,
\\atlas.shore.mbari.org\PAM_Archive\2020\05\MARS_20200520_091218.wav,false,
\\atlas.shore.mbari.org\PAM_Archive\2020\05\MARS_20200520_092218.wav,false,
\\atlas.shore.mbari.org\PAM_Archive\2020\05\MARS_20200520_093218.wav,false,
\\atlas.shore.mbari.org\PAM_Archive\2020\05\MARS_20200520_094219.wav,false,
\\atlas.shore.mbari.org\PAM_Archive\2020\05\MARS_20200520_095218.wav,false,
\\atlas.shore.mbari.org\PAM_Archive\2020\05\MARS_20200520_100218.wav,false,
\\atlas.shore.mbari.org\PAM_Archive\2020\05\MARS_20200520_101219.wav,false,
\\atlas.shore.mbari.org\PAM_Archive\2020\05\MARS_20200520_102218.wav,false,
\\atlas.shore.mbari.org\PAM_Archive\2020\05\MARS_20200520_103219.wav,false,
\\atlas.shore.mbari.org\PAM_Archive\2020\05\MARS_20200520_104219.wav,false,
\\atlas.shore.mbari.org\PAM_Archive\2020\05\MARS_20200520_105218.wav,false,
\\atlas.shore.mbari.org\PAM_Archive\2020\05\MARS_20200520_110219.wav,false,
\\atlas.shore.mbari.org\PAM_Archive\2020\05\MARS_20200520_111219.wav,false,
\\atlas.shore.mbari.org\PAM_Archive\2020\05\MARS_20200520_112219.wav,false,
\\atlas.shore.mbari.org\PAM_Archive\2020\05\MARS_20200520_113219.wav,false,
\\atlas.shore.mbari.org\PAM_Archive\2020\05\MARS_20200520_114219.wav,false,
\\atlas.shore.mbari.org\PAM_Archive\2020\05\MARS_20200520_115219.wav,false,
\\atlas.shore.mbari.org\PAM_Archive\2020\05\MARS_20200520_120219.wav,false,
\\atlas.shore.mbari.org\PAM_Archive\2020\05\MARS_20200520_121219.wav,false,
\\atlas.shore.mbari.org\PAM_Archive\2020\05\MARS_20200520_122219.wav,false,
\\atlas.shore.mbari.org\PAM_Archive\2020\05\MARS_20200520_123219.wav,false,
\\atlas.shore.mbari.org\PAM_Archive\2020\05\MARS_20200520_124219.wav,false,
\\atlas.shore.mbari.org\PAM_Archive\2020\05\MARS_20200520_125219.wav,false,
\\atlas.shore.mbari.org\PAM_Archive\2020\05\MARS_20200520_130219.wav,false,
\\atlas.shore.mbari.org\PAM_Archive\2020\05\MARS_20200520_131219.wav,false,
\\atlas.shore.mbari.org\PAM_Archive\2020\05\MARS_20200520_132219.wav,false,
\\atlas.shore.mbari.org\PAM_Archive\2020\05\MARS_20200520_133219.wav,false,
\\atlas.shore.mbari.org\PAM_Archive\2020\05\MARS_20200520_134219.wav,false,
\\atlas.shore.mbari.org\PAM_Archive\2020\05\MARS_20200520_135219.wav,false,
\\atlas.shore.mbari.org\PAM_Archive\2020\05\MARS_20200520_140219.wav,false,
\\atlas.shore.mbari.org\PAM_Archive\2020\05\MARS_20200520_141219.wav,false,
\\atlas.shore.mbari.org\PAM_Archive\2020\05\MARS_20200520_142219.wav,false,
\\atlas.shore.mbari.org\PAM_Archive\2020\05\MARS_20200520_143219.wav,false,
\\atlas.shore.mbari.org\PAM_Archive\2020\05\MARS_20200520_144219.wav,false,
\\atlas.shore.mbari.org\PAM_Archive\2020\05\MARS_20200520_145219.wav,false,
\\atlas.shore.mbari.org\PAM_Archive\2020\05\MARS_20200520_150219.wav,false,
\\atlas.shore.mbari.org\PAM_Archive\2020\05\MARS_20200520_151219.wav,false,
\\atlas.shore.mbari.org\PAM_Archive\2020\05\MARS_20200520_152219.wav,false,
\\atlas.shore.mbari.org\PAM_Archive\2020\05\MARS_20200520_153219.wav,false,
\\atlas.shore.mbari.org\PAM_Archive\2020\05\MARS_20200520_154219.wav,false,
\\atlas.shore.mbari.org\PAM_Archive\2020\05\MARS_20200520_155219.wav,false,
\\atlas.shore.mbari.org\PAM_Archive\2020\05\MARS_20200520_160219.wav,false,
\\atlas.shore.mbari.org\PAM_Archive\2020\05\MARS_20200520_161219.wav,false,
\\atlas.shore.mbari.org\PAM_Archive\2020\05\MARS_20200520_162219.wav,false,
\\atlas.shore.mbari.org\PAM_Archive\2020\05\MARS_20200520_163219.wav,false,
\\atlas.shore.mbari.org\PAM_Archive\2020\05\MARS_20200520_164219.wav,false,
\\atlas.shore.mbari.org\PAM_Archive\2020\05\MARS_20200520_165219.wav,false,
\\atlas.shore.mbari.org\PAM_Archive\2020\05\MARS_20200520_170219.wav,false,
\\atlas.shore.mbari.org\PAM_Archive\2020\05\MARS_20200520_171219.wav,false,
\\atlas.shore.mbari.org\PAM_Archive\2020\05\MARS_20200520_172219.wav,false,
\\atlas.shore.mbari.org\PAM_Archive\2020\05\MARS_20200520_173219.wav,false,
\\atlas.shore.mbari.org\PAM_Archive\2020\05\MARS_20200520_174219.wav,false,
\\atlas.shore.mbari.org\PAM_Archive\2020\05\MARS_20200520_175219.wav,false,
\\atlas.shore.mbari.org\PAM_Archive\2020\05\MARS_20200520_180219.wav,false,
\\atlas.shore.mbari.org\PAM_Archive\2020\05\MARS_20200520_181219.wav,false,
\\atlas.shore.mbari.org\PAM_Archive\2020\05\MARS_20200520_182219.wav,false,
\\atlas.shore.mbari.org\PAM_Archive\2020\05\MARS_20200520_183219.wav,false,
\\atlas.shore.mbari.org\PAM_Archive\2020\05\MARS_20200520_184219.wav,false,
\\atlas.shore.mbari.org\PAM_Archive\2020\05\MARS_20200520_185219.wav,false,
\\atlas.shore.mbari.org\PAM_Archive\2020\05\MARS_20200520_190219.wav,false,
\\atlas.shore.mbari.org\PAM_Archive\2020\05\MARS_20200520_191219.wav,false,
\\atlas.shore.mbari.org\PAM_Archive\2020\05\MARS_20200520_192219.wav,false,
\\atlas.shore.mbari.org\PAM_Archive\2020\05\MARS_20200520_193219.wav,false,
\\atlas.shore.mbari.org\PAM_Archive\2020\05\MARS_20200520_194219.wav,false,
\\atlas.shore.mbari.org\PAM_Archive\2020\05\MARS_20200520_195219.wav,false,
\\atlas.shore.mbari.org\PAM_Archive\2020\05\MARS_20200520_200219.wav,false,
\\atlas.shore.mbari.org\PAM_Archive\2020\05\MARS_20200520_201219.wav,false,
\\atlas.shore.mbari.org\PAM_Archive\2020\05\MARS_20200520_202219.wav,false,
\\atlas.shore.mbari.org\PAM_Archive\2020\05\MARS_20200520_203219.wav,false,
\\atlas.shore.mbari.org\PAM_Archive\2020\05\MARS_20200520_204219.wav,false,
\\atlas.shore.mbari.org\PAM_Archive\2020\05\MARS_20200520_205219.wav,false,
\\atlas.shore.mbari.org\PAM_Archive\2020\05\MARS_20200520_210219.wav,false,
\\atlas.shore.mbari.org\PAM_Archive\2020\05\MARS_20200520_211219.wav,false,
\\atlas.shore.mbari.org\PAM_Archive\2020\05\MARS_20200520_212219.wav,false,
\\atlas.shore.mbari.org\PAM_Archive\2020\05\MARS_20200520_213219.wav,false,
\\atlas.shore.mbari.org\PAM_Archive\2020\05\MARS_20200520_214219.wav,false,
\\atlas.shore.mbari.org\PAM_Archive\2020\05\MARS_20200520_215219.wav,false,
\\atlas.shore.mbari.org\PAM_Archive\2020\05\MARS_20200520_220219.wav,false,
\\atlas.shore.mbari.org\PAM_Archive\2020\05\MARS_20200520_221219.wav,false,
\\atlas.shore.mbari.org\PAM_Archive\2020\05\MARS_20200520_222219.wav,false,
\\atlas.shore.mbari.org\PAM_Archive\2020\05\MARS_20200520_223219.wav,false,
\\atlas.shore.mbari.org\PAM_Archive\2020\05\MARS_20200520_224219.wav,false,
\\atlas.shore.mbari.org\PAM_Archive\2020\05\MARS_20200520_225219.wav,false,
\\atlas.shore.mbari.org\PAM_Archive\2020\05\MARS_20200520_230219.wav,false,
\\atlas.shore.mbari.org\PAM_Archive\2020\05\MARS_20200520_231219.wav,false,
\\atlas.shore.mbari.org\PAM_Archive\2020\05\MARS_20200520_232219.wav,false,
\\atlas.shore.mbari.org\PAM_Archive\2020\05\MARS_20200520_233219.wav,false,
\\atlas.shore.mbari.org\PAM_Archive\2020\05\MARS_20200520_234219.wav,false,
\\atlas.shore.mbari.org\PAM_Archive\2020\05\MARS_20200520_235219.wav,false,
\\atlas.shore.mbari.org\PAM_Archive\2020\05\MARS_20200521_000219.wav,false,
\\atlas.shore.mbari.org\PAM_Archive\2020\05\MARS_20200521_001219.wav,false,
\\atlas.shore.mbari.org\PAM_Archive\2020\05\MARS_20200521_002219.wav,false,
\\atlas.shore.mbari.org\PAM_Archive\2020\05\MARS_20200521_003219.wav,false,
\\atlas.shore.mbari.org\PAM_Archive\2020\05\MARS_20200521_004219.wav,false,
\\atlas.shore.mbari.org\PAM_Archive\2020\05\MARS_20200521_005219.wav,false,
\\atlas.shore.mbari.org\PAM_Archive\2020\05\MARS_20200521_010219.wav,false,
\\atlas.shore.mbari.org\PAM_Archive\2020\05\MARS_20200521_011219.wav,false,
\\atlas.shore.mbari.org\PAM_Archive\2020\05\MARS_20200521_012219.wav,false,
\\atlas.shore.mbari.org\PAM_Archive\2020\05\MARS_20200521_013219.wav,false,
\\atlas.shore.mbari.org\PAM_Archive\2020\05\MARS_20200521_014219.wav,false,
\\atlas.shore.mbari.org\PAM_Archive\2020\05\MARS_20200521_015219.wav,false,
\\atlas.shore.mbari.org\PAM_Archive\2020\05\MARS_20200521_020219.wav,false,
\\atlas.shore.mbari.org\PAM_Archive\2020\05\MARS_20200521_021219.wav,false,
\\atlas.shore.mbari.org\PAM_Archive\2020\05\MARS_20200521_022219.wav,false,
\\atlas.shore.mbari.org\PAM_Archive\2020\05\MARS_20200521_023219.wav,false,
\\atlas.shore.mbari.org\PAM_Archive\2020\05\MARS_20200521_024219.wav,false,
\\atlas.shore.mbari.org\PAM_Archive\2020\05\MARS_20200521_025219.wav,false,
\\atlas.shore.mbari.org\PAM_Archive\2020\05\MARS_20200521_030219.wav,false,
\\atlas.shore.mbari.org\PAM_Archive\2020\05\MARS_20200521_031219.wav,false,
\\atlas.shore.mbari.org\PAM_Archive\2020\05\MARS_20200521_032219.wav,false,
\\atlas.shore.mbari.org\PAM_Archive\2020\05\MARS_20200521_033219.wav,false,
\\atlas.shore.mbari.org\PAM_Archive\2020\05\MARS_20200521_034219.wav,false,
\\atlas.shore.mbari.org\PAM_Archive\2020\05\MARS_20200521_035219.wav,false,
\\atlas.shore.mbari.org\PAM_Archive\2020\05\MARS_20200521_040219.wav,false,
\\atlas.shore.mbari.org\PAM_Archive\2020\05\MARS_20200521_041219.wav,false,
\\atlas.shore.mbari.org\PAM_Archive\2020\05\MARS_20200521_042219.wav,false,
\\atlas.shore.mbari.org\PAM_Archive\2020\05\MARS_20200521_043219.wav,false,
\\atlas.shore.mbari.org\PAM_Archive\2020\05\MARS_20200521_044219.wav,false,
\\atlas.shore.mbari.org\PAM_Archive\2020\05\MARS_20200521_045219.wav,false,
\\atlas.shore.mbari.org\PAM_Archive\2020\05\MARS_20200521_050219.wav,false,
\\atlas.shore.mbari.org\PAM_Archive\2020\05\MARS_20200521_051219.wav,false,
\\atlas.shore.mbari.org\PAM_Archive\2020\05\MARS_20200521_052219.wav,false,
\\atlas.shore.mbari.org\PAM_Archive\2020\05\MARS_20200521_053219.wav,false,
\\atlas.shore.mbari.org\PAM_Archive\2020\05\MARS_20200521_054219.wav,false,
\\atlas.shore.mbari.org\PAM_Archive\2020\05\MARS_20200521_055219.wav,false,
\\atlas.shore.mbari.org\PAM_Archive\2020\05\MARS_20200521_060219.wav,false,
\\atlas.shore.mbari.org\PAM_Archive\2020\05\MARS_20200521_061219.wav,false,
\\atlas.shore.mbari.org\PAM_Archive\2020\05\MARS_20200521_062219.wav,false,
\\atlas.shore.mbari.org\PAM_Archive\2020\05\MARS_20200521_063219.wav,false,
\\atlas.shore.mbari.org\PAM_Archive\2020\05\MARS_20200521_064219.wav,false,
\\atlas.shore.mbari.org\PAM_Archive\2020\05\MARS_20200521_065219.wav,false,
\\atlas.shore.mbari.org\PAM_Archive\2020\05\MARS_20200521_070219.wav,false,
\\atlas.shore.mbari.org\PAM_Archive\2020\05\MARS_20200521_071219.wav,false,
\\atlas.shore.mbari.org\PAM_Archive\2020\05\MARS_20200521_072219.wav,false,
\\atlas.shore.mbari.org\PAM_Archive\2020\05\MARS_20200521_073219.wav,false,
\\atlas.shore.mbari.org\PAM_Archive\2020\05\MARS_20200521_074219.wav,false,
\\atlas.shore.mbari.org\PAM_Archive\2020\05\MARS_20200521_075219.wav,false,
\\atlas.shore.mbari.org\PAM_Archive\2020\05\MARS_20200521_080219.wav,false,
\\atlas.shore.mbari.org\PAM_Archive\2020\05\MARS_20200521_081219.wav,false,
\\atlas.shore.mbari.org\PAM_Archive\2020\05\MARS_20200521_082219.wav,false,
\\atlas.shore.mbari.org\PAM_Archive\2020\05\MARS_20200521_083219.wav,false,
\\atlas.shore.mbari.org\PAM_Archive\2020\05\MARS_20200521_084219.wav,false,
\\atlas.shore.mbari.org\PAM_Archive\2020\05\MARS_20200521_085219.wav,false,
\\atlas.shore.mbari.org\PAM_Archive\2020\05\MARS_20200521_090219.wav,false,
\\atlas.shore.mbari.org\PAM_Archive\2020\05\MARS_20200521_091219.wav,false,
\\atlas.shore.mbari.org\PAM_Archive\2020\05\MARS_20200521_092219.wav,false,
\\atlas.shore.mbari.org\PAM_Archive\2020\05\MARS_20200521_093219.wav,false,
\\atlas.shore.mbari.org\PAM_Archive\2020\05\MARS_20200521_094219.wav,false,
\\atlas.shore.mbari.org\PAM_Archive\2020\05\MARS_20200521_095219.wav,false,
\\atlas.shore.mbari.org\PAM_Archive\2020\05\MARS_20200521_100219.wav,false,
\\atlas.shore.mbari.org\PAM_Archive\2020\05\MARS_20200521_101219.wav,false,
\\atlas.shore.mbari.org\PAM_Archive\2020\05\MARS_20200521_102219.wav,false,
\\atlas.shore.mbari.org\PAM_Archive\2020\05\MARS_20200521_103219.wav,false,
\\atlas.shore.mbari.org\PAM_Archive\2020\05\MARS_20200521_104219.wav,false,
\\atlas.shore.mbari.org\PAM_Archive\2020\05\MARS_20200521_105219.wav,false,
\\atlas.shore.mbari.org\PAM_Archive\2020\05\MARS_20200521_110219.wav,false,
\\atlas.shore.mbari.org\PAM_Archive\2020\05\MARS_20200521_111219.wav,false,
\\atlas.shore.mbari.org\PAM_Archive\2020\05\MARS_20200521_112219.wav,false,
\\atlas.shore.mbari.org\PAM_Archive\2020\05\MARS_20200521_113219.wav,false,
\\atlas.shore.mbari.org\PAM_Archive\2020\05\MARS_20200521_114219.wav,false,
\\atlas.shore.mbari.org\PAM_Archive\2020\05\MARS_20200521_115219.wav,false,
\\atlas.shore.mbari.org\PAM_Archive\2020\05\MARS_20200521_120219.wav,false,
\\atlas.shore.mbari.org\PAM_Archive\2020\05\MARS_20200521_121219.wav,false,
\\atlas.shore.mbari.org\PAM_Archive\2020\05\MARS_20200521_122219.wav,false,
\\atlas.shore.mbari.org\PAM_Archive\2020\05\MARS_20200521_123219.wav,false,
\\atlas.shore.mbari.org\PAM_Archive\2020\05\MARS_20200521_124219.wav,false,
\\atlas.shore.mbari.org\PAM_Archive\2020\05\MARS_20200521_125219.wav,false,
\\atlas.shore.mbari.org\PAM_Archive\2020\05\MARS_20200521_130219.wav,false,
\\atlas.shore.mbari.org\PAM_Archive\2020\05\MARS_20200521_131219.wav,false,
\\atlas.shore.mbari.org\PAM_Archive\2020\05\MARS_20200521_132219.wav,false,
\\atlas.shore.mbari.org\PAM_Archive\2020\05\MARS_20200521_133219.wav,false,
\\atlas.shore.mbari.org\PAM_Archive\2020\05\MARS_20200521_134219.wav,false,
\\atlas.shore.mbari.org\PAM_Archive\2020\05\MARS_20200521_135219.wav,false,
\\atlas.shore.mbari.org\PAM_Archive\2020\05\MARS_20200521_140219.wav,false,
\\atlas.shore.mbari.org\PAM_Archive\2020\05\MARS_20200521_141219.wav,false,
\\atlas.shore.mbari.org\PAM_Archive\2020\05\MARS_20200521_142219.wav,false,
\\atlas.shore.mbari.org\PAM_Archive\2020\05\MARS_20200521_143219.wav,false,
\\atlas.shore.mbari.org\PAM_Archive\2020\05\MARS_20200521_144219.wav,false,
\\atlas.shore.mbari.org\PAM_Archive\2020\05\MARS_20200521_145219.wav,false,
\\atlas.shore.mbari.org\PAM_Archive\2020\05\MARS_20200521_150219.wav,false,
\\atlas.shore.mbari.org\PAM_Archive\2020\05\MARS_20200521_151219.wav,false,
\\atlas.shore.mbari.org\PAM_Archive\2020\05\MARS_20200521_152219.wav,false,
\\atlas.shore.mbari.org\PAM_Archive\2020\05\MARS_20200521_153219.wav,false,
\\atlas.shore.mbari.org\PAM_Archive\2020\05\MARS_20200521_154219.wav,false,
\\atlas.shore.mbari.org\PAM_Archive\2020\05\MARS_20200521_155219.wav,false,
\\atlas.shore.mbari.org\PAM_Archive\2020\05\MARS_20200521_160219.wav,false,
\\atlas.shore.mbari.org\PAM_Archive\2020\05\MARS_20200521_161219.wav,false,
\\atlas.shore.mbari.org\PAM_Archive\2020\05\MARS_20200521_162219.wav,false,
\\atlas.shore.mbari.org\PAM_Archive\2020\05\MARS_20200521_163219.wav,false,
\\atlas.shore.mbari.org\PAM_Archive\2020\05\MARS_20200521_164219.wav,false,
\\atlas.shore.mbari.org\PAM_Archive\2020\05\MARS_20200521_165219.wav,false,
\\atlas.shore.mbari.org\PAM_Archive\2020\05\MARS_20200521_170219.wav,false,
\\atlas.shore.mbari.org\PAM_Archive\2020\05\MARS_20200521_171219.wav,false,
\\atlas.shore.mbari.org\PAM_Archive\2020\05\MARS_20200521_172219.wav,false,
\\atlas.shore.mbari.org\PAM_Archive\2020\05\MARS_20200521_173219.wav,false,
\\atlas.shore.mbari.org\PAM_Archive\2020\05\MARS_20200521_174219.wav,false,
\\atlas.shore.mbari.org\PAM_Archive\2020\05\MARS_20200521_175219.wav,false,
\\atlas.shore.mbari.org\PAM_Archive\2020\05\MARS_20200521_180219.wav,false,
\\atlas.shore.mbari.org\PAM_Archive\2020\05\MARS_20200521_181219.wav,false,
\\atlas.shore.mbari.org\PAM_Archive\2020\05\MARS_20200521_182219.wav,false,
\\atlas.shore.mbari.org\PAM_Archive\2020\05\MARS_20200521_183219.wav,false,
\\atlas.shore.mbari.org\PAM_Archive\2020\05\MARS_20200521_184219.wav,false,
\\atlas.shore.mbari.org\PAM_Archive\2020\05\MARS_20200521_185219.wav,false,
\\atlas.shore.mbari.org\PAM_Archive\2020\05\MARS_20200521_190219.wav,false,
\\atlas.shore.mbari.org\PAM_Archive\2020\05\MARS_20200521_191219.wav,false,
\\atlas.shore.mbari.org\PAM_Archive\2020\05\MARS_20200521_192219.wav,false,
\\atlas.shore.mbari.org\PAM_Archive\2020\05\MARS_20200521_193219.wav,false,
\\atlas.shore.mbari.org\PAM_Archive\2020\05\MARS_20200521_194219.wav,false,
\\atlas.shore.mbari.org\PAM_Archive\2020\05\MARS_20200521_195219.wav,false,
\\atlas.shore.mbari.org\PAM_Archive\2020\05\MARS_20200521_200219.wav,false,
\\atlas.shore.mbari.org\PAM_Archive\2020\05\MARS_20200521_201219.wav,false,
\\atlas.shore.mbari.org\PAM_Archive\2020\05\MARS_20200521_202219.wav,false,
\\atlas.shore.mbari.org\PAM_Archive\2020\05\MARS_20200521_203219.wav,false,
\\atlas.shore.mbari.org\PAM_Archive\2020\05\MARS_20200521_204219.wav,false,
\\atlas.shore.mbari.org\PAM_Archive\2020\05\MARS_20200521_205219.wav,false,
\\atlas.shore.mbari.org\PAM_Archive\2020\05\MARS_20200521_210219.wav,false,
\\atlas.shore.mbari.org\PAM_Archive\2020\05\MARS_20200521_211219.wav,false,
\\atlas.shore.mbari.org\PAM_Archive\2020\05\MARS_20200521_212219.wav,false,
\\atlas.shore.mbari.org\PAM_Archive\2020\05\MARS_20200521_213219.wav,false,
\\atlas.shore.mbari.org\PAM_Archive\2020\05\MARS_20200521_214219.wav,false,
\\atlas.shore.mbari.org\PAM_Archive\2020\05\MARS_20200521_215219.wav,false,
\\atlas.shore.mbari.org\PAM_Archive\2020\05\MARS_20200521_220219.wav,false,
\\atlas.shore.mbari.org\PAM_Archive\2020\05\MARS_20200521_221219.wav,false,
\\atlas.shore.mbari.org\PAM_Archive\2020\05\MARS_20200521_222219.wav,false,
\\atlas.shore.mbari.org\PAM_Archive\2020\05\MARS_20200521_223219.wav,false,
\\atlas.shore.mbari.org\PAM_Archive\2020\05\MARS_20200521_224219.wav,false,
\\atlas.shore.mbari.org\PAM_Archive\2020\05\MARS_20200521_225219.wav,false,
\\atlas.shore.mbari.org\PAM_Archive\2020\05\MARS_20200521_230219.wav,false,
\\atlas.shore.mbari.org\PAM_Archive\2020\05\MARS_20200521_231219.wav,false,
\\atlas.shore.mbari.org\PAM_Archive\2020\05\MARS_20200521_232219.wav,false,
\\atlas.shore.mbari.org\PAM_Archive\2020\05\MARS_20200521_233219.wav,false,
\\atlas.shore.mbari.org\PAM_Archive\2020\05\MARS_20200521_234219.wav,false,
\\atlas.shore.mbari.org\PAM_Archive\2020\05\MARS_20200521_235219.wav,false,
\\atlas.shore.mbari.org\PAM_Archive\2020\05\MARS_20200522_000219.wav,false,
\\atlas.shore.mbari.org\PAM_Archive\2020\05\MARS_20200522_001219.wav,false,
\\atlas.shore.mbari.org\PAM_Archive\2020\05\MARS_20200522_002219.wav,false,
\\atlas.shore.mbari.org\PAM_Archive\2020\05\MARS_20200522_003219.wav,false,
\\atlas.shore.mbari.org\PAM_Archive\2020\05\MARS_20200522_004219.wav,false,
\\atlas.shore.mbari.org\PAM_Archive\2020\05\MARS_20200522_005219.wav,false,
\\atlas.shore.mbari.org\PAM_Archive\2020\05\MARS_20200522_010219.wav,false,
\\atlas.shore.mbari.org\PAM_Archive\2020\05\MARS_20200522_011219.wav,false,
\\atlas.shore.mbari.org\PAM_Archive\2020\05\MARS_20200522_012219.wav,false,
\\atlas.shore.mbari.org\PAM_Archive\2020\05\MARS_20200522_013219.wav,false,
\\atlas.shore.mbari.org\PAM_Archive\2020\05\MARS_20200522_014219.wav,false,
\\atlas.shore.mbari.org\PAM_Archive\2020\05\MARS_20200522_015219.wav,false,
\\atlas.shore.mbari.org\PAM_Archive\2020\05\MARS_20200522_020219.wav,false,
\\atlas.shore.mbari.org\PAM_Archive\2020\05\MARS_20200522_021219.wav,false,
\\atlas.shore.mbari.org\PAM_Archive\2020\05\MARS_20200522_022219.wav,false,
\\atlas.shore.mbari.org\PAM_Archive\2020\05\MARS_20200522_023219.wav,false,
\\atlas.shore.mbari.org\PAM_Archive\2020\05\MARS_20200522_024219.wav,false,
\\atlas.shore.mbari.org\PAM_Archive\2020\05\MARS_20200522_025219.wav,false,
\\atlas.shore.mbari.org\PAM_Archive\2020\05\MARS_20200522_030219.wav,false,
\\atlas.shore.mbari.org\PAM_Archive\2020\05\MARS_20200522_031219.wav,false,
\\atlas.shore.mbari.org\PAM_Archive\2020\05\MARS_20200522_032219.wav,false,
\\atlas.shore.mbari.org\PAM_Archive\2020\05\MARS_20200522_033219.wav,false,
\\atlas.shore.mbari.org\PAM_Archive\2020\05\MARS_20200522_034219.wav,false,
\\atlas.shore.mbari.org\PAM_Archive\2020\05\MARS_20200522_035219.wav,false,
\\atlas.shore.mbari.org\PAM_Archive\2020\05\MARS_20200522_040219.wav,false,
\\atlas.shore.mbari.org\PAM_Archive\2020\05\MARS_20200522_041219.wav,false,
\\atlas.shore.mbari.org\PAM_Archive\2020\05\MARS_20200522_042219.wav,false,
\\atlas.shore.mbari.org\PAM_Archive\2020\05\MARS_20200522_043219.wav,false,
\\atlas.shore.mbari.org\PAM_Archive\2020\05\MARS_20200522_044219.wav,false,
\\atlas.shore.mbari.org\PAM_Archive\2020\05\MARS_20200522_045219.wav,false,
\\atlas.shore.mbari.org\PAM_Archive\2020\05\MARS_20200522_050219.wav,false,
\\atlas.shore.mbari.org\PAM_Archive\2020\05\MARS_20200522_051219.wav,false,
\\atlas.shore.mbari.org\PAM_Archive\2020\05\MARS_20200522_052219.wav,false,
\\atlas.shore.mbari.org\PAM_Archive\2020\05\MARS_20200522_053219.wav,false,
\\atlas.shore.mbari.org\PAM_Archive\2020\05\MARS_20200522_054219.wav,false,
\\atlas.shore.mbari.org\PAM_Archive\2020\05\MARS_20200522_055219.wav,false,
\\atlas.shore.mbari.org\PAM_Archive\2020\05\MARS_20200522_060219.wav,false,
\\atlas.shore.mbari.org\PAM_Archive\2020\05\MARS_20200522_061219.wav,false,
\\atlas.shore.mbari.org\PAM_Archive\2020\05\MARS_20200522_062219.wav,false,
\\atlas.shore.mbari.org\PAM_Archive\2020\05\MARS_20200522_063219.wav,false,
\\atlas.shore.mbari.org\PAM_Archive\2020\05\MARS_20200522_064219.wav,false,
\\atlas.shore.mbari.org\PAM_Archive\2020\05\MARS_20200522_065219.wav,false,
\\atlas.shore.mbari.org\PAM_Archive\2020\05\MARS_20200522_070219.wav,false,
\\atlas.shore.mbari.org\PAM_Archive\2020\05\MARS_20200522_071219.wav,false,
\\atlas.shore.mbari.org\PAM_Archive\2020\05\MARS_20200522_072219.wav,false,
\\atlas.shore.mbari.org\PAM_Archive\2020\05\MARS_20200522_073219.wav,false,
\\atlas.shore.mbari.org\PAM_Archive\2020\05\MARS_20200522_074219.wav,false,
\\atlas.shore.mbari.org\PAM_Archive\2020\05\MARS_20200522_075219.wav,false,
\\atlas.shore.mbari.org\PAM_Archive\2020\05\MARS_20200522_080219.wav,false,
\\atlas.shore.mbari.org\PAM_Archive\2020\05\MARS_20200522_081219.wav,false,
\\atlas.shore.mbari.org\PAM_Archive\2020\05\MARS_20200522_082219.wav,false,
\\atlas.shore.mbari.org\PAM_Archive\2020\05\MARS_20200522_083219.wav,false,
\\atlas.shore.mbari.org\PAM_Archive\2020\05\MARS_20200522_084219.wav,false,
\\atlas.shore.mbari.org\PAM_Archive\2020\05\MARS_20200522_085219.wav,false,
\\atlas.shore.mbari.org\PAM_Archive\2020\05\MARS_20200522_090219.wav,false,
\\atlas.shore.mbari.org\PAM_Archive\2020\05\MARS_20200522_091219.wav,false,
\\atlas.shore.mbari.org\PAM_Archive\2020\05\MARS_20200522_092219.wav,false,
\\atlas.shore.mbari.org\PAM_Archive\2020\05\MARS_20200522_093219.wav,false,
\\atlas.shore.mbari.org\PAM_Archive\2020\05\MARS_20200522_094219.wav,false,
\\atlas.shore.mbari.org\PAM_Archive\2020\05\MARS_20200522_095219.wav,false,
\\atlas.shore.mbari.org\PAM_Archive\2020\05\MARS_20200522_100219.wav,false,
\\atlas.shore.mbari.org\PAM_Archive\2020\05\MARS_20200522_101219.wav,false,
\\atlas.shore.mbari.org\PAM_Archive\2020\05\MARS_20200522_102219.wav,false,
\\atlas.shore.mbari.org\PAM_Archive\2020\05\MARS_20200522_103219.wav,false,
\\atlas.shore.mbari.org\PAM_Archive\2020\05\MARS_20200522_104219.wav,false,
\\atlas.shore.mbari.org\PAM_Archive\2020\05\MARS_20200522_105219.wav,false,
\\atlas.shore.mbari.org\PAM_Archive\2020\05\MARS_20200522_110219.wav,false,
\\atlas.shore.mbari.org\PAM_Archive\2020\05\MARS_20200522_111219.wav,false,
\\atlas.shore.mbari.org\PAM_Archive\2020\05\MARS_20200522_112219.wav,false,
\\atlas.shore.mbari.org\PAM_Archive\2020\05\MARS_20200522_113219.wav,false,
\\atlas.shore.mbari.org\PAM_Archive\2020\05\MARS_20200522_114219.wav,false,
\\atlas.shore.mbari.org\PAM_Archive\2020\05\MARS_20200522_115219.wav,false,
\\atlas.shore.mbari.org\PAM_Archive\2020\05\MARS_20200522_120219.wav,false,
\\atlas.shore.mbari.org\PAM_Archive\2020\05\MARS_20200522_121219.wav,false,
\\atlas.shore.mbari.org\PAM_Archive\2020\05\MARS_20200522_122219.wav,false,
\\atlas.shore.mbari.org\PAM_Archive\2020\05\MARS_20200522_123219.wav,false,
\\atlas.shore.mbari.org\PAM_Archive\2020\05\MARS_20200522_124219.wav,false,
\\atlas.shore.mbari.org\PAM_Archive\2020\05\MARS_20200522_125219.wav,false,
\\atlas.shore.mbari.org\PAM_Archive\2020\05\MARS_20200522_130219.wav,false,
\\atlas.shore.mbari.org\PAM_Archive\2020\05\MARS_20200522_131219.wav,false,
\\atlas.shore.mbari.org\PAM_Archive\2020\05\MARS_20200522_132219.wav,false,
\\atlas.shore.mbari.org\PAM_Archive\2020\05\MARS_20200522_133219.wav,false,
\\atlas.shore.mbari.org\PAM_Archive\2020\05\MARS_20200522_134219.wav,false,
\\atlas.shore.mbari.org\PAM_Archive\2020\05\MARS_20200522_135219.wav,false,
\\atlas.shore.mbari.org\PAM_Archive\2020\05\MARS_20200522_140219.wav,false,
\\atlas.shore.mbari.org\PAM_Archive\2020\05\MARS_20200522_141219.wav,false,
\\atlas.shore.mbari.org\PAM_Archive\2020\05\MARS_20200522_142219.wav,false,
\\atlas.shore.mbari.org\PAM_Archive\2020\05\MARS_20200522_143219.wav,false,
\\atlas.shore.mbari.org\PAM_Archive\2020\05\MARS_20200522_144219.wav,false,
\\atlas.shore.mbari.org\PAM_Archive\2020\05\MARS_20200522_145219.wav,false,
\\atlas.shore.mbari.org\PAM_Archive\2020\05\MARS_20200522_150219.wav,false,
\\atlas.shore.mbari.org\PAM_Archive\2020\05\MARS_20200522_151219.wav,false,
\\atlas.shore.mbari.org\PAM_Archive\2020\05\MARS_20200522_152219.wav,false,
\\atlas.shore.mbari.org\PAM_Archive\2020\05\MARS_20200522_153219.wav,false,
\\atlas.shore.mbari.org\PAM_Archive\2020\05\MARS_20200522_154219.wav,false,
\\atlas.shore.mbari.org\PAM_Archive\2020\05\MARS_20200522_155219.wav,false,
\\atlas.shore.mbari.org\PAM_Archive\2020\05\MARS_20200522_160219.wav,false,
\\atlas.shore.mbari.org\PAM_Archive\2020\05\MARS_20200522_161219.wav,false,
\\atlas.shore.mbari.org\PAM_Archive\2020\05\MARS_20200522_162219.wav,false,
\\atlas.shore.mbari.org\PAM_Archive\2020\05\MARS_20200522_163219.wav,false,
\\atlas.shore.mbari.org\PAM_Archive\2020\05\MARS_20200522_164219.wav,false,
\\atlas.shore.mbari.org\PAM_Archive\2020\05\MARS_20200522_165219.wav,false,
\\atlas.shore.mbari.org\PAM_Archive\2020\05\MARS_20200522_170219.wav,false,
\\atlas.shore.mbari.org\PAM_Archive\2020\05\MARS_20200522_171219.wav,false,
\\atlas.shore.mbari.org\PAM_Archive\2020\05\MARS_20200522_172219.wav,false,
\\atlas.shore.mbari.org\PAM_Archive\2020\05\MARS_20200522_173219.wav,false,
\\atlas.shore.mbari.org\PAM_Archive\2020\05\MARS_20200522_174219.wav,false,
\\atlas.shore.mbari.org\PAM_Archive\2020\05\MARS_20200522_175219.wav,false,
\\atlas.shore.mbari.org\PAM_Archive\2020\05\MARS_20200522_180219.wav,false,
\\atlas.shore.mbari.org\PAM_Archive\2020\05\MARS_20200522_181219.wav,false,
\\atlas.shore.mbari.org\PAM_Archive\2020\05\MARS_20200522_182219.wav,false,
\\atlas.shore.mbari.org\PAM_Archive\2020\05\MARS_20200522_183219.wav,false,
\\atlas.shore.mbari.org\PAM_Archive\2020\05\MARS_20200522_184219.wav,false,
\\atlas.shore.mbari.org\PAM_Archive\2020\05\MARS_20200522_185219.wav,false,
\\atlas.shore.mbari.org\PAM_Archive\2020\05\MARS_20200522_190219.wav,false,
\\atlas.shore.mbari.org\PAM_Archive\2020\05\MARS_20200522_191219.wav,false,
\\atlas.shore.mbari.org\PAM_Archive\2020\05\MARS_20200522_192219.wav,false,
\\atlas.shore.mbari.org\PAM_Archive\2020\05\MARS_20200522_193219.wav,false,
\\atlas.shore.mbari.org\PAM_Archive\2020\05\MARS_20200522_194219.wav,false,
\\atlas.shore.mbari.org\PAM_Archive\2020\05\MARS_20200522_195219.wav,false,
\\atlas.shore.mbari.org\PAM_Archive\2020\05\MARS_20200522_200219.wav,false,
\\atlas.shore.mbari.org\PAM_Archive\2020\05\MARS_20200522_201219.wav,false,
\\atlas.shore.mbari.org\PAM_Archive\2020\05\MARS_20200522_202219.wav,false,
\\atlas.shore.mbari.org\PAM_Archive\2020\05\MARS_20200522_203219.wav,false,
\\atlas.shore.mbari.org\PAM_Archive\2020\05\MARS_20200522_204219.wav,false,
\\atlas.shore.mbari.org\PAM_Archive\2020\05\MARS_20200522_205219.wav,false,
\\atlas.shore.mbari.org\PAM_Archive\2020\05\MARS_20200522_210219.wav,false,
\\atlas.shore.mbari.org\PAM_Archive\2020\05\MARS_20200522_211219.wav,false,
\\atlas.shore.mbari.org\PAM_Archive\2020\05\MARS_20200522_212219.wav,false,
\\atlas.shore.mbari.org\PAM_Archive\2020\05\MARS_20200522_213219.wav,false,
\\atlas.shore.mbari.org\PAM_Archive\2020\05\MARS_20200522_214219.wav,false,
\\atlas.shore.mbari.org\PAM_Archive\2020\05\MARS_20200522_215219.wav,false,
\\atlas.shore.mbari.org\PAM_Archive\2020\05\MARS_20200522_220219.wav,false,
\\atlas.shore.mbari.org\PAM_Archive\2020\05\MARS_20200522_221219.wav,false,
\\atlas.shore.mbari.org\PAM_Archive\2020\05\MARS_20200522_222219.wav,false,
\\atlas.shore.mbari.org\PAM_Archive\2020\05\MARS_20200522_223219.wav,false,
\\atlas.shore.mbari.org\PAM_Archive\2020\05\MARS_20200522_224219.wav,false,
\\atlas.shore.mbari.org\PAM_Archive\2020\05\MARS_20200522_225219.wav,false,
\\atlas.shore.mbari.org\PAM_Archive\2020\05\MARS_20200522_230219.wav,false,
\\atlas.shore.mbari.org\PAM_Archive\2020\05\MARS_20200522_231219.wav,false,
\\atlas.shore.mbari.org\PAM_Archive\2020\05\MARS_20200522_232219.wav,false,
\\atlas.shore.mbari.org\PAM_Archive\2020\05\MARS_20200522_233219.wav,false,
\\atlas.shore.mbari.org\PAM_Archive\2020\05\MARS_20200522_234219.wav,false,
\\atlas.shore.mbari.org\PAM_Archive\2020\05\MARS_20200522_235219.wav,false,
\\atlas.shore.mbari.org\PAM_Archive\2020\05\MARS_20200523_000219.wav,false,
\\atlas.shore.mbari.org\PAM_Archive\2020\05\MARS_20200523_001219.wav,false,
\\atlas.shore.mbari.org\PAM_Archive\2020\05\MARS_20200523_002219.wav,false,
\\atlas.shore.mbari.org\PAM_Archive\2020\05\MARS_20200523_003219.wav,false,
\\atlas.shore.mbari.org\PAM_Archive\2020\05\MARS_20200523_004219.wav,false,
\\atlas.shore.mbari.org\PAM_Archive\2020\05\MARS_20200523_005219.wav,false,
\\atlas.shore.mbari.org\PAM_Archive\2020\05\MARS_20200523_010219.wav,false,
\\atlas.shore.mbari.org\PAM_Archive\2020\05\MARS_20200523_011219.wav,false,
\\atlas.shore.mbari.org\PAM_Archive\2020\05\MARS_20200523_012219.wav,false,
\\atlas.shore.mbari.org\PAM_Archive\2020\05\MARS_20200523_013219.wav,false,
\\atlas.shore.mbari.org\PAM_Archive\2020\05\MARS_20200523_014219.wav,false,
\\atlas.shore.mbari.org\PAM_Archive\2020\05\MARS_20200523_015219.wav,false,
\\atlas.shore.mbari.org\PAM_Archive\2020\05\MARS_20200523_020219.wav,false,
\\atlas.shore.mbari.org\PAM_Archive\2020\05\MARS_20200523_021219.wav,false,
\\atlas.shore.mbari.org\PAM_Archive\2020\05\MARS_20200523_022219.wav,false,
\\atlas.shore.mbari.org\PAM_Archive\2020\05\MARS_20200523_023219.wav,false,
\\atlas.shore.mbari.org\PAM_Archive\2020\05\MARS_20200523_024219.wav,false,
\\atlas.shore.mbari.org\PAM_Archive\2020\05\MARS_20200523_025219.wav,false,
\\atlas.shore.mbari.org\PAM_Archive\2020\05\MARS_20200523_030219.wav,false,
\\atlas.shore.mbari.org\PAM_Archive\2020\05\MARS_20200523_031219.wav,false,
\\atlas.shore.mbari.org\PAM_Archive\2020\05\MARS_20200523_032219.wav,false,
\\atlas.shore.mbari.org\PAM_Archive\2020\05\MARS_20200523_033219.wav,false,
\\atlas.shore.mbari.org\PAM_Archive\2020\05\MARS_20200523_034219.wav,false,
\\atlas.shore.mbari.org\PAM_Archive\2020\05\MARS_20200523_035219.wav,false,
\\atlas.shore.mbari.org\PAM_Archive\2020\05\MARS_20200523_040219.wav,false,
\\atlas.shore.mbari.org\PAM_Archive\2020\05\MARS_20200523_041219.wav,false,
\\atlas.shore.mbari.org\PAM_Archive\2020\05\MARS_20200523_042219.wav,false,
\\atlas.shore.mbari.org\PAM_Archive\2020\05\MARS_20200523_043219.wav,false,
\\atlas.shore.mbari.org\PAM_Archive\2020\05\MARS_20200523_044219.wav,false,
\\atlas.shore.mbari.org\PAM_Archive\2020\05\MARS_20200523_045219.wav,false,
\\atlas.shore.mbari.org\PAM_Archive\2020\05\MARS_20200523_050219.wav,false,
\\atlas.shore.mbari.org\PAM_Archive\2020\05\MARS_20200523_051219.wav,false,
\\atlas.shore.mbari.org\PAM_Archive\2020\05\MARS_20200523_052219.wav,false,
\\atlas.shore.mbari.org\PAM_Archive\2020\05\MARS_20200523_053219.wav,false,
\\atlas.shore.mbari.org\PAM_Archive\2020\05\MARS_20200523_054219.wav,false,
\\atlas.shore.mbari.org\PAM_Archive\2020\05\MARS_20200523_055219.wav,false,
\\atlas.shore.mbari.org\PAM_Archive\2020\05\MARS_20200523_060219.wav,false,
\\atlas.shore.mbari.org\PAM_Archive\2020\05\MARS_20200523_061219.wav,false,
\\atlas.shore.mbari.org\PAM_Archive\2020\05\MARS_20200523_062219.wav,false,
\\atlas.shore.mbari.org\PAM_Archive\2020\05\MARS_20200523_063219.wav,false,
\\atlas.shore.mbari.org\PAM_Archive\2020\05\MARS_20200523_064219.wav,false,
\\atlas.shore.mbari.org\PAM_Archive\2020\05\MARS_20200523_065219.wav,false,
\\atlas.shore.mbari.org\PAM_Archive\2020\05\MARS_20200523_070219.wav,false,
\\atlas.shore.mbari.org\PAM_Archive\2020\05\MARS_20200523_071219.wav,false,
\\atlas.shore.mbari.org\PAM_Archive\2020\05\MARS_20200523_072219.wav,false,
\\atlas.shore.mbari.org\PAM_Archive\2020\05\MARS_20200523_073219.wav,false,
\\atlas.shore.mbari.org\PAM_Archive\2020\05\MARS_20200523_074219.wav,false,
\\atlas.shore.mbari.org\PAM_Archive\2020\05\MARS_20200523_075219.wav,false,
\\atlas.shore.mbari.org\PAM_Archive\2020\05\MARS_20200523_080219.wav,false,
\\atlas.shore.mbari.org\PAM_Archive\2020\05\MARS_20200523_081219.wav,false,
\\atlas.shore.mbari.org\PAM_Archive\2020\05\MARS_20200523_082219.wav,false,
\\atlas.shore.mbari.org\PAM_Archive\2020\05\MARS_20200523_083219.wav,false,
\\atlas.shore.mbari.org\PAM_Archive\2020\05\MARS_20200523_084219.wav,false,
\\atlas.shore.mbari.org\PAM_Archive\2020\05\MARS_20200523_085219.wav,false,
\\atlas.shore.mbari.org\PAM_Archive\2020\05\MARS_20200523_090219.wav,false,
\\atlas.shore.mbari.org\PAM_Archive\2020\05\MARS_20200523_091219.wav,false,
\\atlas.shore.mbari.org\PAM_Archive\2020\05\MARS_20200523_092219.wav,false,
\\atlas.shore.mbari.org\PAM_Archive\2020\05\MARS_20200523_093219.wav,false,
\\atlas.shore.mbari.org\PAM_Archive\2020\05\MARS_20200523_094219.wav,false,
\\atlas.shore.mbari.org\PAM_Archive\2020\05\MARS_20200523_095219.wav,false,
\\atlas.shore.mbari.org\PAM_Archive\2020\05\MARS_20200523_100219.wav,false,
\\atlas.shore.mbari.org\PAM_Archive\2020\05\MARS_20200523_101219.wav,false,
\\atlas.shore.mbari.org\PAM_Archive\2020\05\MARS_20200523_102219.wav,false,
\\atlas.shore.mbari.org\PAM_Archive\2020\05\MARS_20200523_103219.wav,false,
\\atlas.shore.mbari.org\PAM_Archive\2020\05\MARS_20200523_104219.wav,false,
\\atlas.shore.mbari.org\PAM_Archive\2020\05\MARS_20200523_105219.wav,false,
\\atlas.shore.mbari.org\PAM_Archive\2020\05\MARS_20200523_110219.wav,false,
\\atlas.shore.mbari.org\PAM_Archive\2020\05\MARS_20200523_111219.wav,false,
\\atlas.shore.mbari.org\PAM_Archive\2020\05\MARS_20200523_112219.wav,false,
\\atlas.shore.mbari.org\PAM_Archive\2020\05\MARS_20200523_113219.wav,false,
\\atlas.shore.mbari.org\PAM_Archive\2020\05\MARS_20200523_114219.wav,false,
\\atlas.shore.mbari.org\PAM_Archive\2020\05\MARS_20200523_115219.wav,false,
\\atlas.shore.mbari.org\PAM_Archive\2020\05\MARS_20200523_120219.wav,false,
\\atlas.shore.mbari.org\PAM_Archive\2020\05\MARS_20200523_121219.wav,false,
\\atlas.shore.mbari.org\PAM_Archive\2020\05\MARS_20200523_122219.wav,false,
\\atlas.shore.mbari.org\PAM_Archive\2020\05\MARS_20200523_123219.wav,false,
\\atlas.shore.mbari.org\PAM_Archive\2020\05\MARS_20200523_124219.wav,false,
\\atlas.shore.mbari.org\PAM_Archive\2020\05\MARS_20200523_125219.wav,false,
\\atlas.shore.mbari.org\PAM_Archive\2020\05\MARS_20200523_130219.wav,false,
\\atlas.shore.mbari.org\PAM_Archive\2020\05\MARS_20200523_131219.wav,false,
\\atlas.shore.mbari.org\PAM_Archive\2020\05\MARS_20200523_132219.wav,false,
\\atlas.shore.mbari.org\PAM_Archive\2020\05\MARS_20200523_133219.wav,false,
\\atlas.shore.mbari.org\PAM_Archive\2020\05\MARS_20200523_134219.wav,false,
\\atlas.shore.mbari.org\PAM_Archive\2020\05\MARS_20200523_135219.wav,false,
\\atlas.shore.mbari.org\PAM_Archive\2020\05\MARS_20200523_140219.wav,false,
\\atlas.shore.mbari.org\PAM_Archive\2020\05\MARS_20200523_141219.wav,false,
\\atlas.shore.mbari.org\PAM_Archive\2020\05\MARS_20200523_142219.wav,false,
\\atlas.shore.mbari.org\PAM_Archive\2020\05\MARS_20200523_143219.wav,false,
\\atlas.shore.mbari.org\PAM_Archive\2020\05\MARS_20200523_144219.wav,false,
\\atlas.shore.mbari.org\PAM_Archive\2020\05\MARS_20200523_145219.wav,false,
\\atlas.shore.mbari.org\PAM_Archive\2020\05\MARS_20200523_150219.wav,false,
\\atlas.shore.mbari.org\PAM_Archive\2020\05\MARS_20200523_151219.wav,false,
\\atlas.shore.mbari.org\PAM_Archive\2020\05\MARS_20200523_152219.wav,false,
\\atlas.shore.mbari.org\PAM_Archive\2020\05\MARS_20200523_153219.wav,false,
\\atlas.shore.mbari.org\PAM_Archive\2020\05\MARS_20200523_154219.wav,false,
\\atlas.shore.mbari.org\PAM_Archive\2020\05\MARS_20200523_155219.wav,false,
\\atlas.shore.mbari.org\PAM_Archive\2020\05\MARS_20200523_160219.wav,false,
\\atlas.shore.mbari.org\PAM_Archive\2020\05\MARS_20200523_161219.wav,false,
\\atlas.shore.mbari.org\PAM_Archive\2020\05\MARS_20200523_162219.wav,false,
\\atlas.shore.mbari.org\PAM_Archive\2020\05\MARS_20200523_163219.wav,false,
\\atlas.shore.mbari.org\PAM_Archive\2020\05\MARS_20200523_164219.wav,false,
\\atlas.shore.mbari.org\PAM_Archive\2020\05\MARS_20200523_165219.wav,false,
\\atlas.shore.mbari.org\PAM_Archive\2020\05\MARS_20200523_170219.wav,false,
\\atlas.shore.mbari.org\PAM_Archive\2020\05\MARS_20200523_171219.wav,false,
\\atlas.shore.mbari.org\PAM_Archive\2020\05\MARS_20200523_172219.wav,false,
\\atlas.shore.mbari.org\PAM_Archive\2020\05\MARS_20200523_173219.wav,false,
\\atlas.shore.mbari.org\PAM_Archive\2020\05\MARS_20200523_174219.wav,false,
\\atlas.shore.mbari.org\PAM_Archive\2020\05\MARS_20200523_175219.wav,false,
\\atlas.shore.mbari.org\PAM_Archive\2020\05\MARS_20200523_180219.wav,false,
\\atlas.shore.mbari.org\PAM_Archive\2020\05\MARS_20200523_181219.wav,false,
\\atlas.shore.mbari.org\PAM_Archive\2020\05\MARS_20200523_182219.wav,false,
\\atlas.shore.mbari.org\PAM_Archive\2020\05\MARS_20200523_183219.wav,false,
\\atlas.shore.mbari.org\PAM_Archive\2020\05\MARS_20200523_184219.wav,false,
\\atlas.shore.mbari.org\PAM_Archive\2020\05\MARS_20200523_185219.wav,false,
\\atlas.shore.mbari.org\PAM_Archive\2020\05\MARS_20200523_190219.wav,false,
\\atlas.shore.mbari.org\PAM_Archive\2020\05\MARS_20200523_191219.wav,false,
\\atlas.shore.mbari.org\PAM_Archive\2020\05\MARS_20200523_192219.wav,false,
\\atlas.shore.mbari.org\PAM_Archive\2020\05\MARS_20200523_193219.wav,false,
\\atlas.shore.mbari.org\PAM_Archive\2020\05\MARS_20200523_194219.wav,false,
\\atlas.shore.mbari.org\PAM_Archive\2020\05\MARS_20200523_195219.wav,false,
\\atlas.shore.mbari.org\PAM_Archive\2020\05\MARS_20200523_200219.wav,false,
\\atlas.shore.mbari.org\PAM_Archive\2020\05\MARS_20200523_201219.wav,false,
\\atlas.shore.mbari.org\PAM_Archive\2020\05\MARS_20200523_202219.wav,false,
\\atlas.shore.mbari.org\PAM_Archive\2020\05\MARS_20200523_203219.wav,false,
\\atlas.shore.mbari.org\PAM_Archive\2020\05\MARS_20200523_204219.wav,false,
\\atlas.shore.mbari.org\PAM_Archive\2020\05\MARS_20200523_205219.wav,false,
\\atlas.shore.mbari.org\PAM_Archive\2020\05\MARS_20200523_210219.wav,false,
\\atlas.shore.mbari.org\PAM_Archive\2020\05\MARS_20200523_211219.wav,false,
\\atlas.shore.mbari.org\PAM_Archive\2020\05\MARS_20200523_212219.wav,false,
\\atlas.shore.mbari.org\PAM_Archive\2020\05\MARS_20200523_213219.wav,false,
\\atlas.shore.mbari.org\PAM_Archive\2020\05\MARS_20200523_214219.wav,false,
\\atlas.shore.mbari.org\PAM_Archive\2020\05\MARS_20200523_215219.wav,false,
\\atlas.shore.mbari.org\PAM_Archive\2020\05\MARS_20200523_220219.wav,false,
\\atlas.shore.mbari.org\PAM_Archive\2020\05\MARS_20200523_221219.wav,false,
\\atlas.shore.mbari.org\PAM_Archive\2020\05\MARS_20200523_222219.wav,false,
\\atlas.shore.mbari.org\PAM_Archive\2020\05\MARS_20200523_223219.wav,false,
\\atlas.shore.mbari.org\PAM_Archive\2020\05\MARS_20200523_224219.wav,false,
\\atlas.shore.mbari.org\PAM_Archive\2020\05\MARS_20200523_225219.wav,false,
\\atlas.shore.mbari.org\PAM_Archive\2020\05\MARS_20200523_230219.wav,false,
\\atlas.shore.mbari.org\PAM_Archive\2020\05\MARS_20200523_231219.wav,false,
\\atlas.shore.mbari.org\PAM_Archive\2020\05\MARS_20200523_232219.wav,false,
\\atlas.shore.mbari.org\PAM_Archive\2020\05\MARS_20200523_233219.wav,false,
\\atlas.shore.mbari.org\PAM_Archive\2020\05\MARS_20200523_234219.wav,false,
\\atlas.shore.mbari.org\PAM_Archive\2020\05\MARS_20200523_235219.wav,false,
\\atlas.shore.mbari.org\PAM_Archive\2020\05\MARS_20200524_000219.wav,false,
\\atlas.shore.mbari.org\PAM_Archive\2020\05\MARS_20200524_001219.wav,false,
\\atlas.shore.mbari.org\PAM_Archive\2020\05\MARS_20200524_002219.wav,false,
\\atlas.shore.mbari.org\PAM_Archive\2020\05\MARS_20200524_003219.wav,false,
\\atlas.shore.mbari.org\PAM_Archive\2020\05\MARS_20200524_004219.wav,false,
\\atlas.shore.mbari.org\PAM_Archive\2020\05\MARS_20200524_005219.wav,false,
\\atlas.shore.mbari.org\PAM_Archive\2020\05\MARS_20200524_010219.wav,false,
\\atlas.shore.mbari.org\PAM_Archive\2020\05\MARS_20200524_011219.wav,false,
\\atlas.shore.mbari.org\PAM_Archive\2020\05\MARS_20200524_012219.wav,false,
\\atlas.shore.mbari.org\PAM_Archive\2020\05\MARS_20200524_013219.wav,false,
\\atlas.shore.mbari.org\PAM_Archive\2020\05\MARS_20200524_014219.wav,false,
\\atlas.shore.mbari.org\PAM_Archive\2020\05\MARS_20200524_015219.wav,false,
\\atlas.shore.mbari.org\PAM_Archive\2020\05\MARS_20200524_020219.wav,false,
\\atlas.shore.mbari.org\PAM_Archive\2020\05\MARS_20200524_021219.wav,false,
\\atlas.shore.mbari.org\PAM_Archive\2020\05\MARS_20200524_022219.wav,false,
\\atlas.shore.mbari.org\PAM_Archive\2020\05\MARS_20200524_023219.wav,false,
\\atlas.shore.mbari.org\PAM_Archive\2020\05\MARS_20200524_024219.wav,false,
\\atlas.shore.mbari.org\PAM_Archive\2020\05\MARS_20200524_025219.wav,false,
\\atlas.shore.mbari.org\PAM_Archive\2020\05\MARS_20200524_030219.wav,false,
\\atlas.shore.mbari.org\PAM_Archive\2020\05\MARS_20200524_031219.wav,false,
\\atlas.shore.mbari.org\PAM_Archive\2020\05\MARS_20200524_032219.wav,false,
\\atlas.shore.mbari.org\PAM_Archive\2020\05\MARS_20200524_033219.wav,false,
\\atlas.shore.mbari.org\PAM_Archive\2020\05\MARS_20200524_034219.wav,false,
\\atlas.shore.mbari.org\PAM_Archive\2020\05\MARS_20200524_035219.wav,false,
\\atlas.shore.mbari.org\PAM_Archive\2020\05\MARS_20200524_040219.wav,false,
\\atlas.shore.mbari.org\PAM_Archive\2020\05\MARS_20200524_041219.wav,false,
\\atlas.shore.mbari.org\PAM_Archive\2020\05\MARS_20200524_042219.wav,false,
\\atlas.shore.mbari.org\PAM_Archive\2020\05\MARS_20200524_043219.wav,false,
\\atlas.shore.mbari.org\PAM_Archive\2020\05\MARS_20200524_044219.wav,false,
\\atlas.shore.mbari.org\PAM_Archive\2020\05\MARS_20200524_045219.wav,false,
\\atlas.shore.mbari.org\PAM_Archive\2020\05\MARS_20200524_050219.wav,false,
\\atlas.shore.mbari.org\PAM_Archive\2020\05\MARS_20200524_051219.wav,false,
\\atlas.shore.mbari.org\PAM_Archive\2020\05\MARS_20200524_052219.wav,false,
\\atlas.shore.mbari.org\PAM_Archive\2020\05\MARS_20200524_053219.wav,false,
\\atlas.shore.mbari.org\PAM_Archive\2020\05\MARS_20200524_054219.wav,false,
\\atlas.shore.mbari.org\PAM_Archive\2020\05\MARS_20200524_055219.wav,false,
\\atlas.shore.mbari.org\PAM_Archive\2020\05\MARS_20200524_060219.wav,false,
\\atlas.shore.mbari.org\PAM_Archive\2020\05\MARS_20200524_061219.wav,false,
\\atlas.shore.mbari.org\PAM_Archive\2020\05\MARS_20200524_062219.wav,false,
\\atlas.shore.mbari.org\PAM_Archive\2020\05\MARS_20200524_063219.wav,false,
\\atlas.shore.mbari.org\PAM_Archive\2020\05\MARS_20200524_064219.wav,false,
\\atlas.shore.mbari.org\PAM_Archive\2020\05\MARS_20200524_065219.wav,false,
\\atlas.shore.mbari.org\PAM_Archive\2020\05\MARS_20200524_070219.wav,false,
\\atlas.shore.mbari.org\PAM_Archive\2020\05\MARS_20200524_071219.wav,false,
\\atlas.shore.mbari.org\PAM_Archive\2020\05\MARS_20200524_072219.wav,false,
\\atlas.shore.mbari.org\PAM_Archive\2020\05\MARS_20200524_073219.wav,false,
\\atlas.shore.mbari.org\PAM_Archive\2020\05\MARS_20200524_074219.wav,false,
\\atlas.shore.mbari.org\PAM_Archive\2020\05\MARS_20200524_075219.wav,false,
\\atlas.shore.mbari.org\PAM_Archive\2020\05\MARS_20200524_080219.wav,false,
\\atlas.shore.mbari.org\PAM_Archive\2020\05\MARS_20200524_081219.wav,false,
\\atlas.shore.mbari.org\PAM_Archive\2020\05\MARS_20200524_082219.wav,false,
\\atlas.shore.mbari.org\PAM_Archive\2020\05\MARS_20200524_083219.wav,false,
\\atlas.shore.mbari.org\PAM_Archive\2020\05\MARS_20200524_084219.wav,false,
\\atlas.shore.mbari.org\PAM_Archive\2020\05\MARS_20200524_085219.wav,false,
\\atlas.shore.mbari.org\PAM_Archive\2020\05\MARS_20200524_090219.wav,false,
\\atlas.shore.mbari.org\PAM_Archive\2020\05\MARS_20200524_091219.wav,false,
\\atlas.shore.mbari.org\PAM_Archive\2020\05\MARS_20200524_092219.wav,false,
\\atlas.shore.mbari.org\PAM_Archive\2020\05\MARS_20200524_093219.wav,false,
\\atlas.shore.mbari.org\PAM_Archive\2020\05\MARS_20200524_094219.wav,false,
\\atlas.shore.mbari.org\PAM_Archive\2020\05\MARS_20200524_095219.wav,false,
\\atlas.shore.mbari.org\PAM_Archive\2020\05\MARS_20200524_100219.wav,false,
\\atlas.shore.mbari.org\PAM_Archive\2020\05\MARS_20200524_101219.wav,false,
\\atlas.shore.mbari.org\PAM_Archive\2020\05\MARS_20200524_102219.wav,false,
\\atlas.shore.mbari.org\PAM_Archive\2020\05\MARS_20200524_103219.wav,false,
\\atlas.shore.mbari.org\PAM_Archive\2020\05\MARS_20200524_104219.wav,false,
\\atlas.shore.mbari.org\PAM_Archive\2020\05\MARS_20200524_105219.wav,false,
\\atlas.shore.mbari.org\PAM_Archive\2020\05\MARS_20200524_110219.wav,false,
\\atlas.shore.mbari.org\PAM_Archive\2020\05\MARS_20200524_111219.wav,false,
\\atlas.shore.mbari.org\PAM_Archive\2020\05\MARS_20200524_112219.wav,false,
\\atlas.shore.mbari.org\PAM_Archive\2020\05\MARS_20200524_113219.wav,false,
\\atlas.shore.mbari.org\PAM_Archive\2020\05\MARS_20200524_114219.wav,false,
\\atlas.shore.mbari.org\PAM_Archive\2020\05\MARS_20200524_115219.wav,false,
\\atlas.shore.mbari.org\PAM_Archive\2020\05\MARS_20200524_120219.wav,false,
\\atlas.shore.mbari.org\PAM_Archive\2020\05\MARS_20200524_121219.wav,false,
\\atlas.shore.mbari.org\PAM_Archive\2020\05\MARS_20200524_122219.wav,false,
\\atlas.shore.mbari.org\PAM_Archive\2020\05\MARS_20200524_123219.wav,false,
\\atlas.shore.mbari.org\PAM_Archive\2020\05\MARS_20200524_124219.wav,false,
\\atlas.shore.mbari.org\PAM_Archive\2020\05\MARS_20200524_125219.wav,false,
\\atlas.shore.mbari.org\PAM_Archive\2020\05\MARS_20200524_130219.wav,false,
\\atlas.shore.mbari.org\PAM_Archive\2020\05\MARS_20200524_131219.wav,false,
\\atlas.shore.mbari.org\PAM_Archive\2020\05\MARS_20200524_132219.wav,false,
\\atlas.shore.mbari.org\PAM_Archive\2020\05\MARS_20200524_133219.wav,false,
\\atlas.shore.mbari.org\PAM_Archive\2020\05\MARS_20200524_134219.wav,false,
\\atlas.shore.mbari.org\PAM_Archive\2020\05\MARS_20200524_135219.wav,false,
\\atlas.shore.mbari.org\PAM_Archive\2020\05\MARS_20200524_140219.wav,false,
\\atlas.shore.mbari.org\PAM_Archive\2020\05\MARS_20200524_141219.wav,false,
\\atlas.shore.mbari.org\PAM_Archive\2020\05\MARS_20200524_142219.wav,false,
\\atlas.shore.mbari.org\PAM_Archive\2020\05\MARS_20200524_143219.wav,false,
\\atlas.shore.mbari.org\PAM_Archive\2020\05\MARS_20200524_144219.wav,false,
\\atlas.shore.mbari.org\PAM_Archive\2020\05\MARS_20200524_145219.wav,false,
\\atlas.shore.mbari.org\PAM_Archive\2020\05\MARS_20200524_150219.wav,false,
\\atlas.shore.mbari.org\PAM_Archive\2020\05\MARS_20200524_151219.wav,false,
\\atlas.shore.mbari.org\PAM_Archive\2020\05\MARS_20200524_152219.wav,false,
\\atlas.shore.mbari.org\PAM_Archive\2020\05\MARS_20200524_153219.wav,false,
\\atlas.shore.mbari.org\PAM_Archive\2020\05\MARS_20200524_154219.wav,false,
\\atlas.shore.mbari.org\PAM_Archive\2020\05\MARS_20200524_155219.wav,false,
\\atlas.shore.mbari.org\PAM_Archive\2020\05\MARS_20200524_160219.wav,false,
\\atlas.shore.mbari.org\PAM_Archive\2020\05\MARS_20200524_161219.wav,false,
\\atlas.shore.mbari.org\PAM_Archive\2020\05\MARS_20200524_162219.wav,false,
\\atlas.shore.mbari.org\PAM_Archive\2020\05\MARS_20200524_163219.wav,false,
\\atlas.shore.mbari.org\PAM_Archive\2020\05\MARS_20200524_164219.wav,false,
\\atlas.shore.mbari.org\PAM_Archive\2020\05\MARS_20200524_165219.wav,false,
\\atlas.shore.mbari.org\PAM_Archive\2020\05\MARS_20200524_170219.wav,false,
\\atlas.shore.mbari.org\PAM_Archive\2020\05\MARS_20200524_171219.wav,false,
\\atlas.shore.mbari.org\PAM_Archive\2020\05\MARS_20200524_172219.wav,false,
\\atlas.shore.mbari.org\PAM_Archive\2020\05\MARS_20200524_173219.wav,false,
\\atlas.shore.mbari.org\PAM_Archive\2020\05\MARS_20200524_174219.wav,false,
\\atlas.shore.mbari.org\PAM_Archive\2020\05\MARS_20200524_175219.wav,false,
\\atlas.shore.mbari.org\PAM_Archive\2020\05\MARS_20200524_180219.wav,false,
\\atlas.shore.mbari.org\PAM_Archive\2020\05\MARS_20200524_181219.wav,false,
\\atlas.shore.mbari.org\PAM_Archive\2020\05\MARS_20200524_182219.wav,false,
\\atlas.shore.mbari.org\PAM_Archive\2020\05\MARS_20200524_183219.wav,false,
\\atlas.shore.mbari.org\PAM_Archive\2020\05\MARS_20200524_184219.wav,false,
\\atlas.shore.mbari.org\PAM_Archive\2020\05\MARS_20200524_185219.wav,false,
\\atlas.shore.mbari.org\PAM_Archive\2020\05\MARS_20200524_190219.wav,false,
\\atlas.shore.mbari.org\PAM_Archive\2020\05\MARS_20200524_191219.wav,false,
\\atlas.shore.mbari.org\PAM_Archive\2020\05\MARS_20200524_192219.wav,false,
\\atlas.shore.mbari.org\PAM_Archive\2020\05\MARS_20200524_193219.wav,false,
\\atlas.shore.mbari.org\PAM_Archive\2020\05\MARS_20200524_194219.wav,false,
\\atlas.shore.mbari.org\PAM_Archive\2020\05\MARS_20200524_195219.wav,false,
\\atlas.shore.mbari.org\PAM_Archive\2020\05\MARS_20200524_200219.wav,false,
\\atlas.shore.mbari.org\PAM_Archive\2020\05\MARS_20200524_201219.wav,false,
\\atlas.shore.mbari.org\PAM_Archive\2020\05\MARS_20200524_202219.wav,false,
\\atlas.shore.mbari.org\PAM_Archive\2020\05\MARS_20200524_203219.wav,false,
\\atlas.shore.mbari.org\PAM_Archive\2020\05\MARS_20200524_204219.wav,false,
\\atlas.shore.mbari.org\PAM_Archive\2020\05\MARS_20200524_205219.wav,false,
\\atlas.shore.mbari.org\PAM_Archive\2020\05\MARS_20200524_210219.wav,false,
\\atlas.shore.mbari.org\PAM_Archive\2020\05\MARS_20200524_211219.wav,false,
\\atlas.shore.mbari.org\PAM_Archive\2020\05\MARS_20200524_212219.wav,false,
\\atlas.shore.mbari.org\PAM_Archive\2020\05\MARS_20200524_213219.wav,false,
\\atlas.shore.mbari.org\PAM_Archive\2020\05\MARS_20200524_214219.wav,false,
\\atlas.shore.mbari.org\PAM_Archive\2020\05\MARS_20200524_215219.wav,false,
\\atlas.shore.mbari.org\PAM_Archive\2020\05\MARS_20200524_220219.wav,false,
\\atlas.shore.mbari.org\PAM_Archive\2020\05\MARS_20200524_221219.wav,false,
\\atlas.shore.mbari.org\PAM_Archive\2020\05\MARS_20200524_222219.wav,false,
\\atlas.shore.mbari.org\PAM_Archive\2020\05\MARS_20200524_223219.wav,false,
\\atlas.shore.mbari.org\PAM_Archive\2020\05\MARS_20200524_224219.wav,false,
\\atlas.shore.mbari.org\PAM_Archive\2020\05\MARS_20200524_225219.wav,false,
\\atlas.shore.mbari.org\PAM_Archive\2020\05\MARS_20200524_230219.wav,false,
\\atlas.shore.mbari.org\PAM_Archive\2020\05\MARS_20200524_231219.wav,false,
\\atlas.shore.mbari.org\PAM_Archive\2020\05\MARS_20200524_232219.wav,false,
\\atlas.shore.mbari.org\PAM_Archive\2020\05\MARS_20200524_233219.wav,false,
\\atlas.shore.mbari.org\PAM_Archive\2020\05\MARS_20200524_234219.wav,false,
\\atlas.shore.mbari.org\PAM_Archive\2020\05\MARS_20200524_235219.wav,false,
\\atlas.shore.mbari.org\PAM_Archive\2020\05\MARS_20200525_000219.wav,false,
\\atlas.shore.mbari.org\PAM_Archive\2020\05\MARS_20200525_001219.wav,false,
\\atlas.shore.mbari.org\PAM_Archive\2020\05\MARS_20200525_002219.wav,false,
\\atlas.shore.mbari.org\PAM_Archive\2020\05\MARS_20200525_003219.wav,false,
\\atlas.shore.mbari.org\PAM_Archive\2020\05\MARS_20200525_004219.wav,false,
\\atlas.shore.mbari.org\PAM_Archive\2020\05\MARS_20200525_005219.wav,false,
\\atlas.shore.mbari.org\PAM_Archive\2020\05\MARS_20200525_010219.wav,false,
\\atlas.shore.mbari.org\PAM_Archive\2020\05\MARS_20200525_011219.wav,false,
\\atlas.shore.mbari.org\PAM_Archive\2020\05\MARS_20200525_012219.wav,false,
\\atlas.shore.mbari.org\PAM_Archive\2020\05\MARS_20200525_013219.wav,false,
\\atlas.shore.mbari.org\PAM_Archive\2020\05\MARS_20200525_014219.wav,false,
\\atlas.shore.mbari.org\PAM_Archive\2020\05\MARS_20200525_015219.wav,false,
\\atlas.shore.mbari.org\PAM_Archive\2020\05\MARS_20200525_020219.wav,false,
\\atlas.shore.mbari.org\PAM_Archive\2020\05\MARS_20200525_021219.wav,false,
\\atlas.shore.mbari.org\PAM_Archive\2020\05\MARS_20200525_022219.wav,false,
\\atlas.shore.mbari.org\PAM_Archive\2020\05\MARS_20200525_023219.wav,false,
\\atlas.shore.mbari.org\PAM_Archive\2020\05\MARS_20200525_024219.wav,false,
\\atlas.shore.mbari.org\PAM_Archive\2020\05\MARS_20200525_025219.wav,false,
\\atlas.shore.mbari.org\PAM_Archive\2020\05\MARS_20200525_030219.wav,false,
\\atlas.shore.mbari.org\PAM_Archive\2020\05\MARS_20200525_031219.wav,false,
\\atlas.shore.mbari.org\PAM_Archive\2020\05\MARS_20200525_032219.wav,false,
\\atlas.shore.mbari.org\PAM_Archive\2020\05\MARS_20200525_033219.wav,false,
\\atlas.shore.mbari.org\PAM_Archive\2020\05\MARS_20200525_034219.wav,false,
\\atlas.shore.mbari.org\PAM_Archive\2020\05\MARS_20200525_035219.wav,false,
\\atlas.shore.mbari.org\PAM_Archive\2020\05\MARS_20200525_040219.wav,false,
\\atlas.shore.mbari.org\PAM_Archive\2020\05\MARS_20200525_041219.wav,false,
\\atlas.shore.mbari.org\PAM_Archive\2020\05\MARS_20200525_042219.wav,false,
\\atlas.shore.mbari.org\PAM_Archive\2020\05\MARS_20200525_043219.wav,false,
\\atlas.shore.mbari.org\PAM_Archive\2020\05\MARS_20200525_044219.wav,false,
\\atlas.shore.mbari.org\PAM_Archive\2020\05\MARS_20200525_045219.wav,false,
\\atlas.shore.mbari.org\PAM_Archive\2020\05\MARS_20200525_050219.wav,false,
\\atlas.shore.mbari.org\PAM_Archive\2020\05\MARS_20200525_051219.wav,false,
\\atlas.shore.mbari.org\PAM_Archive\2020\05\MARS_20200525_052219.wav,false,
\\atlas.shore.mbari.org\PAM_Archive\2020\05\MARS_20200525_053219.wav,false,
\\atlas.shore.mbari.org\PAM_Archive\2020\05\MARS_20200525_054219.wav,false,
\\atlas.shore.mbari.org\PAM_Archive\2020\05\MARS_20200525_055219.wav,false,
\\atlas.shore.mbari.org\PAM_Archive\2020\05\MARS_20200525_060219.wav,false,
\\atlas.shore.mbari.org\PAM_Archive\2020\05\MARS_20200525_061219.wav,false,
\\atlas.shore.mbari.org\PAM_Archive\2020\05\MARS_20200525_062219.wav,false,
\\atlas.shore.mbari.org\PAM_Archive\2020\05\MARS_20200525_063219.wav,false,
\\atlas.shore.mbari.org\PAM_Archive\2020\05\MARS_20200525_064219.wav,false,
\\atlas.shore.mbari.org\PAM_Archive\2020\05\MARS_20200525_065219.wav,false,
\\atlas.shore.mbari.org\PAM_Archive\2020\05\MARS_20200525_070219.wav,false,
\\atlas.shore.mbari.org\PAM_Archive\2020\05\MARS_20200525_071219.wav,false,
\\atlas.shore.mbari.org\PAM_Archive\2020\05\MARS_20200525_072219.wav,false,
\\atlas.shore.mbari.org\PAM_Archive\2020\05\MARS_20200525_073219.wav,false,
\\atlas.shore.mbari.org\PAM_Archive\2020\05\MARS_20200525_074219.wav,false,
\\atlas.shore.mbari.org\PAM_Archive\2020\05\MARS_20200525_075219.wav,false,
\\atlas.shore.mbari.org\PAM_Archive\2020\05\MARS_20200525_080219.wav,false,
\\atlas.shore.mbari.org\PAM_Archive\2020\05\MARS_20200525_081219.wav,false,
\\atlas.shore.mbari.org\PAM_Archive\2020\05\MARS_20200525_082219.wav,false,
\\atlas.shore.mbari.org\PAM_Archive\2020\05\MARS_20200525_083219.wav,false,
\\atlas.shore.mbari.org\PAM_Archive\2020\05\MARS_20200525_084219.wav,false,
\\atlas.shore.mbari.org\PAM_Archive\2020\05\MARS_20200525_085219.wav,false,
\\atlas.shore.mbari.org\PAM_Archive\2020\05\MARS_20200525_090219.wav,false,
\\atlas.shore.mbari.org\PAM_Archive\2020\05\MARS_20200525_091219.wav,false,
\\atlas.shore.mbari.org\PAM_Archive\2020\05\MARS_20200525_092219.wav,false,
\\atlas.shore.mbari.org\PAM_Archive\2020\05\MARS_20200525_093219.wav,false,
\\atlas.shore.mbari.org\PAM_Archive\2020\05\MARS_20200525_094219.wav,false,
\\atlas.shore.mbari.org\PAM_Archive\2020\05\MARS_20200525_095219.wav,false,
\\atlas.shore.mbari.org\PAM_Archive\2020\05\MARS_20200525_100219.wav,false,
\\atlas.shore.mbari.org\PAM_Archive\2020\05\MARS_20200525_101219.wav,false,
\\atlas.shore.mbari.org\PAM_Archive\2020\05\MARS_20200525_102219.wav,false,
\\atlas.shore.mbari.org\PAM_Archive\2020\05\MARS_20200525_103219.wav,false,
\\atlas.shore.mbari.org\PAM_Archive\2020\05\MARS_20200525_104219.wav,false,
\\atlas.shore.mbari.org\PAM_Archive\2020\05\MARS_20200525_105219.wav,false,
\\atlas.shore.mbari.org\PAM_Archive\2020\05\MARS_20200525_110219.wav,false,
\\atlas.shore.mbari.org\PAM_Archive\2020\05\MARS_20200525_111219.wav,false,
\\atlas.shore.mbari.org\PAM_Archive\2020\05\MARS_20200525_112219.wav,false,
\\atlas.shore.mbari.org\PAM_Archive\2020\05\MARS_20200525_113219.wav,false,
\\atlas.shore.mbari.org\PAM_Archive\2020\05\MARS_20200525_114219.wav,false,
\\atlas.shore.mbari.org\PAM_Archive\2020\05\MARS_20200525_115219.wav,false,
\\atlas.shore.mbari.org\PAM_Archive\2020\05\MARS_20200525_120219.wav,false,
\\atlas.shore.mbari.org\PAM_Archive\2020\05\MARS_20200525_121219.wav,false,
\\atlas.shore.mbari.org\PAM_Archive\2020\05\MARS_20200525_122219.wav,false,
\\atlas.shore.mbari.org\PAM_Archive\2020\05\MARS_20200525_123219.wav,false,
\\atlas.shore.mbari.org\PAM_Archive\2020\05\MARS_20200525_124219.wav,false,
\\atlas.shore.mbari.org\PAM_Archive\2020\05\MARS_20200525_125219.wav,false,
\\atlas.shore.mbari.org\PAM_Archive\2020\05\MARS_20200525_130219.wav,false,
\\atlas.shore.mbari.org\PAM_Archive\2020\05\MARS_20200525_131219.wav,false,
\\atlas.shore.mbari.org\PAM_Archive\2020\05\MARS_20200525_132219.wav,false,
\\atlas.shore.mbari.org\PAM_Archive\2020\05\MARS_20200525_133219.wav,false,
\\atlas.shore.mbari.org\PAM_Archive\2020\05\MARS_20200525_134219.wav,false,
\\atlas.shore.mbari.org\PAM_Archive\2020\05\MARS_20200525_135219.wav,false,
\\atlas.shore.mbari.org\PAM_Archive\2020\05\MARS_20200525_140219.wav,false,
\\atlas.shore.mbari.org\PAM_Archive\2020\05\MARS_20200525_141219.wav,false,
\\atlas.shore.mbari.org\PAM_Archive\2020\05\MARS_20200525_142219.wav,false,
\\atlas.shore.mbari.org\PAM_Archive\2020\05\MARS_20200525_143219.wav,false,
\\atlas.shore.mbari.org\PAM_Archive\2020\05\MARS_20200525_144219.wav,false,
\\atlas.shore.mbari.org\PAM_Archive\2020\05\MARS_20200525_145219.wav,false,
\\atlas.shore.mbari.org\PAM_Archive\2020\05\MARS_20200525_150219.wav,false,
\\atlas.shore.mbari.org\PAM_Archive\2020\05\MARS_20200525_151219.wav,false,
\\atlas.shore.mbari.org\PAM_Archive\2020\05\MARS_20200525_152219.wav,false,
\\atlas.shore.mbari.org\PAM_Archive\2020\05\MARS_20200525_153219.wav,false,
\\atlas.shore.mbari.org\PAM_Archive\2020\05\MARS_20200525_154219.wav,false,
\\atlas.shore.mbari.org\PAM_Archive\2020\05\MARS_20200525_155219.wav,false,
\\atlas.shore.mbari.org\PAM_Archive\2020\05\MARS_20200525_160219.wav,false,
\\atlas.shore.mbari.org\PAM_Archive\2020\05\MARS_20200525_161219.wav,false,
\\atlas.shore.mbari.org\PAM_Archive\2020\05\MARS_20200525_162219.wav,false,
\\atlas.shore.mbari.org\PAM_Archive\2020\05\MARS_20200525_163219.wav,false,
\\atlas.shore.mbari.org\PAM_Archive\2020\05\MARS_20200525_164219.wav,false,
\\atlas.shore.mbari.org\PAM_Archive\2020\05\MARS_20200525_165219.wav,false,
\\atlas.shore.mbari.org\PAM_Archive\2020\05\MARS_20200525_170219.wav,false,
\\atlas.shore.mbari.org\PAM_Archive\2020\05\MARS_20200525_171219.wav,false,
\\atlas.shore.mbari.org\PAM_Archive\2020\05\MARS_20200525_172219.wav,false,
\\atlas.shore.mbari.org\PAM_Archive\2020\05\MARS_20200525_173219.wav,false,
\\atlas.shore.mbari.org\PAM_Archive\2020\05\MARS_20200525_174219.wav,false,
\\atlas.shore.mbari.org\PAM_Archive\2020\05\MARS_20200525_175219.wav,false,
\\atlas.shore.mbari.org\PAM_Archive\2020\05\MARS_20200525_180219.wav,false,
\\atlas.shore.mbari.org\PAM_Archive\2020\05\MARS_20200525_181219.wav,false,
\\atlas.shore.mbari.org\PAM_Archive\2020\05\MARS_20200525_182219.wav,false,
\\atlas.shore.mbari.org\PAM_Archive\2020\05\MARS_20200525_183219.wav,false,
\\atlas.shore.mbari.org\PAM_Archive\2020\05\MARS_20200525_184219.wav,false,
\\atlas.shore.mbari.org\PAM_Archive\2020\05\MARS_20200525_185219.wav,false,
\\atlas.shore.mbari.org\PAM_Archive\2020\05\MARS_20200525_190219.wav,false,
\\atlas.shore.mbari.org\PAM_Archive\2020\05\MARS_20200525_191219.wav,false,
\\atlas.shore.mbari.org\PAM_Archive\2020\05\MARS_20200525_192219.wav,false,
\\atlas.shore.mbari.org\PAM_Archive\2020\05\MARS_20200525_193219.wav,false,
\\atlas.shore.mbari.org\PAM_Archive\2020\05\MARS_20200525_194219.wav,false,
\\atlas.shore.mbari.org\PAM_Archive\2020\05\MARS_20200525_195219.wav,false,
\\atlas.shore.mbari.org\PAM_Archive\2020\05\MARS_20200525_200219.wav,false,
\\atlas.shore.mbari.org\PAM_Archive\2020\05\MARS_20200525_201219.wav,false,
\\atlas.shore.mbari.org\PAM_Archive\2020\05\MARS_20200525_202219.wav,false,
\\atlas.shore.mbari.org\PAM_Archive\2020\05\MARS_20200525_203219.wav,false,
\\atlas.shore.mbari.org\PAM_Archive\2020\05\MARS_20200525_204219.wav,false,
\\atlas.shore.mbari.org\PAM_Archive\2020\05\MARS_20200525_205219.wav,false,
\\atlas.shore.mbari.org\PAM_Archive\2020\05\MARS_20200525_210219.wav,false,
\\atlas.shore.mbari.org\PAM_Archive\2020\05\MARS_20200525_211219.wav,false,
\\atlas.shore.mbari.org\PAM_Archive\2020\05\MARS_20200525_212219.wav,false,
\\atlas.shore.mbari.org\PAM_Archive\2020\05\MARS_20200525_213219.wav,false,
\\atlas.shore.mbari.org\PAM_Archive\2020\05\MARS_20200525_214219.wav,false,
\\atlas.shore.mbari.org\PAM_Archive\2020\05\MARS_20200525_215219.wav,false,
\\atlas.shore.mbari.org\PAM_Archive\2020\05\MARS_20200525_220219.wav,false,
\\atlas.shore.mbari.org\PAM_Archive\2020\05\MARS_20200525_221219.wav,false,
\\atlas.shore.mbari.org\PAM_Archive\2020\05\MARS_20200525_222219.wav,false,
\\atlas.shore.mbari.org\PAM_Archive\2020\05\MARS_20200525_223219.wav,false,
\\atlas.shore.mbari.org\PAM_Archive\2020\05\MARS_20200525_224219.wav,false,
\\atlas.shore.mbari.org\PAM_Archive\2020\05\MARS_20200525_225219.wav,false,
\\atlas.shore.mbari.org\PAM_Archive\2020\05\MARS_20200525_230219.wav,false,
\\atlas.shore.mbari.org\PAM_Archive\2020\05\MARS_20200525_231219.wav,false,
\\atlas.shore.mbari.org\PAM_Archive\2020\05\MARS_20200525_232219.wav,false,
\\atlas.shore.mbari.org\PAM_Archive\2020\05\MARS_20200525_233219.wav,false,
\\atlas.shore.mbari.org\PAM_Archive\2020\05\MARS_20200525_234219.wav,false,
\\atlas.shore.mbari.org\PAM_Archive\2020\05\MARS_20200525_235219.wav,false,
\\atlas.shore.mbari.org\PAM_Archive\2020\05\MARS_20200526_000219.wav,false,
\\atlas.shore.mbari.org\PAM_Archive\2020\05\MARS_20200526_001219.wav,false,
\\atlas.shore.mbari.org\PAM_Archive\2020\05\MARS_20200526_002219.wav,false,
\\atlas.shore.mbari.org\PAM_Archive\2020\05\MARS_20200526_003219.wav,false,
\\atlas.shore.mbari.org\PAM_Archive\2020\05\MARS_20200526_004219.wav,false,
\\atlas.shore.mbari.org\PAM_Archive\2020\05\MARS_20200526_005219.wav,false,
\\atlas.shore.mbari.org\PAM_Archive\2020\05\MARS_20200526_010219.wav,false,
\\atlas.shore.mbari.org\PAM_Archive\2020\05\MARS_20200526_011219.wav,false,
\\atlas.shore.mbari.org\PAM_Archive\2020\05\MARS_20200526_012219.wav,false,
\\atlas.shore.mbari.org\PAM_Archive\2020\05\MARS_20200526_013219.wav,false,
\\atlas.shore.mbari.org\PAM_Archive\2020\05\MARS_20200526_014219.wav,false,
\\atlas.shore.mbari.org\PAM_Archive\2020\05\MARS_20200526_015219.wav,false,
\\atlas.shore.mbari.org\PAM_Archive\2020\05\MARS_20200526_020219.wav,false,
\\atlas.shore.mbari.org\PAM_Archive\2020\05\MARS_20200526_021219.wav,false,
\\atlas.shore.mbari.org\PAM_Archive\2020\05\MARS_20200526_022219.wav,false,
\\atlas.shore.mbari.org\PAM_Archive\2020\05\MARS_20200526_023219.wav,false,
\\atlas.shore.mbari.org\PAM_Archive\2020\05\MARS_20200526_024219.wav,false,
\\atlas.shore.mbari.org\PAM_Archive\2020\05\MARS_20200526_025219.wav,false,
\\atlas.shore.mbari.org\PAM_Archive\2020\05\MARS_20200526_030219.wav,false,
\\atlas.shore.mbari.org\PAM_Archive\2020\05\MARS_20200526_031219.wav,false,
\\atlas.shore.mbari.org\PAM_Archive\2020\05\MARS_20200526_032219.wav,false,
\\atlas.shore.mbari.org\PAM_Archive\2020\05\MARS_20200526_033219.wav,false,
\\atlas.shore.mbari.org\PAM_Archive\2020\05\MARS_20200526_034219.wav,false,
\\atlas.shore.mbari.org\PAM_Archive\2020\05\MARS_20200526_035219.wav,false,
\\atlas.shore.mbari.org\PAM_Archive\2020\05\MARS_20200526_040219.wav,false,
\\atlas.shore.mbari.org\PAM_Archive\2020\05\MARS_20200526_041219.wav,false,
\\atlas.shore.mbari.org\PAM_Archive\2020\05\MARS_20200526_042219.wav,false,
\\atlas.shore.mbari.org\PAM_Archive\2020\05\MARS_20200526_043219.wav,false,
\\atlas.shore.mbari.org\PAM_Archive\2020\05\MARS_20200526_044219.wav,false,
\\atlas.shore.mbari.org\PAM_Archive\2020\05\MARS_20200526_045219.wav,false,
\\atlas.shore.mbari.org\PAM_Archive\2020\05\MARS_20200526_050219.wav,false,
\\atlas.shore.mbari.org\PAM_Archive\2020\05\MARS_20200526_051219.wav,false,
\\atlas.shore.mbari.org\PAM_Archive\2020\05\MARS_20200526_052219.wav,false,
\\atlas.shore.mbari.org\PAM_Archive\2020\05\MARS_20200526_053219.wav,false,
\\atlas.shore.mbari.org\PAM_Archive\2020\05\MARS_20200526_054219.wav,false,
\\atlas.shore.mbari.org\PAM_Archive\2020\05\MARS_20200526_055219.wav,false,
\\atlas.shore.mbari.org\PAM_Archive\2020\05\MARS_20200526_060219.wav,false,
\\atlas.shore.mbari.org\PAM_Archive\2020\05\MARS_20200526_061219.wav,false,
\\atlas.shore.mbari.org\PAM_Archive\2020\05\MARS_20200526_062219.wav,false,
\\atlas.shore.mbari.org\PAM_Archive\2020\05\MARS_20200526_063219.wav,false,
\\atlas.shore.mbari.org\PAM_Archive\2020\05\MARS_20200526_064219.wav,false,
\\atlas.shore.mbari.org\PAM_Archive\2020\05\MARS_20200526_065219.wav,false,
\\atlas.shore.mbari.org\PAM_Archive\2020\05\MARS_20200526_070219.wav,false,
\\atlas.shore.mbari.org\PAM_Archive\2020\05\MARS_20200526_071219.wav,false,
\\atlas.shore.mbari.org\PAM_Archive\2020\05\MARS_20200526_072219.wav,false,
\\atlas.shore.mbari.org\PAM_Archive\2020\05\MARS_20200526_073219.wav,false,
\\atlas.shore.mbari.org\PAM_Archive\2020\05\MARS_20200526_074219.wav,false,
\\atlas.shore.mbari.org\PAM_Archive\2020\05\MARS_20200526_075219.wav,false,
\\atlas.shore.mbari.org\PAM_Archive\2020\05\MARS_20200526_080219.wav,false,
\\atlas.shore.mbari.org\PAM_Archive\2020\05\MARS_20200526_081219.wav,false,
\\atlas.shore.mbari.org\PAM_Archive\2020\05\MARS_20200526_082219.wav,false,
\\atlas.shore.mbari.org\PAM_Archive\2020\05\MARS_20200526_083219.wav,false,
\\atlas.shore.mbari.org\PAM_Archive\2020\05\MARS_20200526_084219.wav,false,
\\atlas.shore.mbari.org\PAM_Archive\2020\05\MARS_20200526_085219.wav,false,
\\atlas.shore.mbari.org\PAM_Archive\2020\05\MARS_20200526_090219.wav,false,
\\atlas.shore.mbari.org\PAM_Archive\2020\05\MARS_20200526_091219.wav,false,
\\atlas.shore.mbari.org\PAM_Archive\2020\05\MARS_20200526_092219.wav,false,
\\atlas.shore.mbari.org\PAM_Archive\2020\05\MARS_20200526_093219.wav,false,
\\atlas.shore.mbari.org\PAM_Archive\2020\05\MARS_20200526_094219.wav,false,
\\atlas.shore.mbari.org\PAM_Archive\2020\05\MARS_20200526_095219.wav,false,
\\atlas.shore.mbari.org\PAM_Archive\2020\05\MARS_20200526_100219.wav,false,
\\atlas.shore.mbari.org\PAM_Archive\2020\05\MARS_20200526_101219.wav,false,
\\atlas.shore.mbari.org\PAM_Archive\2020\05\MARS_20200526_102219.wav,false,
\\atlas.shore.mbari.org\PAM_Archive\2020\05\MARS_20200526_103219.wav,false,
\\atlas.shore.mbari.org\PAM_Archive\2020\05\MARS_20200526_104219.wav,false,
\\atlas.shore.mbari.org\PAM_Archive\2020\05\MARS_20200526_105219.wav,false,
\\atlas.shore.mbari.org\PAM_Archive\2020\05\MARS_20200526_110219.wav,false,
\\atlas.shore.mbari.org\PAM_Archive\2020\05\MARS_20200526_111219.wav,false,
\\atlas.shore.mbari.org\PAM_Archive\2020\05\MARS_20200526_112219.wav,false,
\\atlas.shore.mbari.org\PAM_Archive\2020\05\MARS_20200526_113219.wav,false,
\\atlas.shore.mbari.org\PAM_Archive\2020\05\MARS_20200526_114219.wav,false,
\\atlas.shore.mbari.org\PAM_Archive\2020\05\MARS_20200526_115219.wav,false,
\\atlas.shore.mbari.org\PAM_Archive\2020\05\MARS_20200526_120219.wav,false,
\\atlas.shore.mbari.org\PAM_Archive\2020\05\MARS_20200526_121219.wav,false,
\\atlas.shore.mbari.org\PAM_Archive\2020\05\MARS_20200526_122219.wav,false,
\\atlas.shore.mbari.org\PAM_Archive\2020\05\MARS_20200526_123219.wav,false,
\\atlas.shore.mbari.org\PAM_Archive\2020\05\MARS_20200526_124219.wav,false,
\\atlas.shore.mbari.org\PAM_Archive\2020\05\MARS_20200526_125219.wav,false,
\\atlas.shore.mbari.org\PAM_Archive\2020\05\MARS_20200526_130219.wav,false,
\\atlas.shore.mbari.org\PAM_Archive\2020\05\MARS_20200526_131219.wav,false,
\\atlas.shore.mbari.org\PAM_Archive\2020\05\MARS_20200526_132219.wav,false,
\\atlas.shore.mbari.org\PAM_Archive\2020\05\MARS_20200526_133219.wav,false,
\\atlas.shore.mbari.org\PAM_Archive\2020\05\MARS_20200526_134219.wav,false,
\\atlas.shore.mbari.org\PAM_Archive\2020\05\MARS_20200526_135219.wav,false,
\\atlas.shore.mbari.org\PAM_Archive\2020\05\MARS_20200526_140219.wav,false,
\\atlas.shore.mbari.org\PAM_Archive\2020\05\MARS_20200526_141219.wav,false,
\\atlas.shore.mbari.org\PAM_Archive\2020\05\MARS_20200526_142219.wav,false,
\\atlas.shore.mbari.org\PAM_Archive\2020\05\MARS_20200526_143219.wav,false,
\\atlas.shore.mbari.org\PAM_Archive\2020\05\MARS_20200526_144219.wav,false,
\\atlas.shore.mbari.org\PAM_Archive\2020\05\MARS_20200526_145219.wav,false,
\\atlas.shore.mbari.org\PAM_Archive\2020\05\MARS_20200526_150219.wav,false,
\\atlas.shore.mbari.org\PAM_Archive\2020\05\MARS_20200526_151219.wav,false,
\\atlas.shore.mbari.org\PAM_Archive\2020\05\MARS_20200526_152219.wav,false,
\\atlas.shore.mbari.org\PAM_Archive\2020\05\MARS_20200526_153219.wav,false,
\\atlas.shore.mbari.org\PAM_Archive\2020\05\MARS_20200526_154219.wav,false,
\\atlas.shore.mbari.org\PAM_Archive\2020\05\MARS_20200526_155219.wav,false,
\\atlas.shore.mbari.org\PAM_Archive\2020\05\MARS_20200526_160219.wav,false,
\\atlas.shore.mbari.org\PAM_Archive\2020\05\MARS_20200526_161219.wav,false,
\\atlas.shore.mbari.org\PAM_Archive\2020\05\MARS_20200526_162219.wav,false,
\\atlas.shore.mbari.org\PAM_Archive\2020\05\MARS_20200526_163219.wav,false,
\\atlas.shore.mbari.org\PAM_Archive\2020\05\MARS_20200526_164219.wav,false,
\\atlas.shore.mbari.org\PAM_Archive\2020\05\MARS_20200526_165219.wav,false,
\\atlas.shore.mbari.org\PAM_Archive\2020\05\MARS_20200526_170219.wav,false,
\\atlas.shore.mbari.org\PAM_Archive\2020\05\MARS_20200526_171219.wav,false,
\\atlas.shore.mbari.org\PAM_Archive\2020\05\MARS_20200526_172219.wav,false,
\\atlas.shore.mbari.org\PAM_Archive\2020\05\MARS_20200526_173219.wav,false,
\\atlas.shore.mbari.org\PAM_Archive\2020\05\MARS_20200526_174219.wav,false,
\\atlas.shore.mbari.org\PAM_Archive\2020\05\MARS_20200526_175219.wav,false,
\\atlas.shore.mbari.org\PAM_Archive\2020\05\MARS_20200526_180219.wav,false,
\\atlas.shore.mbari.org\PAM_Archive\2020\05\MARS_20200526_181219.wav,false,
\\atlas.shore.mbari.org\PAM_Archive\2020\05\MARS_20200526_182219.wav,false,
\\atlas.shore.mbari.org\PAM_Archive\2020\05\MARS_20200526_183219.wav,false,
\\atlas.shore.mbari.org\PAM_Archive\2020\05\MARS_20200526_184219.wav,false,
\\atlas.shore.mbari.org\PAM_Archive\2020\05\MARS_20200526_185219.wav,false,
\\atlas.shore.mbari.org\PAM_Archive\2020\05\MARS_20200526_190219.wav,false,
\\atlas.shore.mbari.org\PAM_Archive\2020\05\MARS_20200526_191219.wav,false,
\\atlas.shore.mbari.org\PAM_Archive\2020\05\MARS_20200526_192219.wav,false,
\\atlas.shore.mbari.org\PAM_Archive\2020\05\MARS_20200526_193219.wav,false,
\\atlas.shore.mbari.org\PAM_Archive\2020\05\MARS_20200526_194219.wav,false,
\\atlas.shore.mbari.org\PAM_Archive\2020\05\MARS_20200526_195219.wav,false,
\\atlas.shore.mbari.org\PAM_Archive\2020\05\MARS_20200526_200219.wav,false,
\\atlas.shore.mbari.org\PAM_Archive\2020\05\MARS_20200526_201219.wav,false,
\\atlas.shore.mbari.org\PAM_Archive\2020\05\MARS_20200526_202219.wav,false,
\\atlas.shore.mbari.org\PAM_Archive\2020\05\MARS_20200526_203219.wav,false,
\\atlas.shore.mbari.org\PAM_Archive\2020\05\MARS_20200526_204219.wav,false,
\\atlas.shore.mbari.org\PAM_Archive\2020\05\MARS_20200526_205219.wav,false,
\\atlas.shore.mbari.org\PAM_Archive\2020\05\MARS_20200526_210219.wav,false,
\\atlas.shore.mbari.org\PAM_Archive\2020\05\MARS_20200526_211219.wav,false,
\\atlas.shore.mbari.org\PAM_Archive\2020\05\MARS_20200526_212219.wav,false,
\\atlas.shore.mbari.org\PAM_Archive\2020\05\MARS_20200526_213219.wav,false,
\\atlas.shore.mbari.org\PAM_Archive\2020\05\MARS_20200526_214219.wav,false,
\\atlas.shore.mbari.org\PAM_Archive\2020\05\MARS_20200526_215219.wav,false,
\\atlas.shore.mbari.org\PAM_Archive\2020\05\MARS_20200526_220219.wav,false,
\\atlas.shore.mbari.org\PAM_Archive\2020\05\MARS_20200526_221219.wav,false,
\\atlas.shore.mbari.org\PAM_Archive\2020\05\MARS_20200526_222219.wav,false,
\\atlas.shore.mbari.org\PAM_Archive\2020\05\MARS_20200526_223219.wav,false,
\\atlas.shore.mbari.org\PAM_Archive\2020\05\MARS_20200526_224219.wav,false,
\\atlas.shore.mbari.org\PAM_Archive\2020\05\MARS_20200526_225219.wav,false,
\\atlas.shore.mbari.org\PAM_Archive\2020\05\MARS_20200526_230219.wav,false,
\\atlas.shore.mbari.org\PAM_Archive\2020\05\MARS_20200526_231219.wav,false,
\\atlas.shore.mbari.org\PAM_Archive\2020\05\MARS_20200526_232219.wav,false,
\\atlas.shore.mbari.org\PAM_Archive\2020\05\MARS_20200526_233219.wav,false,
\\atlas.shore.mbari.org\PAM_Archive\2020\05\MARS_20200526_234219.wav,false,
\\atlas.shore.mbari.org\PAM_Archive\2020\05\MARS_20200526_235219.wav,false,
\\atlas.shore.mbari.org\PAM_Archive\2020\05\MARS_20200527_000219.wav,false,
\\atlas.shore.mbari.org\PAM_Archive\2020\05\MARS_20200527_001219.wav,false,
\\atlas.shore.mbari.org\PAM_Archive\2020\05\MARS_20200527_002219.wav,false,
\\atlas.shore.mbari.org\PAM_Archive\2020\05\MARS_20200527_003219.wav,false,
\\atlas.shore.mbari.org\PAM_Archive\2020\05\MARS_20200527_004219.wav,false,
\\atlas.shore.mbari.org\PAM_Archive\2020\05\MARS_20200527_005219.wav,false,
\\atlas.shore.mbari.org\PAM_Archive\2020\05\MARS_20200527_010219.wav,false,
\\atlas.shore.mbari.org\PAM_Archive\2020\05\MARS_20200527_011219.wav,false,
\\atlas.shore.mbari.org\PAM_Archive\2020\05\MARS_20200527_012219.wav,false,
\\atlas.shore.mbari.org\PAM_Archive\2020\05\MARS_20200527_013219.wav,false,
\\atlas.shore.mbari.org\PAM_Archive\2020\05\MARS_20200527_014219.wav,false,
\\atlas.shore.mbari.org\PAM_Archive\2020\05\MARS_20200527_015219.wav,false,
\\atlas.shore.mbari.org\PAM_Archive\2020\05\MARS_20200527_020219.wav,false,
\\atlas.shore.mbari.org\PAM_Archive\2020\05\MARS_20200527_021219.wav,false,
\\atlas.shore.mbari.org\PAM_Archive\2020\05\MARS_20200527_022219.wav,false,
\\atlas.shore.mbari.org\PAM_Archive\2020\05\MARS_20200527_023219.wav,false,
\\atlas.shore.mbari.org\PAM_Archive\2020\05\MARS_20200527_024219.wav,false,
\\atlas.shore.mbari.org\PAM_Archive\2020\05\MARS_20200527_025219.wav,false,
\\atlas.shore.mbari.org\PAM_Archive\2020\05\MARS_20200527_030219.wav,false,
\\atlas.shore.mbari.org\PAM_Archive\2020\05\MARS_20200527_031219.wav,false,
\\atlas.shore.mbari.org\PAM_Archive\2020\05\MARS_20200527_032219.wav,false,
\\atlas.shore.mbari.org\PAM_Archive\2020\05\MARS_20200527_033219.wav,false,
\\atlas.shore.mbari.org\PAM_Archive\2020\05\MARS_20200527_034219.wav,false,
\\atlas.shore.mbari.org\PAM_Archive\2020\05\MARS_20200527_035219.wav,false,
\\atlas.shore.mbari.org\PAM_Archive\2020\05\MARS_20200527_040219.wav,false,
\\atlas.shore.mbari.org\PAM_Archive\2020\05\MARS_20200527_041219.wav,false,
\\atlas.shore.mbari.org\PAM_Archive\2020\05\MARS_20200527_042219.wav,false,
\\atlas.shore.mbari.org\PAM_Archive\2020\05\MARS_20200527_043219.wav,false,
\\atlas.shore.mbari.org\PAM_Archive\2020\05\MARS_20200527_044219.wav,false,
\\atlas.shore.mbari.org\PAM_Archive\2020\05\MARS_20200527_045219.wav,false,
\\atlas.shore.mbari.org\PAM_Archive\2020\05\MARS_20200527_050219.wav,false,
\\atlas.shore.mbari.org\PAM_Archive\2020\05\MARS_20200527_051219.wav,false,
\\atlas.shore.mbari.org\PAM_Archive\2020\05\MARS_20200527_052219.wav,false,
\\atlas.shore.mbari.org\PAM_Archive\2020\05\MARS_20200527_053219.wav,false,
\\atlas.shore.mbari.org\PAM_Archive\2020\05\MARS_20200527_054219.wav,false,
\\atlas.shore.mbari.org\PAM_Archive\2020\05\MARS_20200527_055219.wav,false,
\\atlas.shore.mbari.org\PAM_Archive\2020\05\MARS_20200527_060219.wav,false,
\\atlas.shore.mbari.org\PAM_Archive\2020\05\MARS_20200527_061219.wav,false,
\\atlas.shore.mbari.org\PAM_Archive\2020\05\MARS_20200527_062219.wav,false,
\\atlas.shore.mbari.org\PAM_Archive\2020\05\MARS_20200527_063219.wav,false,
\\atlas.shore.mbari.org\PAM_Archive\2020\05\MARS_20200527_064219.wav,false,
\\atlas.shore.mbari.org\PAM_Archive\2020\05\MARS_20200527_065219.wav,false,
\\atlas.shore.mbari.org\PAM_Archive\2020\05\MARS_20200527_070219.wav,false,
\\atlas.shore.mbari.org\PAM_Archive\2020\05\MARS_20200527_071219.wav,false,
\\atlas.shore.mbari.org\PAM_Archive\2020\05\MARS_20200527_072219.wav,false,
\\atlas.shore.mbari.org\PAM_Archive\2020\05\MARS_20200527_073219.wav,false,
\\atlas.shore.mbari.org\PAM_Archive\2020\05\MARS_20200527_074219.wav,false,
\\atlas.shore.mbari.org\PAM_Archive\2020\05\MARS_20200527_075219.wav,false,
\\atlas.shore.mbari.org\PAM_Archive\2020\05\MARS_20200527_080219.wav,false,
\\atlas.shore.mbari.org\PAM_Archive\2020\05\MARS_20200527_081219.wav,false,
\\atlas.shore.mbari.org\PAM_Archive\2020\05\MARS_20200527_082219.wav,false,
\\atlas.shore.mbari.org\PAM_Archive\2020\05\MARS_20200527_083219.wav,false,
\\atlas.shore.mbari.org\PAM_Archive\2020\05\MARS_20200527_084219.wav,false,
\\atlas.shore.mbari.org\PAM_Archive\2020\05\MARS_20200527_085219.wav,false,
\\atlas.shore.mbari.org\PAM_Archive\2020\05\MARS_20200527_090219.wav,false,
\\atlas.shore.mbari.org\PAM_Archive\2020\05\MARS_20200527_091219.wav,false,
\\atlas.shore.mbari.org\PAM_Archive\2020\05\MARS_20200527_092219.wav,false,
\\atlas.shore.mbari.org\PAM_Archive\2020\05\MARS_20200527_093219.wav,false,
\\atlas.shore.mbari.org\PAM_Archive\2020\05\MARS_20200527_094219.wav,false,
\\atlas.shore.mbari.org\PAM_Archive\2020\05\MARS_20200527_095219.wav,false,
\\atlas.shore.mbari.org\PAM_Archive\2020\05\MARS_20200527_100219.wav,false,
\\atlas.shore.mbari.org\PAM_Archive\2020\05\MARS_20200527_101219.wav,false,
\\atlas.shore.mbari.org\PAM_Archive\2020\05\MARS_20200527_102219.wav,false,
\\atlas.shore.mbari.org\PAM_Archive\2020\05\MARS_20200527_103219.wav,false,
\\atlas.shore.mbari.org\PAM_Archive\2020\05\MARS_20200527_104219.wav,false,
\\atlas.shore.mbari.org\PAM_Archive\2020\05\MARS_20200527_105219.wav,false,
\\atlas.shore.mbari.org\PAM_Archive\2020\05\MARS_20200527_110219.wav,false,
\\atlas.shore.mbari.org\PAM_Archive\2020\05\MARS_20200527_111219.wav,false,
\\atlas.shore.mbari.org\PAM_Archive\2020\05\MARS_20200527_112219.wav,false,
\\atlas.shore.mbari.org\PAM_Archive\2020\05\MARS_20200527_113219.wav,false,
\\atlas.shore.mbari.org\PAM_Archive\2020\05\MARS_20200527_114219.wav,false,
\\atlas.shore.mbari.org\PAM_Archive\2020\05\MARS_20200527_115219.wav,false,
\\atlas.shore.mbari.org\PAM_Archive\2020\05\MARS_20200527_120219.wav,false,
\\atlas.shore.mbari.org\PAM_Archive\2020\05\MARS_20200527_121219.wav,false,
\\atlas.shore.mbari.org\PAM_Archive\2020\05\MARS_20200527_122219.wav,false,
\\atlas.shore.mbari.org\PAM_Archive\2020\05\MARS_20200527_123219.wav,false,
\\atlas.shore.mbari.org\PAM_Archive\2020\05\MARS_20200527_124219.wav,false,
\\atlas.shore.mbari.org\PAM_Archive\2020\05\MARS_20200527_125219.wav,false,
\\atlas.shore.mbari.org\PAM_Archive\2020\05\MARS_20200527_130219.wav,false,
\\atlas.shore.mbari.org\PAM_Archive\2020\05\MARS_20200527_131219.wav,false,
\\atlas.shore.mbari.org\PAM_Archive\2020\05\MARS_20200527_132219.wav,false,
\\atlas.shore.mbari.org\PAM_Archive\2020\05\MARS_20200527_133219.wav,false,
\\atlas.shore.mbari.org\PAM_Archive\2020\05\MARS_20200527_134219.wav,false,
\\atlas.shore.mbari.org\PAM_Archive\2020\05\MARS_20200527_135219.wav,false,
\\atlas.shore.mbari.org\PAM_Archive\2020\05\MARS_20200527_140219.wav,false,
\\atlas.shore.mbari.org\PAM_Archive\2020\05\MARS_20200527_141219.wav,false,
\\atlas.shore.mbari.org\PAM_Archive\2020\05\MARS_20200527_142219.wav,false,
\\atlas.shore.mbari.org\PAM_Archive\2020\05\MARS_20200527_143219.wav,false,
\\atlas.shore.mbari.org\PAM_Archive\2020\05\MARS_20200527_144219.wav,false,
\\atlas.shore.mbari.org\PAM_Archive\2020\05\MARS_20200527_145219.wav,false,
\\atlas.shore.mbari.org\PAM_Archive\2020\05\MARS_20200527_150219.wav,false,
